{
    "id": "bundle--67950e06-7237-4094-9b14-79b671f7f957",
    "objects": [
        {
            "created": "2014-06-23T00:00:00.000Z",
            "created_by_ref": "identity--e50ab59c-5c4f-4d40-bf6a-d58418d89bcd",
            "description": "An attacker with access to system components during allocated baseline development can substitute a maliciously altered hardware component for a baseline component in the during the product development and research phase. This can lead to adjustments and calibrations being made in the product, so that when the final product with the proper components is deployed, it will not perform as designed and be advantageous to the attacker.",
            "external_references": [
                {
                    "external_id": "CAPEC-516",
                    "source_name": "capec",
                    "url": "https://capec.mitre.org/data/definitions/516.html"
                },
                {
                    "description": "John F. Miller, Supply Chain Attack Framework and Attack Patterns, 2013, The MITRE Corporation",
                    "external_id": "REF-439",
                    "source_name": "reference_from_CAPEC",
                    "url": "http://www.mitre.org/sites/default/files/publications/supply-chain-attack-framework-14-0228.pdf"
                }
            ],
            "id": "attack-pattern--3129bca1-91e3-4ec0-a117-557c84d2a92c",
            "modified": "2021-06-24T00:00:00.000Z",
            "name": "Hardware Component Substitution During Baselining",
            "object_marking_refs": [
                "marking-definition--17d82bb2-eeeb-4898-bda5-3ddbcd2b799d"
            ],
            "type": "attack-pattern",
            "x_capec_abstraction": "Detailed",
            "x_capec_child_of_refs": [
                "attack-pattern--efb74200-657d-438c-aaff-bbd9644dd72d"
            ],
            "x_capec_example_instances": [
                "An attacker supplies the product development facility of a network security device with a hardware component that is used to simulate large volumes of network traffic. The device claims in logs, stats, and via the display panel to be pumping out very large quantities of network traffic, when it is in fact putting out very low volumes. The developed product is adjusted and configured to handle the what it believes to be a heavy network load, but when deployed at the victim site the large volumes of network traffic are dropped instead of being processed by the network security device. This allows the attacker an advantage when attacking the victim in that the attacker's presence may not be detected by the device."
            ],
            "x_capec_likelihood_of_attack": "Low",
            "x_capec_prerequisites": [
                "The attacker will need either physical access or be able to supply malicious hardware components to the product development facility."
            ],
            "x_capec_skills_required": {
                "High": "Resources to physically infiltrate supplier.",
                "Medium": "Intelligence data on victim's purchasing habits."
            },
            "x_capec_status": "Draft",
            "x_capec_typical_severity": "High",
            "x_capec_version": "3.6"
        }
    ],
    "spec_version": "2.0",
    "type": "bundle"
}