{
    "id": "bundle--b05dc8e2-62fb-4b74-861a-8256036458dd",
    "objects": [
        {
            "created": "2014-06-23T00:00:00.000Z",
            "created_by_ref": "identity--e50ab59c-5c4f-4d40-bf6a-d58418d89bcd",
            "description": "This type of attack exploits a buffer overflow vulnerability in targeted client software through injection of malicious content from a custom-built hostile service. This hostile service is created to deliver the correct content to the client software. For example, if the client-side application is a browser, the service will host a webpage that the browser loads.",
            "external_references": [
                {
                    "external_id": "CAPEC-14",
                    "source_name": "capec",
                    "url": "https://capec.mitre.org/data/definitions/14.html"
                },
                {
                    "external_id": "CWE-120",
                    "source_name": "cwe",
                    "url": "http://cwe.mitre.org/data/definitions/120.html"
                },
                {
                    "external_id": "CWE-353",
                    "source_name": "cwe",
                    "url": "http://cwe.mitre.org/data/definitions/353.html"
                },
                {
                    "external_id": "CWE-118",
                    "source_name": "cwe",
                    "url": "http://cwe.mitre.org/data/definitions/118.html"
                },
                {
                    "external_id": "CWE-119",
                    "source_name": "cwe",
                    "url": "http://cwe.mitre.org/data/definitions/119.html"
                },
                {
                    "external_id": "CWE-74",
                    "source_name": "cwe",
                    "url": "http://cwe.mitre.org/data/definitions/74.html"
                },
                {
                    "external_id": "CWE-20",
                    "source_name": "cwe",
                    "url": "http://cwe.mitre.org/data/definitions/20.html"
                },
                {
                    "external_id": "CWE-680",
                    "source_name": "cwe",
                    "url": "http://cwe.mitre.org/data/definitions/680.html"
                },
                {
                    "external_id": "CWE-697",
                    "source_name": "cwe",
                    "url": "http://cwe.mitre.org/data/definitions/697.html"
                },
                {
                    "description": "G. Hoglund, G. McGraw, Exploiting Software: How to Break Code, 2004--02, Addison-Wesley",
                    "external_id": "REF-1",
                    "source_name": "reference_from_CAPEC"
                }
            ],
            "id": "attack-pattern--c4a0c765-e4ca-43c2-996e-08ce13ae8f80",
            "modified": "2021-10-21T00:00:00.000Z",
            "name": "Client-side Injection-induced Buffer Overflow",
            "object_marking_refs": [
                "marking-definition--17d82bb2-eeeb-4898-bda5-3ddbcd2b799d"
            ],
            "type": "attack-pattern",
            "x_capec_abstraction": "Detailed",
            "x_capec_can_follow_refs": [
                "attack-pattern--f190e1b3-e8d6-4aef-817c-b3e7782e2aed"
            ],
            "x_capec_child_of_refs": [
                "attack-pattern--77e51461-7843-411c-a90e-852498957f76"
            ],
            "x_capec_consequences": {
                "Availability": [
                    "Resource Consumption (Denial of Service)",
                    "Execute Unauthorized Commands (Run Arbitrary Code)"
                ],
                "Confidentiality": [
                    "Read Data",
                    "Execute Unauthorized Commands (Run Arbitrary Code)"
                ],
                "Integrity": [
                    "Modify Data",
                    "Execute Unauthorized Commands (Run Arbitrary Code)"
                ]
            },
            "x_capec_example_instances": [
                "\n               <xhtml:div style=\"color:#32498D; font-weight:bold;\">Attack Example: Buffer Overflow in Internet Explorer 4.0 Via EMBED Tag</xhtml:div>\n               <xhtml:p>Authors often use <EMBED> tags in HTML documents. For example</xhtml:p>\n               <xhtml:div style=\"margin-left:10px;\" class=\"informative\"><EMBED TYPE=\"audio/midi\" SRC=\"/path/file.mid\" AUTOSTART=\"true\"></xhtml:div>\n               <xhtml:p>If an attacker supplies an overly long path in the SRC= directive, the mshtml.dll component will suffer a buffer overflow. This is a standard example of content in a Web page being directed to exploit a faulty module in the system. There are potentially thousands of different ways data can propagate into a given system, thus these kinds of attacks will continue to be found in the wild.</xhtml:p>\n            "
            ],
            "x_capec_execution_flow": "<h2> Execution Flow </h2><div><h3>Explore</h3><ol><li> <p> <b>Identify target client-side application: </b>The adversary identifies a target client-side application to perform the buffer overflow on. The most common are browsers. If there is a known browser vulnerability an adversary could target that.</p></li></ol></div><div><h3>Experiment</h3><ol><li> <p> <b>Find injection vector: </b>The adversary identifies an injection vector to deliver the excessive content to the targeted application's buffer.</p></li><table><tbody><tr><th>Techniques</th></tr><tr><td>Many times client side applications will be open source, so an adversary can examine the source code to identify possible injection vectors.</td></tr><tr><td>Examine APIs of the client-side application and look for areas where a buffer overflow might be possible.</td></tr></tbody></table><li> <p> <b>Create hostile service: </b>The adversary creates a hostile service that will deliver content to the client-side application. If the intent is to simply cause the software to crash, the content need only consist of an excessive quantity of random data. If the intent is to leverage the overflow for execution of arbitrary code, the adversary crafts the payload in such a way that the overwritten return address is replaced with one of the adversary's choosing.</p></li><table><tbody><tr><th>Techniques</th></tr><tr><td>If the client-side application is a browser, the adversary will create a service that delivers a malicious webpage to the browser.</td></tr><tr><td>Create malicious shellcode that will execute when the program execution is returned to it.</td></tr><tr><td>Use a NOP-sled in the overflow content to more easily \"slide\" into the malicious code. This is done so that the exact return address need not be correct, only in the range of all of the NOPs</td></tr></tbody></table></ol></div><div><h3>Exploit</h3><ol><li> <p> <b>Overflow the buffer: </b>Using the injection vector, the adversary delivers the content to the client-side application using the hostile service and overflows the buffer.</p></li><table><tbody><tr><th>Techniques</th></tr><tr><td>If the adversary is targeting a local client-side application, they just need to use the service themselves.</td></tr><tr><td>If the adversary is attempting to cause an overflow on an external user's client-side application, they must get the user to attach to their service by some other means. This could be getting a user to visit their hostile webpage to target a user's browser.</td></tr></tbody></table></ol></div>",
            "x_capec_likelihood_of_attack": "Medium",
            "x_capec_prerequisites": [
                "The targeted client software communicates with an external server.",
                "The targeted client software has a buffer overflow vulnerability."
            ],
            "x_capec_skills_required": {
                "High": "Exploiting a buffer overflow to inject malicious code into the stack of a software system or even the heap requires a more in-depth knowledge and higher skill level.",
                "Low": "To achieve a denial of service, an attacker can simply overflow a buffer by inserting a long string into an attacker-modifiable injection vector."
            },
            "x_capec_status": "Draft",
            "x_capec_typical_severity": "High",
            "x_capec_version": "3.6"
        }
    ],
    "spec_version": "2.0",
    "type": "bundle"
}