{
    "id": "bundle--4792aad6-e031-4691-bf64-35e180b8321e",
    "objects": [
        {
            "created": "2014-06-23T00:00:00.000Z",
            "created_by_ref": "identity--e50ab59c-5c4f-4d40-bf6a-d58418d89bcd",
            "description": "An adversary exploits well-known locations for resources for the purposes of undermining the security of the target. In many, if not most systems, files and resources are organized in a default tree structure. This can be useful for adversaries because they often know where to look for resources or files that are necessary for attacks. Even when the precise location of a targeted resource may not be known, naming conventions may indicate a small area of the target machine's file tree where the resources are typically located. For example, configuration files are normally stored in the /etc director on Unix systems. Adversaries can take advantage of this to commit other types of attacks.",
            "external_references": [
                {
                    "external_id": "CAPEC-150",
                    "source_name": "capec",
                    "url": "https://capec.mitre.org/data/definitions/150.html"
                },
                {
                    "external_id": "CWE-552",
                    "source_name": "cwe",
                    "url": "http://cwe.mitre.org/data/definitions/552.html"
                },
                {
                    "external_id": "CWE-1239",
                    "source_name": "cwe",
                    "url": "http://cwe.mitre.org/data/definitions/1239.html"
                },
                {
                    "external_id": "CWE-1258",
                    "source_name": "cwe",
                    "url": "http://cwe.mitre.org/data/definitions/1258.html"
                },
                {
                    "external_id": "CWE-1266",
                    "source_name": "cwe",
                    "url": "http://cwe.mitre.org/data/definitions/1266.html"
                },
                {
                    "external_id": "CWE-1272",
                    "source_name": "cwe",
                    "url": "http://cwe.mitre.org/data/definitions/1272.html"
                },
                {
                    "external_id": "CWE-1323",
                    "source_name": "cwe",
                    "url": "http://cwe.mitre.org/data/definitions/1323.html"
                },
                {
                    "external_id": "CWE-1324",
                    "source_name": "cwe",
                    "url": "http://cwe.mitre.org/data/definitions/1324.html"
                },
                {
                    "external_id": "CWE-1330",
                    "source_name": "cwe",
                    "url": "http://cwe.mitre.org/data/definitions/1330.html"
                },
                {
                    "description": "Automated Collection",
                    "external_id": "T1119",
                    "source_name": "ATTACK",
                    "url": "https://attack.mitre.org/wiki/Technique/T1119"
                }
            ],
            "id": "attack-pattern--797f4b4e-371a-4d06-9e98-5cccb8a7ebc1",
            "modified": "2021-06-24T00:00:00.000Z",
            "name": "Collect Data from Common Resource Locations",
            "object_marking_refs": [
                "marking-definition--17d82bb2-eeeb-4898-bda5-3ddbcd2b799d"
            ],
            "type": "attack-pattern",
            "x_capec_abstraction": "Standard",
            "x_capec_child_of_refs": [
                "attack-pattern--913426fa-ea1f-43b0-8492-1d363ea109d6"
            ],
            "x_capec_example_instances": [
                "An adversary can use a technique called Bluesnarfing to retrieve data from Bluetooth enabled devices in which they know where the data is located. This is done by connecting to the device’s Object Exchange (OBEX) Push Profile and making OBEX GET requests for known filenames (contact lists, photos, recent calls). Bluesnarfing was patched shortly after its discovery in 2003 and will only work on devices created before or during this time."
            ],
            "x_capec_parent_of_refs": [
                "attack-pattern--a20a3cc9-4a6a-4376-a2b4-777ee9df2a34",
                "attack-pattern--af65cbd9-cc10-4c4f-9cc3-843941cdf357",
                "attack-pattern--7fea6e82-183a-4811-9b71-1ebe4d6c8b11",
                "attack-pattern--756a1a93-3734-426c-9e91-f9339de74a7a",
                "attack-pattern--60ceb889-a284-44bb-ae05-4b7e347e1597",
                "attack-pattern--ad242ccf-3578-4787-937c-22eb0ede3fb6",
                "attack-pattern--140142cc-28cb-4506-bce6-b44128b7b9a7"
            ],
            "x_capec_prerequisites": [
                "The targeted applications must either expect files to be located at a specific location or, if the location of the files can be configured by the user, the user either failed to move the files from the default location or placed them in a conventional location for files of the given type."
            ],
            "x_capec_resources_required": [
                "None: No specialized resources are required to execute this type of attack. In some cases, the attacker need not even have direct access to the locations on the target computer where the targeted resources reside."
            ],
            "x_capec_status": "Draft",
            "x_capec_typical_severity": "Medium",
            "x_capec_version": "3.6"
        }
    ],
    "spec_version": "2.0",
    "type": "bundle"
}