{
    "id": "bundle--0b4a6da8-dca3-431c-8435-6641f8bd616d",
    "objects": [
        {
            "created": "2018-05-15T00:00:00.000Z",
            "created_by_ref": "identity--e50ab59c-5c4f-4d40-bf6a-d58418d89bcd",
            "description": "An adversary exploits a weakness in authorization to gather system-specific data and sensitive information within a registry (e.g., Windows Registry, Mac plist). These contain information about the system configuration, software, operating system, and security. The adversary can leverage information gathered in order to carry out further attacks.",
            "external_references": [
                {
                    "external_id": "CAPEC-647",
                    "source_name": "capec",
                    "url": "https://capec.mitre.org/data/definitions/647.html"
                },
                {
                    "external_id": "CWE-285",
                    "source_name": "cwe",
                    "url": "http://cwe.mitre.org/data/definitions/285.html"
                },
                {
                    "description": "Unsecured Credentials:Credentials in Registry",
                    "external_id": "T1552.002",
                    "source_name": "ATTACK",
                    "url": "https://attack.mitre.org/wiki/Technique/T1552/002"
                },
                {
                    "description": "Data from Local System",
                    "external_id": "T1005",
                    "source_name": "ATTACK",
                    "url": "https://attack.mitre.org/wiki/Technique/T1005"
                }
            ],
            "id": "attack-pattern--ad242ccf-3578-4787-937c-22eb0ede3fb6",
            "modified": "2021-10-21T00:00:00.000Z",
            "name": "Collect Data from Registries",
            "object_marking_refs": [
                "marking-definition--17d82bb2-eeeb-4898-bda5-3ddbcd2b799d"
            ],
            "type": "attack-pattern",
            "x_capec_abstraction": "Detailed",
            "x_capec_child_of_refs": [
                "attack-pattern--797f4b4e-371a-4d06-9e98-5cccb8a7ebc1"
            ],
            "x_capec_consequences": {
                "Confidentiality": [
                    "Read Data (The adversary is able to read sensitive information about the system in the registry.)"
                ]
            },
            "x_capec_execution_flow": "<h2> Execution Flow </h2><div><h3>Explore</h3><ol><li> <p> <b>Gain logical access to system: </b>An adversary must first gain logical access to the system it wants to gather registry information from,</p></li><table><tbody><tr><th>Techniques</th></tr><tr><td>Obtain user account credentials and access the system</td></tr><tr><td>Plant malware on the system that will give remote logical access to the adversary</td></tr></tbody></table></ol></div><div><h3>Experiment</h3><ol><li> <p> <b>Determine if the permissions are correct: </b>Once logical access is gained, an adversary will determine if they have the proper permissions, or are authorized, to view registry information. If they do not, they will need to escalate privileges on the system through other means</p></li><li> <p> <b>Peruse registry for information: </b>Once an adversary has access to a registry, they will gather all system-specific data and sensitive information that they deem useful.</p></li></ol></div><div><h3>Exploit</h3><ol><li> <p> <b>Follow-up attack: </b>Use any information or weaknesses found to carry out a follow-up attack</p></li></ol></div>",
            "x_capec_likelihood_of_attack": "Medium",
            "x_capec_prerequisites": [
                "The adversary must have obtained logical access to the system by some means (e.g., via obtained credentials or planting malware on the system).",
                "The adversary must have capability to navigate the operating system to peruse the registry."
            ],
            "x_capec_resources_required": [
                "None: No specialized resources are required to execute this type of attack."
            ],
            "x_capec_skills_required": {
                "Low": "Once the adversary has logical access (which can potentially require high knowledge and skill level), the adversary needs only the capability and facility to navigate the system through the OS graphical user interface or the command line."
            },
            "x_capec_status": "Draft",
            "x_capec_typical_severity": "Medium",
            "x_capec_version": "3.6"
        }
    ],
    "spec_version": "2.0",
    "type": "bundle"
}