{
    "id": "bundle--eff7bf9c-2313-494e-b53d-7d9e940b7f02",
    "objects": [
        {
            "created": "2015-11-09T00:00:00.000Z",
            "created_by_ref": "identity--e50ab59c-5c4f-4d40-bf6a-d58418d89bcd",
            "description": "An adversary registers a domain name with at least one character different than a trusted domain. A TypoSquatting attack takes advantage of instances where a user mistypes a URL (e.g. www.goggle.com) or not does visually verify a URL before clicking on it (e.g. phishing attack). As a result, the user is directed to an adversary-controlled destination. TypoSquatting does not require an attack against the trusted domain or complicated reverse engineering.",
            "external_references": [
                {
                    "external_id": "CAPEC-630",
                    "source_name": "capec",
                    "url": "https://capec.mitre.org/data/definitions/630.html"
                },
                {
                    "description": "Nick Nikiforakis, Marco Balduzzi, Lieven Desmet, Frank Piessens, Wouter Joosen, Soundsquatting: Uncovering the Use of Homophones in Domain Squatting, Trend Micro",
                    "external_id": "REF-491",
                    "source_name": "reference_from_CAPEC",
                    "url": "https://www.trendmicro.de/cloud-content/us/pdfs/security-intelligence/white-papers/wp-soundsquatting.pdf"
                }
            ],
            "id": "attack-pattern--b6f0fd7e-6068-4557-976c-fd34914b11bf",
            "modified": "2020-12-17T00:00:00.000Z",
            "name": "TypoSquatting",
            "object_marking_refs": [
                "marking-definition--17d82bb2-eeeb-4898-bda5-3ddbcd2b799d"
            ],
            "type": "attack-pattern",
            "x_capec_abstraction": "Detailed",
            "x_capec_can_follow_refs": [
                "attack-pattern--a00c2cc2-bd4f-4594-9ec1-b021b62ac896"
            ],
            "x_capec_can_precede_refs": [
                "attack-pattern--5dec633b-7b10-4bfe-9270-e68b98112285",
                "attack-pattern--0d249bf9-13b3-4c13-9423-bcb1ea73c067"
            ],
            "x_capec_child_of_refs": [
                "attack-pattern--e9d5d2e4-588f-43c1-bc98-73417abbb727"
            ],
            "x_capec_consequences": {
                "Other": [
                    "Other (Depending on the intention of the adversary, a successful TypoSquatting attack can be leveraged to execute more complex attacks such as cross-site scripting or stealing account credentials.)"
                ]
            },
            "x_capec_example_instances": [
                "\n               <xhtml:p>An adversary sends an email, impersonating paypal.com, to a user stating that they have just received a money transfer and to click the given link to obtain their money.</xhtml:p>\n               <xhtml:p>However, the link the in email is paypa1.com instead of paypal.com, which the user clicks without fully reading the link.</xhtml:p>\n               <xhtml:p>The user is directed to the adversary's website, which appears as if it is the legitimate paypal.com login page.</xhtml:p>\n               <xhtml:p>The user thinks they are logging into their account, but have actually just given their paypal credentials to the adversary. The adversary can now use the user's legitimate paypal credentials to log into the user's account and steal any money which may be in the account.</xhtml:p>\n               <xhtml:p>TypoSquatting vulnerability allows an adversary to impersonate a trusted domain and trick a user into visiting the malicious website to steal user credentials.</xhtml:p>\n            "
            ],
            "x_capec_execution_flow": "<h2> Execution Flow </h2><div><h3>Explore</h3><ol><li> <p> <b>Determine target website: </b>The adversary first determines which website to impersonate, generally one that is trusted and receives a consistent amount of traffic.</p></li><table><tbody><tr><th>Techniques</th></tr><tr><td>Research popular or high traffic websites.</td></tr></tbody></table></ol></div><div><h3>Experiment</h3><ol><li> <p> <b>Impersonate trusted domain: </b>In order to impersonate the trusted domain, the adversary needs to register the TypoSquatted URL.</p></li><table><tbody><tr><th>Techniques</th></tr><tr><td>Register the TypoSquatted domain.</td></tr></tbody></table></ol></div><div><h3>Exploit</h3><ol><li> <p> <b>Deceive user into visiting domain: </b>Finally, the adversary needs to deceive a user into visiting the TypoSquatted domain.</p></li><table><tbody><tr><th>Techniques</th></tr><tr><td>Execute a phishing attack and send a user an e-mail convincing the user to click on a link leading the user to the TypoSquatted domain.</td></tr><tr><td>Assume that a user will incorrectly type the legitimate URL, leading the user to the TypoSquatted domain.</td></tr></tbody></table></ol></div>",
            "x_capec_likelihood_of_attack": "Low",
            "x_capec_prerequisites": [
                "An adversary requires knowledge of popular or high traffic domains, that could be used to deceive potential targets."
            ],
            "x_capec_skills_required": {
                "Low": "Adversaries must be able to register DNS hostnames/URL’s."
            },
            "x_capec_status": "Draft",
            "x_capec_typical_severity": "Medium",
            "x_capec_version": "3.6"
        }
    ],
    "spec_version": "2.0",
    "type": "bundle"
}