{
    "id": "bundle--49b64ba7-3229-4afb-8887-5e7ad6a74049",
    "objects": [
        {
            "created": "2014-06-23T00:00:00.000Z",
            "created_by_ref": "identity--e50ab59c-5c4f-4d40-bf6a-d58418d89bcd",
            "description": "An adversary contaminates organizational information systems (including devices and networks) by causing them to handle information of a classification/sensitivity for which they have not been authorized. The information is exposed to individuals who are not authorized access to such information, and the information system, device, or network is unavailable while the spill is investigated and mitigated.",
            "external_references": [
                {
                    "external_id": "CAPEC-548",
                    "source_name": "capec",
                    "url": "https://capec.mitre.org/data/definitions/548.html"
                }
            ],
            "id": "attack-pattern--61546d1a-d720-4609-89ca-12039268d502",
            "modified": "2014-06-23T00:00:00.000Z",
            "name": "Contaminate Resource",
            "object_marking_refs": [
                "marking-definition--17d82bb2-eeeb-4898-bda5-3ddbcd2b799d"
            ],
            "type": "attack-pattern",
            "x_capec_abstraction": "Meta",
            "x_capec_status": "Draft",
            "x_capec_version": "3.6"
        }
    ],
    "spec_version": "2.0",
    "type": "bundle"
}