{
    "id": "bundle--fadf822e-2157-4a21-a5c4-5b387229f2e2",
    "objects": [
        {
            "created": "2014-06-23T00:00:00.000Z",
            "created_by_ref": "identity--e50ab59c-5c4f-4d40-bf6a-d58418d89bcd",
            "description": "This attack pattern has been deprecated as it is a duplicate of CAPEC-448 : Malware Infection into Product Software. Please refer to this other pattern going forward.",
            "external_references": [
                {
                    "external_id": "CAPEC-450",
                    "source_name": "capec",
                    "url": "https://capec.mitre.org/data/definitions/450.html"
                }
            ],
            "id": "attack-pattern--1c4b22ea-6dfc-4a95-917e-a7f11f3d34eb",
            "modified": "2017-05-01T00:00:00.000Z",
            "name": "DEPRECATED: Malware Propagation via USB U3 Autorun",
            "object_marking_refs": [
                "marking-definition--17d82bb2-eeeb-4898-bda5-3ddbcd2b799d"
            ],
            "type": "attack-pattern",
            "x_capec_abstraction": "Standard",
            "x_capec_status": "Deprecated",
            "x_capec_version": "3.6"
        }
    ],
    "spec_version": "2.0",
    "type": "bundle"
}