{
    "id": "bundle--763cbf0d-5089-4abd-8276-b8df9708d637",
    "objects": [
        {
            "created": "2014-06-23T00:00:00.000Z",
            "created_by_ref": "identity--e50ab59c-5c4f-4d40-bf6a-d58418d89bcd",
            "description": "An attack of this type exploits a programs' vulnerabilities that are brought on by allowing remote hosts to execute scripts. The adversary leverages this capability to execute their own script by embedding it within other scripts that the target software is likely to execute. The adversary must have the ability to inject their script into a script that is likely to be executed. If this is done, then the adversary can potentially launch a variety of probes and attacks against the web server's local environment, in many cases the so-called DMZ, back end resources the web server can communicate with, and other hosts. With the proliferation of intermediaries, such as Web App Firewalls, network devices, and even printers having JVMs and Web servers, there are many locales where an attacker can inject malicious scripts. Since this attack pattern defines scripts within scripts, there are likely privileges to execute said attack on the host. These attacks are not solely limited to the server side, client side scripts like Ajax and client side JavaScript can contain malicious scripts as well.",
            "external_references": [
                {
                    "external_id": "CAPEC-19",
                    "source_name": "capec",
                    "url": "https://capec.mitre.org/data/definitions/19.html"
                },
                {
                    "external_id": "CWE-284",
                    "source_name": "cwe",
                    "url": "http://cwe.mitre.org/data/definitions/284.html"
                },
                {
                    "description": "Event Triggered Execution:.bash_profile and .bashrc",
                    "external_id": "T1546.004",
                    "source_name": "ATTACK",
                    "url": "https://attack.mitre.org/wiki/Technique/T1546/004"
                }
            ],
            "id": "attack-pattern--634aeef0-13a8-449b-afea-332cbc6095bf",
            "modified": "2020-07-30T00:00:00.000Z",
            "name": "Embedding Scripts within Scripts",
            "object_marking_refs": [
                "marking-definition--17d82bb2-eeeb-4898-bda5-3ddbcd2b799d"
            ],
            "type": "attack-pattern",
            "x_capec_abstraction": "Standard",
            "x_capec_child_of_refs": [
                "attack-pattern--7f0f7de2-bf09-4f60-86bb-6933192b7128"
            ],
            "x_capec_consequences": {
                "Access_Control": [
                    "Gain Privileges"
                ],
                "Authorization": [
                    "Gain Privileges"
                ],
                "Availability": [
                    "Execute Unauthorized Commands (Run Arbitrary Code)"
                ],
                "Confidentiality": [
                    "Execute Unauthorized Commands (Run Arbitrary Code)",
                    "Gain Privileges"
                ],
                "Integrity": [
                    "Execute Unauthorized Commands (Run Arbitrary Code)"
                ]
            },
            "x_capec_example_instances": [
                "\n               <xhtml:p>Ajax applications enable rich functionality for browser based web applications. Applications like Google Maps deliver unprecedented ability to zoom in and out, scroll graphics, and change graphic presentation through Ajax. The security issues that an attacker may exploit in this instance are the relative lack of security features in JavaScript and the various browser's implementation of JavaScript, these security gaps are what XSS and a host of other client side vulnerabilities are based on. While Ajax may not open up new security holes, per se, due to the conversational aspects between client and server of Ajax communication, attacks can be optimized. A single zoom in or zoom out on a graphic in an Ajax application may round trip to the server dozens of times. One of the first steps many attackers take is frequently footprinting an environment, this can include scanning local addresses like 192.*.*.* IP addresses, checking local directories, files, and settings for known vulnerabilities, and so on.</xhtml:p>\n               <xhtml:div style=\"margin-left:10px;\" class=\"informative\"><IMG SRC=javascript:alert('XSS')></xhtml:div>\n               <xhtml:p>The XSS script that is embedded in a given IMG tag can be manipulated to probe a different address on every click of the mouse or other motions that the Ajax application is aware of.</xhtml:p>\n               <xhtml:p>In addition the enumerations allow for the attacker to nest sequential logic in the attacks. While Ajax applications do not open up brand new attack vectors, the existing attack vectors are more than adequate to execute attacks, and now these attacks can be optimized to sequentially execute and enumerate host environments.</xhtml:p>\n            ",
                "~/.bash_profile and ~/.bashrc are executed in a user's context when a new shell opens or when a user logs in so that their environment is set correctly. ~/.bash_profile is executed for login shells and ~/.bashrc is executed for interactive non-login shells. This means that when a user logs in (via username and password) to the console (either locally or remotely via something like SSH), ~/.bash_profile is executed before the initial command prompt is returned to the user. After that, every time a new shell is opened, ~/.bashrc is executed. This allows users more fine grained control over when they want certain commands executed. These files are meant to be written to by the local user to configure their own environment; however, adversaries can also insert code into these files to gain persistence each time a user logs in or opens a new shell."
            ],
            "x_capec_execution_flow": "<h2> Execution Flow </h2><div><h3>Explore</h3><ol><li> <p> <b>Spider: </b>Using a browser or an automated tool, an attacker records all entry points for inputs that happen to be reflected in a client-side script element. These script elements can be located in the HTML content (head, body, comments), in an HTML tag, XML, CSS, etc.</p></li><table><tbody><tr><th>Techniques</th></tr><tr><td>Use a spidering tool to follow and record all non-static links that are likely to have input parameters (through forms, URL, fragments, etc.) actively used by the Web application.</td></tr><tr><td>Use a proxy tool to record all links visited during a manual traversal of the web application.</td></tr><tr><td>Use a browser to manually explore the website and analyze how it is constructed. Many browsers' plugins are available to facilitate the analysis or automate the discovery.</td></tr></tbody></table></ol></div><div><h3>Experiment</h3><ol><li> <p> <b>Probe identified potential entry points for XSS vulnerability: </b>The attacker uses the entry points gathered in the \"Explore\" phase as a target list and injects various common script payloads to determine if an entry point actually represents a vulnerability and to characterize the extent to which the vulnerability can be exploited.</p></li><table><tbody><tr><th>Techniques</th></tr><tr><td>Manually inject various script payloads into each identified entry point using a list of common script injection probes that typically work in a client-side script elements context and observe system behavior to determine if script was executed.</td></tr><tr><td>Manually inject various script payloads into each identified entry point using a list of common script injection probes that typically work in a server-side script elements context and observe system behavior to determine if script was executed.</td></tr><tr><td>Use an automated injection attack tool to inject various script payloads into each identified entry point using a list of common script injection probes that typically work in a client-side script elements context and observe system behavior to determine if script was executed.</td></tr><tr><td>Use an automated injection attack tool to inject various script payloads into each identified entry point using a list of common script injection probes that typically work in a server-side script elements context and observe system behavior to determine if script was executed.</td></tr><tr><td>Use a proxy tool to record results of the created requests.</td></tr></tbody></table></ol></div><div><h3>Exploit</h3><ol><li> <p> <b>Steal session IDs, credentials, page content, etc.: </b>As the attacker succeeds in exploiting the vulnerability, they can choose to steal user's credentials in order to reuse or to analyze them later on.</p></li><table><tbody><tr><th>Techniques</th></tr><tr><td>Develop malicious JavaScript that is injected through vectors identified during the Experiment Phase and loaded by the victim's browser and sends document information to the attacker.</td></tr><tr><td>Develop malicious JavaScript that injected through vectors identified during the Experiment Phase and takes commands from an attacker's server and then causes the browser to execute appropriately.</td></tr></tbody></table><li> <p> <b>Forceful browsing: </b>When the attacker targets the current application or another one (through CSRF vulnerabilities), the user will then be the one who perform the attacks without being aware of it. These attacks are mostly targeting application logic flaws, but it can also be used to create a widespread attack against a particular website on the user's current network (Internet or not).</p></li><table><tbody><tr><th>Techniques</th></tr><tr><td>Develop malicious JavaScript that is injected through vectors identified during the Experiment Phase and loaded by the victim's browser and performs actions on the same web site</td></tr><tr><td>Develop malicious JavaScript that injected through vectors identified during the Experiment Phase and takes commands from an attacker's server and then causes the browser to execute request to other web sites (especially the web applications that have CSRF vulnerabilities).</td></tr></tbody></table><li> <p> <b>Content spoofing: </b>By manipulating the content, the attacker targets the information that the user would like to get from the website.</p></li><table><tbody><tr><th>Techniques</th></tr><tr><td>Develop malicious JavaScript that is injected through vectors identified during the Experiment Phase and loaded by the victim's browser and exposes attacker-modified invalid information to the user on the current web page.</td></tr></tbody></table></ol></div>",
            "x_capec_likelihood_of_attack": "High",
            "x_capec_prerequisites": [
                "Target software must be able to execute scripts, and also grant the adversary privilege to write/upload scripts."
            ],
            "x_capec_skills_required": {
                "Low": "To load malicious script into open, e.g. world writable directory",
                "Medium": "Executing remote scripts on host and collecting output"
            },
            "x_capec_status": "Stable",
            "x_capec_typical_severity": "High",
            "x_capec_version": "3.6"
        }
    ],
    "spec_version": "2.0",
    "type": "bundle"
}