{
    "id": "bundle--91be08fe-cd40-436e-8562-2676a316a9e5",
    "objects": [
        {
            "created": "2017-04-15T00:00:00.000Z",
            "created_by_ref": "identity--e50ab59c-5c4f-4d40-bf6a-d58418d89bcd",
            "description": "This type of attack is a form of Cross-site Scripting (XSS) where a malicious script is persistenly \"stored\" within the data storage of a vulnerable web application. Initially presented by an adversary to the vulnerable web application, the malicious script is incorrectly considered valid input and is not properly encoded by the web application. A victim is then convinced to use the web application in a way that creates a response that includes the malicious script. This response is subsequently sent to the victim and the malicious script is executed by the victim's browser. To launch a successful Stored XSS attack, an adversary looks for places where stored input data is used in the generation of a response. This often involves elements that are not expected to host scripts such as image tags (<img>), or the addition of event attibutes such as onload and onmouseover. These elements are often not subject to the same input validation, output encoding, and other content filtering and checking routines.",
            "external_references": [
                {
                    "external_id": "CAPEC-592",
                    "source_name": "capec",
                    "url": "https://capec.mitre.org/data/definitions/592.html"
                },
                {
                    "external_id": "CWE-79",
                    "source_name": "cwe",
                    "url": "http://cwe.mitre.org/data/definitions/79.html"
                },
                {
                    "description": "OWASP Web Security Testing Guide, The Open Web Application Security Project (OWASP)",
                    "external_id": "REF-605",
                    "source_name": "reference_from_CAPEC",
                    "url": "https://owasp.org/www-project-web-security-testing-guide/latest/4-Web_Application_Security_Testing/07-Input_Validation_Testing/02-Testing_for_Stored_Cross_Site_Scripting.html"
                }
            ],
            "id": "attack-pattern--800f8095-99b6-4bb9-8bc6-8b9727201a2f",
            "modified": "2020-12-17T00:00:00.000Z",
            "name": "Stored XSS",
            "object_marking_refs": [
                "marking-definition--17d82bb2-eeeb-4898-bda5-3ddbcd2b799d"
            ],
            "type": "attack-pattern",
            "x_capec_abstraction": "Detailed",
            "x_capec_can_follow_refs": [
                "attack-pattern--f156c3d0-eeb3-4e12-b075-8995c009de55",
                "attack-pattern--1dd1397d-816a-4093-86a6-cf28bb32e486"
            ],
            "x_capec_child_of_refs": [
                "attack-pattern--70b83583-ffe3-4e6d-b4a6-61a9b9efc346"
            ],
            "x_capec_consequences": {
                "Access_Control": [
                    "Gain Privileges (A successful Stored XSS attack can enable an adversary to elevate their privilege level and access functionality they should not otherwise be allowed to access.)"
                ],
                "Authorization": [
                    "Gain Privileges (A successful Stored XSS attack can enable an adversary to elevate their privilege level and access functionality they should not otherwise be allowed to access.)"
                ],
                "Availability": [
                    "Execute Unauthorized Commands (A successful Stored XSS attack can enable an adversary run arbitrary code of their choosing, thus enabling a complete compromise of the application.)"
                ],
                "Confidentiality": [
                    "Read Data (A successful Stored XSS attack can enable an adversary to exfiltrate sensitive information from the application.)",
                    "Gain Privileges (A successful Stored XSS attack can enable an adversary to elevate their privilege level and access functionality they should not otherwise be allowed to access.)",
                    "Execute Unauthorized Commands (A successful Stored XSS attack can enable an adversary run arbitrary code of their choosing, thus enabling a complete compromise of the application.)"
                ],
                "Integrity": [
                    "Execute Unauthorized Commands (A successful Stored XSS attack can enable an adversary run arbitrary code of their choosing, thus enabling a complete compromise of the application.)",
                    "Modify Data (A successful Stored XSS attack can allow an adversary to tamper with application data.)"
                ]
            },
            "x_capec_example_instances": [
                "An adversary determines that a system uses a web based interface for administration. The adversary creates a new user record and supplies a malicious script in the user name field. The user name field is not validated by the system and a new log entry is created detailing the creation of the new user. Later, an administrator reviews the log in the administrative console. When the administrator comes across the new user entry, the browser sees a script and executes it, stealing the administrator's authentication cookie and forwarding it to the adversary. An adversary then uses the received authentication cookie to log in to the system as an administrator, provided that the administrator console can be accessed remotely.",
                "An online discussion forum allows its members to post HTML-enabled messages, which can also include image tags. An adversary embeds JavaScript in the image tags of their message. The adversary then sends the victim an email advertising free goods and provides a link to the form for how to collect. When the victim visits the forum and reads the message, the malicious script is executed within the victim's browser."
            ],
            "x_capec_likelihood_of_attack": "High",
            "x_capec_parent_of_refs": [
                "attack-pattern--89697649-1004-4130-a9dd-72182e4c6206",
                "attack-pattern--0e2bf24b-2931-45aa-a0e9-22eccfb310b2",
                "attack-pattern--b703f007-6e24-4365-b5f7-c5d249253b33",
                "attack-pattern--b27e3b46-2838-4339-a570-006474c8c402",
                "attack-pattern--eade303a-1d70-4095-96da-5cf1d9f4333f",
                "attack-pattern--c77ec906-0371-482e-8b14-a4a41b6b5b74",
                "attack-pattern--66b042e0-f88f-4aa5-9d87-1e71a4b3dcd8",
                "attack-pattern--52b5f7dc-228b-44d5-865a-e4595b227ba2",
                "attack-pattern--28aff255-abc8-4392-872c-61f78d4fe55b",
                "attack-pattern--39322012-07ba-4bfc-bac7-10891614ee3e"
            ],
            "x_capec_prerequisites": [
                "An application that leverages a client-side web browser with scripting enabled.",
                "An application that fails to adequately sanitize or encode untrusted input.",
                "An application that stores information provided by the user in data storage of some kind."
            ],
            "x_capec_resources_required": [
                "None: No specialized resources are required to execute this type of attack."
            ],
            "x_capec_skills_required": {
                "Medium": "Requires the ability to write scripts of varying complexity and to inject them through user controlled fields within the application."
            },
            "x_capec_status": "Stable",
            "x_capec_typical_severity": "Very High",
            "x_capec_version": "3.6"
        }
    ],
    "spec_version": "2.0",
    "type": "bundle"
}