{
    "id": "bundle--6b771c31-0c4d-4c3f-9779-d70a7f12e971",
    "objects": [
        {
            "created": "2014-06-23T00:00:00.000Z",
            "created_by_ref": "identity--e50ab59c-5c4f-4d40-bf6a-d58418d89bcd",
            "description": "A pharming attack occurs when the victim is fooled into entering sensitive data into supposedly trusted locations, such as an online bank site or a trading platform. An attacker can impersonate these supposedly trusted sites and have the victim be directed to their site rather than the originally intended one. Pharming does not require script injection or clicking on malicious links for the attack to succeed.",
            "external_references": [
                {
                    "external_id": "CAPEC-89",
                    "source_name": "capec",
                    "url": "https://capec.mitre.org/data/definitions/89.html"
                },
                {
                    "external_id": "CWE-346",
                    "source_name": "cwe",
                    "url": "http://cwe.mitre.org/data/definitions/346.html"
                },
                {
                    "external_id": "CWE-350",
                    "source_name": "cwe",
                    "url": "http://cwe.mitre.org/data/definitions/350.html"
                }
            ],
            "id": "attack-pattern--5dec633b-7b10-4bfe-9270-e68b98112285",
            "modified": "2020-12-17T00:00:00.000Z",
            "name": "Pharming",
            "object_marking_refs": [
                "marking-definition--17d82bb2-eeeb-4898-bda5-3ddbcd2b799d"
            ],
            "type": "attack-pattern",
            "x_capec_abstraction": "Standard",
            "x_capec_can_follow_refs": [
                "attack-pattern--ee604341-eb03-4b00-8188-26d6e999d6dc",
                "attack-pattern--0d249bf9-13b3-4c13-9423-bcb1ea73c067",
                "attack-pattern--a69b641a-dff7-4dad-b9b1-e00f80b083a2",
                "attack-pattern--b6f0fd7e-6068-4557-976c-fd34914b11bf",
                "attack-pattern--a2cad567-3a04-4ef3-8b62-25924c93b53f",
                "attack-pattern--c4e18b3f-0445-49e8-9bf1-d47a23082501",
                "attack-pattern--a00c2cc2-bd4f-4594-9ec1-b021b62ac896"
            ],
            "x_capec_child_of_refs": [
                "attack-pattern--22802ed6-ddc6-4da7-b6be-60b10d26198b"
            ],
            "x_capec_consequences": {
                "Confidentiality": [
                    "Read Data"
                ]
            },
            "x_capec_example_instances": [
                "\n               <xhtml:p>An online bank website requires users to provide their customer ID and password to log on, but does not use a secure connection.</xhtml:p>\n               <xhtml:p>An attacker can setup a similar fake site and leverage pharming to collect this information from unknowing victims.</xhtml:p>\n            "
            ],
            "x_capec_execution_flow": "<h2> Execution Flow </h2><div><h3>Exploit</h3><ol><li> <p>Attacker sets up a system mocking the one trusted by the users. This is usually a website that requires or handles sensitive information.</p></li><li> <p>The attacker then poisons the resolver for the targeted site. This is achieved by poisoning the DNS server, or the local hosts file, that directs the user to the original website</p></li><li> <p>When the victim requests the URL for the site, the poisoned records direct the victim to the attackers' system rather than the original one.</p></li><li> <p>Because of the identical nature of the original site and the attacker controlled one, and the fact that the URL is still the original one, the victim trusts the website reached and the attacker can now \"farm\" sensitive information such as credentials or account numbers.</p></li></ol></div>",
            "x_capec_likelihood_of_attack": "High",
            "x_capec_prerequisites": [
                "Vulnerable DNS software or improperly protected hosts file or router that can be poisoned",
                "A website that handles sensitive information but does not use a secure connection and a certificate that is valid is also prone to pharming"
            ],
            "x_capec_resources_required": [
                "None: No specialized resources are required to execute this type of attack. Having knowledge of the way the target site has been structured, in order to create a fake version, is required. Poisoning the resolver requires knowledge of a vulnerability that can be exploited."
            ],
            "x_capec_skills_required": {
                "Medium": "The attacker needs to be able to poison the resolver - DNS entries or local hosts file or router entry pointing to a trusted DNS server - in order to successfully carry out a pharming attack. Setting up a fake website, identical to the targeted one, does not require special skills."
            },
            "x_capec_status": "Draft",
            "x_capec_typical_severity": "Very High",
            "x_capec_version": "3.6"
        }
    ],
    "spec_version": "2.0",
    "type": "bundle"
}