{
    "id": "bundle--51363503-e69e-4153-98f0-6631383b42f0",
    "objects": [
        {
            "created": "2017-01-12T00:00:00.000Z",
            "created_by_ref": "identity--e50ab59c-5c4f-4d40-bf6a-d58418d89bcd",
            "description": "An adversary intercepts traffic and intentionally drops DNS requests based on content in the request. In this way, the adversary can deny the availability of specific services or content to the user even if the IP address is changed.",
            "external_references": [
                {
                    "external_id": "CAPEC-589",
                    "source_name": "capec",
                    "url": "https://capec.mitre.org/data/definitions/589.html"
                },
                {
                    "external_id": "CWE-300",
                    "source_name": "cwe",
                    "url": "http://cwe.mitre.org/data/definitions/300.html"
                },
                {
                    "description": "Censorship in the Wild: Analyzing Internet Filtering in Syria, 2014, Sigcomm",
                    "external_id": "REF-473",
                    "source_name": "reference_from_CAPEC",
                    "url": "http://conferences2.sigcomm.org/imc/2014/papers/p285.pdf"
                }
            ],
            "id": "attack-pattern--5a002211-15f2-487f-8a5d-b09150ac1138",
            "modified": "2020-12-17T00:00:00.000Z",
            "name": "DNS Blocking",
            "object_marking_refs": [
                "marking-definition--17d82bb2-eeeb-4898-bda5-3ddbcd2b799d"
            ],
            "type": "attack-pattern",
            "x_capec_abstraction": "Detailed",
            "x_capec_child_of_refs": [
                "attack-pattern--ec0de204-6b66-4c4f-a401-21afa72f3941"
            ],
            "x_capec_consequences": {
                "Availability": [
                    "Other (Preventing DNS from resolving a request denies the availability of a target site or service for the user.)"
                ]
            },
            "x_capec_example_instances": [
                "\n               <xhtml:p>Full URL Based Filtering: Filtering based upon the requested URL.</xhtml:p>\n               <xhtml:p>URL String-based Filtering: Filtering based upon the use of particular strings included in the requested URL.</xhtml:p>\n            "
            ],
            "x_capec_prerequisites": [
                "This attack requires the ability to conduct deep packet inspection with an In-Path device that can drop the targeted traffic and/or connection."
            ],
            "x_capec_status": "Draft",
            "x_capec_version": "3.6"
        }
    ],
    "spec_version": "2.0",
    "type": "bundle"
}