{
    "id": "bundle--71880d66-3747-469b-9123-b0030a7593b0",
    "objects": [
        {
            "created": "2014-06-23T00:00:00.000Z",
            "created_by_ref": "identity--e50ab59c-5c4f-4d40-bf6a-d58418d89bcd",
            "description": "An attacker obtains an authoritative or reputable signer's private signature key by theft and then uses this key to forge signatures from the original signer to mislead a victim into performing actions that benefit the attacker.",
            "external_references": [
                {
                    "external_id": "CAPEC-474",
                    "source_name": "capec",
                    "url": "https://capec.mitre.org/data/definitions/474.html"
                },
                {
                    "external_id": "CWE-522",
                    "source_name": "cwe",
                    "url": "http://cwe.mitre.org/data/definitions/522.html"
                },
                {
                    "description": "Sigbjørn Vik, Security breach stopped, 2013--06---26, http://my.opera.com/securitygroup/blog/2013/06/26/opera-infrastructure-attack",
                    "external_id": "REF-411",
                    "source_name": "reference_from_CAPEC"
                },
                {
                    "description": "Patrick Morley, Bit9 and Our Customers’ Security, 2013--02---08, https://blog.bit9.com/2013/02/08/bit9-and-our-customers-security/",
                    "external_id": "REF-412",
                    "source_name": "reference_from_CAPEC"
                },
                {
                    "description": "Brad Arkin, Inappropriate Use of Adobe Code Signing Certificate, 2012--09---27, http://blogs.adobe.com/asset/2012/09/inappropriate-use-of-adobe-code-signing-certificate.html",
                    "external_id": "REF-413",
                    "source_name": "reference_from_CAPEC"
                }
            ],
            "id": "attack-pattern--a9d3765f-d7af-4ba2-9396-007d9942240f",
            "modified": "2020-12-17T00:00:00.000Z",
            "name": "Signature Spoofing by Key Theft",
            "object_marking_refs": [
                "marking-definition--17d82bb2-eeeb-4898-bda5-3ddbcd2b799d"
            ],
            "type": "attack-pattern",
            "x_capec_abstraction": "Detailed",
            "x_capec_child_of_refs": [
                "attack-pattern--d94762c1-3c78-47eb-8212-e0c770ba43a9"
            ],
            "x_capec_likelihood_of_attack": "Medium",
            "x_capec_prerequisites": [
                "An authoritative or reputable signer is storing their private signature key with insufficient protection."
            ],
            "x_capec_skills_required": {
                "High": "Ability to compromise systems containing sensitive data",
                "Low": "Knowledge of common location methods and access methods to sensitive data"
            },
            "x_capec_status": "Draft",
            "x_capec_typical_severity": "High",
            "x_capec_version": "3.6"
        }
    ],
    "spec_version": "2.0",
    "type": "bundle"
}