{
    "id": "bundle--e09e195f-9291-4608-a072-12eb34b3434e",
    "objects": [
        {
            "created": "2014-06-23T00:00:00.000Z",
            "created_by_ref": "identity--e50ab59c-5c4f-4d40-bf6a-d58418d89bcd",
            "description": "This attack pattern has been deprecated as it was determined to be an unnecessary layer of abstraction. Please refer to the meta level pattern CAPEC-169 : going forward, or to any of its children patterns.",
            "external_references": [
                {
                    "external_id": "CAPEC-289",
                    "source_name": "capec",
                    "url": "https://capec.mitre.org/data/definitions/289.html"
                }
            ],
            "id": "attack-pattern--b9aeae0c-5c4a-44f9-a43b-49e3b00b7e69",
            "modified": "2018-07-31T00:00:00.000Z",
            "name": "DEPRECATED: Infrastructure-based footprinting",
            "object_marking_refs": [
                "marking-definition--17d82bb2-eeeb-4898-bda5-3ddbcd2b799d"
            ],
            "type": "attack-pattern",
            "x_capec_abstraction": "Meta",
            "x_capec_status": "Deprecated",
            "x_capec_version": "3.6"
        }
    ],
    "spec_version": "2.0",
    "type": "bundle"
}