{
    "id": "bundle--19221d63-cdff-49d2-bf3e-4eaadd223fdd",
    "objects": [
        {
            "created": "2014-06-23T00:00:00.000Z",
            "created_by_ref": "identity--e50ab59c-5c4f-4d40-bf6a-d58418d89bcd",
            "description": "An attacker positions a symbolic link in such a manner that the targeted user or application accesses the link's endpoint, assuming that it is accessing a file with the link's name. The endpoint file may be either output or input. If the file is output, the result is that the endpoint is modified, instead of a file at the intended location. Modifications to the endpoint file may include appending, overwriting, corrupting, changing permissions, or other modifications. In some variants of this attack the attacker may be able to control the change to a file while in other cases they cannot. The former is especially damaging since the attacker may be able to grant themselves increased privileges or insert false information, but the latter can also be damaging as it can expose sensitive information or corrupt or destroy vital system or application files. Alternatively, the endpoint file may serve as input to the targeted application. This can be used to feed malformed input into the target or to cause the target to process different information, possibly allowing the attacker to control the actions of the target or to cause the target to expose information to the attacker. Moreover, the actions taken on the endpoint file are undertaken with the permissions of the targeted user or application, which may exceed the permissions that the attacker would normally have.",
            "external_references": [
                {
                    "external_id": "CAPEC-132",
                    "source_name": "capec",
                    "url": "https://capec.mitre.org/data/definitions/132.html"
                },
                {
                    "external_id": "CWE-59",
                    "source_name": "cwe",
                    "url": "http://cwe.mitre.org/data/definitions/59.html"
                },
                {
                    "description": "Boot or Logon Autostart Execution:Shortcut Modification",
                    "external_id": "T1547.009",
                    "source_name": "ATTACK",
                    "url": "https://attack.mitre.org/wiki/Technique/T1547/009"
                },
                {
                    "description": "Shaun Colley, Crafting Symlinks for Fun and Profit",
                    "external_id": "REF-13",
                    "source_name": "reference_from_CAPEC",
                    "url": "http://www.infosecwriters.com/texts.php?op=display&id=159"
                }
            ],
            "id": "attack-pattern--7cb5458d-b646-4a25-ad0a-4c3fabd70a65",
            "modified": "2020-07-30T00:00:00.000Z",
            "name": "Symlink Attack",
            "object_marking_refs": [
                "marking-definition--17d82bb2-eeeb-4898-bda5-3ddbcd2b799d"
            ],
            "type": "attack-pattern",
            "x_capec_abstraction": "Detailed",
            "x_capec_child_of_refs": [
                "attack-pattern--d16af13f-5e0f-4a6b-bc1f-23f733d2229b"
            ],
            "x_capec_consequences": {
                "Access_Control": [
                    "Bypass Protection Mechanism"
                ],
                "Accountability": [
                    "Gain Privileges"
                ],
                "Authentication": [
                    "Gain Privileges"
                ],
                "Authorization": [
                    "Execute Unauthorized Commands (Run Arbitrary Code)",
                    "Gain Privileges",
                    "Bypass Protection Mechanism"
                ],
                "Availability": [
                    "Unreliable Execution"
                ],
                "Confidentiality": [
                    "Other (Information Leakage)",
                    "Read Data"
                ],
                "Integrity": [
                    "Modify Data",
                    "Modify Data"
                ],
                "Non-Repudiation": [
                    "Gain Privileges"
                ]
            },
            "x_capec_example_instances": [
                "\n               <xhtml:p>The attacker creates a symlink with the \"same\" name as the file which the application is intending to write to. The application will write to the file- \"causing the data to be written where the symlink is pointing\". An attack like this can be demonstrated as follows:</xhtml:p>\n               <xhtml:div style=\"margin-left:10px;\" class=\"informative\">root# vulprog myFile<xhtml:div>\n                     <xhtml:i>{...program does some processing...]</xhtml:i>\n                  </xhtml:div>\n                  attacker# ln –s /etc/nologin myFile<xhtml:div>\n                     <xhtml:i>[...program writes to 'myFile', which points to /etc/nologin...]</xhtml:i>\n                  </xhtml:div>\n               </xhtml:div>\n               <xhtml:p>In the above example, the root user ran a program with poorly written file handling routines, providing the filename \"myFile\" to vulnprog for the relevant data to be written to. However, the attacker happened to be looking over the shoulder of \"root\" at the time, and created a link from myFile to /etc/nologin. The attack would make no user be able to login.</xhtml:p>\n            "
            ],
            "x_capec_execution_flow": "<h2> Execution Flow </h2><div><h3>Explore</h3><ol><li> <p> <b>Identify Target: </b>Attacker identifies the target application by determining whether there is sufficient check before writing data to a file and creating symlinks to files in different directories.</p></li><table><tbody><tr><th>Techniques</th></tr><tr><td>The attacker writes to files in different directories to check whether the application has sufficient checking before file operations.</td></tr><tr><td>The attacker creates symlinks to files in different directories.</td></tr></tbody></table></ol></div><div><h3>Experiment</h3><ol><li> <p> <b>Try to create symlinks to different files: </b>The attacker then uses a variety of techniques, such as monitoring or guessing to create symlinks to the files accessed by the target application in the directories which are identified in the explore phase.</p></li><table><tbody><tr><th>Techniques</th></tr><tr><td>The attacker monitors the file operations performed by the target application using a tool like dtrace or FileMon. And the attacker can delay the operations by using \"sleep(2)\" and \"usleep()\" to prepare the appropriate conditions for the attack, or make the application perform expansive tasks (large files parsing, etc.) depending on the purpose of the application.</td></tr><tr><td>The attacker may need a little guesswork on the filenames on which the target application would operate.</td></tr><tr><td>The attacker tries to create symlinks to the various filenames.</td></tr></tbody></table></ol></div><div><h3>Exploit</h3><ol><li> <p> <b>Target application operates on created symlinks to sensitive files: </b>The attacker is able to create symlinks to sensitive files while the target application is operating on the file.</p></li><table><tbody><tr><th>Techniques</th></tr><tr><td>Create the symlink to the sensitive file such as configuration files, etc.</td></tr></tbody></table></ol></div>",
            "x_capec_likelihood_of_attack": "Low",
            "x_capec_prerequisites": [
                "The targeted application must perform the desired activities on a file without checking whether the file is a symbolic link or not. The attacker must be able to predict the name of the file the target application is modifying and be able to create a new symbolic link where that file would appear."
            ],
            "x_capec_resources_required": [
                "None: No specialized resources are required to execute this type of attack. The only requirement is the ability to create the necessary symbolic link."
            ],
            "x_capec_skills_required": {
                "High": "To identify the files and create the symlinks during the file operation time window",
                "Low": "To create symlinks"
            },
            "x_capec_status": "Draft",
            "x_capec_typical_severity": "High",
            "x_capec_version": "3.6"
        }
    ],
    "spec_version": "2.0",
    "type": "bundle"
}