{
    "id": "bundle--3d6cb9dd-9902-450e-a27f-c4f3465db8e0",
    "objects": [
        {
            "created": "2014-06-23T00:00:00.000Z",
            "created_by_ref": "identity--e50ab59c-5c4f-4d40-bf6a-d58418d89bcd",
            "description": "This pattern has been deprecated as it was determined to be an unnecessary layer of abstraction. Please refer to the standard level patterns CAPEC-312 : Active OS Fingerprinting or CAPEC-313 : Passive OS Fingerprinting going forward, or to any of the detailed patterns that are children of them.",
            "external_references": [
                {
                    "external_id": "CAPEC-311",
                    "source_name": "capec",
                    "url": "https://capec.mitre.org/data/definitions/311.html"
                }
            ],
            "id": "attack-pattern--3e512a56-2597-4cbc-baee-198698b605d6",
            "modified": "2018-07-31T00:00:00.000Z",
            "name": "DEPRECATED: OS Fingerprinting",
            "object_marking_refs": [
                "marking-definition--17d82bb2-eeeb-4898-bda5-3ddbcd2b799d"
            ],
            "type": "attack-pattern",
            "x_capec_abstraction": "Standard",
            "x_capec_status": "Deprecated",
            "x_capec_version": "3.6"
        }
    ],
    "spec_version": "2.0",
    "type": "bundle"
}