{
    "id": "bundle--10938a67-0b70-4ec4-8126-65f83f859dfc",
    "objects": [
        {
            "created": "2014-06-23T00:00:00.000Z",
            "created_by_ref": "identity--e50ab59c-5c4f-4d40-bf6a-d58418d89bcd",
            "description": "This attack pattern has been deprecated as it was deemed not to be a legitimate attack pattern. Please refer to CAPEC-118 : Collect and Analyze Information.",
            "external_references": [
                {
                    "external_id": "CAPEC-404",
                    "source_name": "capec",
                    "url": "https://capec.mitre.org/data/definitions/404.html"
                },
                {
                    "description": "The Official Social Engineering Portal, Social-Engineer.org, Tick Tock Computers, LLC",
                    "external_id": "REF-348",
                    "source_name": "reference_from_CAPEC",
                    "url": "http://www.social-engineer.org"
                }
            ],
            "id": "attack-pattern--93f7216f-ddbe-4484-8fa6-87b680f16898",
            "modified": "2018-07-31T00:00:00.000Z",
            "name": "DEPRECATED: Social Information Gathering Attacks",
            "object_marking_refs": [
                "marking-definition--17d82bb2-eeeb-4898-bda5-3ddbcd2b799d"
            ],
            "type": "attack-pattern",
            "x_capec_abstraction": "Meta",
            "x_capec_status": "Deprecated",
            "x_capec_version": "3.6"
        }
    ],
    "spec_version": "2.0",
    "type": "bundle"
}