{
    "id": "bundle--dab431e5-93b4-4533-bc06-ae7eac3c651a",
    "objects": [
        {
            "created": "2014-06-23T00:00:00.000Z",
            "created_by_ref": "identity--e50ab59c-5c4f-4d40-bf6a-d58418d89bcd",
            "description": "The adversary shapes the target's actions or behavior by focusing on the ways human interact and learn, leveraging such elements as cognitive and social psychology. In a variety of ways, a target can be influenced to behave or perform an action through capitalizing on what scholarship and research has learned about how and why humans react to specific scenarios and cues.",
            "external_references": [
                {
                    "external_id": "CAPEC-427",
                    "source_name": "capec",
                    "url": "https://capec.mitre.org/data/definitions/427.html"
                },
                {
                    "description": "The Official Social Engineering Portal, Social-Engineer.org, Tick Tock Computers, LLC",
                    "external_id": "REF-348",
                    "source_name": "reference_from_CAPEC",
                    "url": "http://www.social-engineer.org"
                }
            ],
            "id": "attack-pattern--9e487767-c1e6-45f9-ae01-1fb1e2d6f030",
            "modified": "2017-08-04T00:00:00.000Z",
            "name": "Influence via Psychological Principles",
            "object_marking_refs": [
                "marking-definition--17d82bb2-eeeb-4898-bda5-3ddbcd2b799d"
            ],
            "type": "attack-pattern",
            "x_capec_abstraction": "Standard",
            "x_capec_child_of_refs": [
                "attack-pattern--eedaef1c-c3fb-4135-a1b5-4b186b9da854"
            ],
            "x_capec_consequences": {
                "Availability": [
                    "Other (Attacks that successfully influence the target into performing an action via psychological principles can result in a variety of consequences that negatively affect the confidentiality, availability, and/or integrity of an application or system.)"
                ],
                "Confidentiality": [
                    "Other (Attacks that successfully influence the target into performing an action via psychological principles can result in a variety of consequences that negatively affect the confidentiality, availability, and/or integrity of an application or system.)"
                ],
                "Integrity": [
                    "Other (Attacks that successfully influence the target into performing an action via psychological principles can result in a variety of consequences that negatively affect the confidentiality, availability, and/or integrity of an application or system.)"
                ]
            },
            "x_capec_likelihood_of_attack": "Low",
            "x_capec_parent_of_refs": [
                "attack-pattern--6297aac6-1e4d-4c28-9268-52f70584ec5b",
                "attack-pattern--bbd4f017-9a98-495c-889f-68d85aca375a",
                "attack-pattern--6d30ec21-b3b4-435d-9045-acd660865e6a",
                "attack-pattern--c207660b-d5b1-4928-b472-251f19a094d0",
                "attack-pattern--0618a68a-c6e1-4370-82d3-c76fa2745905"
            ],
            "x_capec_prerequisites": [
                "The adversary must have the means and knowledge of how to communicate with the target in some manner."
            ],
            "x_capec_skills_required": {
                "Low": "The adversary requires strong inter-personal and communication skills."
            },
            "x_capec_status": "Draft",
            "x_capec_typical_severity": "Low",
            "x_capec_version": "3.6"
        }
    ],
    "spec_version": "2.0",
    "type": "bundle"
}