{
    "id": "bundle--ffc0f4fb-3d8f-4da2-9391-2e460e0936d4",
    "objects": [
        {
            "created": "2015-11-09T00:00:00.000Z",
            "created_by_ref": "identity--e50ab59c-5c4f-4d40-bf6a-d58418d89bcd",
            "description": "When an operating system starts, it also starts programs called services or daemons. Modifying existing services may break existing services or may enable services that are disabled/not commonly used.",
            "external_references": [
                {
                    "external_id": "CAPEC-551",
                    "source_name": "capec",
                    "url": "https://capec.mitre.org/data/definitions/551.html"
                },
                {
                    "external_id": "CWE-284",
                    "source_name": "cwe",
                    "url": "http://cwe.mitre.org/data/definitions/284.html"
                },
                {
                    "external_id": "CWE-522",
                    "source_name": "cwe",
                    "url": "http://cwe.mitre.org/data/definitions/522.html"
                },
                {
                    "description": "Create or Modify System Process:Systemd Service",
                    "external_id": "T1543.002",
                    "source_name": "ATTACK",
                    "url": "https://attack.mitre.org/wiki/Technique/T1543/002"
                },
                {
                    "description": "Create or Modify System Process:Windows Service",
                    "external_id": "T1543.003",
                    "source_name": "ATTACK",
                    "url": "https://attack.mitre.org/wiki/Technique/T1543/003"
                },
                {
                    "description": "Create or Modify System Process:Launch Daemon",
                    "external_id": "T1543.004",
                    "source_name": "ATTACK",
                    "url": "https://attack.mitre.org/wiki/Technique/T1543/004"
                }
            ],
            "id": "attack-pattern--13e147c3-7baa-4ec4-aafd-9135d46545cc",
            "modified": "2021-06-24T00:00:00.000Z",
            "name": "Modify Existing Service",
            "object_marking_refs": [
                "marking-definition--17d82bb2-eeeb-4898-bda5-3ddbcd2b799d"
            ],
            "type": "attack-pattern",
            "x_capec_abstraction": "Detailed",
            "x_capec_child_of_refs": [
                "attack-pattern--482cb9fc-0122-49f0-b6df-6d2d42098b0a"
            ],
            "x_capec_status": "Draft",
            "x_capec_version": "3.6"
        }
    ],
    "spec_version": "2.0",
    "type": "bundle"
}