{
    "id": "bundle--a1e51e06-f8e4-4719-be00-1a53a613c34d",
    "objects": [
        {
            "created": "2014-06-23T00:00:00.000Z",
            "created_by_ref": "identity--e50ab59c-5c4f-4d40-bf6a-d58418d89bcd",
            "description": "The adversary incites a behavior from the target by manipulating something of influence. This is commonly associated with financial, social, or ideological incentivization. Examples include monetary fraud, peer pressure, and preying on the target's morals or ethics. The most effective incentive against one target might not be as effective against another, therefore the adversary must gather information about the target's vulnerability to particular incentives.",
            "external_references": [
                {
                    "external_id": "CAPEC-426",
                    "source_name": "capec",
                    "url": "https://capec.mitre.org/data/definitions/426.html"
                },
                {
                    "description": "The Official Social Engineering Portal, Social-Engineer.org, Tick Tock Computers, LLC",
                    "external_id": "REF-348",
                    "source_name": "reference_from_CAPEC",
                    "url": "http://www.social-engineer.org"
                }
            ],
            "id": "attack-pattern--346d34f3-13e5-4d95-8e96-4b381e76e132",
            "modified": "2017-08-04T00:00:00.000Z",
            "name": "Influence via Incentives",
            "object_marking_refs": [
                "marking-definition--17d82bb2-eeeb-4898-bda5-3ddbcd2b799d"
            ],
            "type": "attack-pattern",
            "x_capec_abstraction": "Standard",
            "x_capec_child_of_refs": [
                "attack-pattern--eedaef1c-c3fb-4135-a1b5-4b186b9da854"
            ],
            "x_capec_consequences": {
                "Availability": [
                    "Other (Attacks that successfully incentivize the target into performing an action beneficial to the adversary can result in a variety of consequences that negatively affect the confidentiality, availability, and/or integrity of an application or system.)"
                ],
                "Confidentiality": [
                    "Other (Attacks that successfully incentivize the target into performing an action beneficial to the adversary can result in a variety of consequences that negatively affect the confidentiality, availability, and/or integrity of an application or system.)"
                ],
                "Integrity": [
                    "Other (Attacks that successfully incentivize the target into performing an action beneficial to the adversary can result in a variety of consequences that negatively affect the confidentiality, availability, and/or integrity of an application or system.)"
                ]
            },
            "x_capec_likelihood_of_attack": "Low",
            "x_capec_prerequisites": [
                "The adversary must have the means and knowledge of how to communicate with the target in some manner.The adversary must have knowledge of the incentives that would influence the actions of the specific target."
            ],
            "x_capec_skills_required": {
                "Low": "The adversary requires strong inter-personal and communication skills."
            },
            "x_capec_status": "Stable",
            "x_capec_typical_severity": "Low",
            "x_capec_version": "3.6"
        }
    ],
    "spec_version": "2.0",
    "type": "bundle"
}