{
    "id": "bundle--49234b6b-7c67-4c3e-85b3-ac1a2518e656",
    "objects": [
        {
            "created": "2014-06-23T00:00:00.000Z",
            "created_by_ref": "identity--e50ab59c-5c4f-4d40-bf6a-d58418d89bcd",
            "description": "This attack pattern has been deprecated as it is a duplicate of the existing attack pattern \"CAPEC-242 : Code Injection\". Please refer to this other CAPEC going forward.",
            "external_references": [
                {
                    "external_id": "CAPEC-241",
                    "source_name": "capec",
                    "url": "https://capec.mitre.org/data/definitions/241.html"
                }
            ],
            "id": "attack-pattern--b8923381-6219-46bf-b05d-3fa706c0d467",
            "modified": "2017-05-01T00:00:00.000Z",
            "name": "DEPRECATED: Code Injection",
            "object_marking_refs": [
                "marking-definition--17d82bb2-eeeb-4898-bda5-3ddbcd2b799d"
            ],
            "type": "attack-pattern",
            "x_capec_abstraction": "Meta",
            "x_capec_status": "Deprecated",
            "x_capec_version": "3.6"
        }
    ],
    "spec_version": "2.0",
    "type": "bundle"
}