{
    "id": "bundle--b682014d-f247-469e-a4e9-9273b5bffe82",
    "objects": [
        {
            "created": "2014-06-23T00:00:00.000Z",
            "created_by_ref": "identity--e50ab59c-5c4f-4d40-bf6a-d58418d89bcd",
            "description": "This attack targets the reuse of valid session ID to spoof the target system in order to gain privileges. The attacker tries to reuse a stolen session ID used previously during a transaction to perform spoofing and session hijacking. Another name for this type of attack is Session Replay.",
            "external_references": [
                {
                    "external_id": "CAPEC-60",
                    "source_name": "capec",
                    "url": "https://capec.mitre.org/data/definitions/60.html"
                },
                {
                    "external_id": "CWE-294",
                    "source_name": "cwe",
                    "url": "http://cwe.mitre.org/data/definitions/294.html"
                },
                {
                    "external_id": "CWE-290",
                    "source_name": "cwe",
                    "url": "http://cwe.mitre.org/data/definitions/290.html"
                },
                {
                    "external_id": "CWE-346",
                    "source_name": "cwe",
                    "url": "http://cwe.mitre.org/data/definitions/346.html"
                },
                {
                    "external_id": "CWE-384",
                    "source_name": "cwe",
                    "url": "http://cwe.mitre.org/data/definitions/384.html"
                },
                {
                    "external_id": "CWE-488",
                    "source_name": "cwe",
                    "url": "http://cwe.mitre.org/data/definitions/488.html"
                },
                {
                    "external_id": "CWE-539",
                    "source_name": "cwe",
                    "url": "http://cwe.mitre.org/data/definitions/539.html"
                },
                {
                    "external_id": "CWE-200",
                    "source_name": "cwe",
                    "url": "http://cwe.mitre.org/data/definitions/200.html"
                },
                {
                    "external_id": "CWE-285",
                    "source_name": "cwe",
                    "url": "http://cwe.mitre.org/data/definitions/285.html"
                },
                {
                    "external_id": "CWE-664",
                    "source_name": "cwe",
                    "url": "http://cwe.mitre.org/data/definitions/664.html"
                },
                {
                    "external_id": "CWE-732",
                    "source_name": "cwe",
                    "url": "http://cwe.mitre.org/data/definitions/732.html"
                },
                {
                    "description": "Access Token Manipulation:Token Impersonation/Theft",
                    "external_id": "T1134.001",
                    "source_name": "ATTACK",
                    "url": "https://attack.mitre.org/wiki/Technique/T1134/001"
                },
                {
                    "description": "Access Token Manipulation:Create Process with Token",
                    "external_id": "T1134.002",
                    "source_name": "ATTACK",
                    "url": "https://attack.mitre.org/wiki/Technique/T1134/002"
                },
                {
                    "description": "Use Alternate Authentication Material:Web Session Cookie",
                    "external_id": "T1550.004",
                    "source_name": "ATTACK",
                    "url": "https://attack.mitre.org/wiki/Technique/T1550/004"
                },
                {
                    "description": "G. Hoglund, G. McGraw, Exploiting Software: How to Break Code, 2004--02, Addison-Wesley",
                    "external_id": "REF-1",
                    "source_name": "reference_from_CAPEC"
                }
            ],
            "id": "attack-pattern--a15ef978-f79c-4a64-8c63-8ab413d42b0f",
            "modified": "2021-06-24T00:00:00.000Z",
            "name": "Reusing Session IDs (aka Session Replay)",
            "object_marking_refs": [
                "marking-definition--17d82bb2-eeeb-4898-bda5-3ddbcd2b799d"
            ],
            "type": "attack-pattern",
            "x_capec_abstraction": "Detailed",
            "x_capec_child_of_refs": [
                "attack-pattern--63f43efb-7a34-4302-b3dc-8245100fdea9"
            ],
            "x_capec_consequences": {
                "Access_Control": [
                    "Gain Privileges"
                ],
                "Authorization": [
                    "Gain Privileges"
                ],
                "Confidentiality": [
                    "Gain Privileges"
                ]
            },
            "x_capec_example_instances": [
                "OpenSSL and SSLeay allow remote attackers to reuse SSL sessions and bypass access controls. See also: CVE-1999-0428",
                "Merak Mail IceWarp Web Mail uses a static identifier as a user session ID that does not change across sessions, which could allow remote attackers with access to the ID to gain privileges as that user, e.g. by extracting the ID from the user's answer or forward URLs. See also: CVE-2002-0258"
            ],
            "x_capec_execution_flow": "<h2> Execution Flow </h2><div><h3>Explore</h3><ol><li> <p>The attacker interacts with the target host and finds that session IDs are used to authenticate users.</p></li><li> <p>The attacker steals a session ID from a valid user.</p></li></ol></div><div><h3>Exploit</h3><ol><li> <p>The attacker tries to use the stolen session ID to gain access to the system with the privileges of the session ID's original owner.</p></li></ol></div>",
            "x_capec_likelihood_of_attack": "High",
            "x_capec_prerequisites": [
                "The target host uses session IDs to keep track of the users.",
                "Session IDs are used to control access to resources.",
                "The session IDs used by the target host are not well protected from session theft."
            ],
            "x_capec_skills_required": {
                "Low": "If an attacker can steal a valid session ID, they can then try to be authenticated with that stolen session ID.",
                "Medium": "More sophisticated attack can be used to hijack a valid session from a user and spoof a legitimate user by reusing their valid session ID."
            },
            "x_capec_status": "Draft",
            "x_capec_typical_severity": "High",
            "x_capec_version": "3.6"
        }
    ],
    "spec_version": "2.0",
    "type": "bundle"
}