{
    "id": "bundle--8a936ffe-0b6a-4dff-a332-f6c7ce149aea",
    "objects": [
        {
            "created": "2014-06-23T00:00:00.000Z",
            "created_by_ref": "identity--e50ab59c-5c4f-4d40-bf6a-d58418d89bcd",
            "description": "An attacker with either direct access to the product assembly process or to the supply of subcomponents used in the product assembly process introduces counterfeit hardware components into product assembly. The assembly containing the counterfeit components results in a system specifically designed for malicious purposes.",
            "external_references": [
                {
                    "external_id": "CAPEC-520",
                    "source_name": "capec",
                    "url": "https://capec.mitre.org/data/definitions/520.html"
                },
                {
                    "description": "John F. Miller, Supply Chain Attack Framework and Attack Patterns, 2013, The MITRE Corporation",
                    "external_id": "REF-439",
                    "source_name": "reference_from_CAPEC",
                    "url": "http://www.mitre.org/sites/default/files/publications/supply-chain-attack-framework-14-0228.pdf"
                }
            ],
            "id": "attack-pattern--a2328e82-460e-4de6-a459-7005de7befe4",
            "modified": "2021-06-24T00:00:00.000Z",
            "name": "Counterfeit Hardware Component Inserted During Product Assembly",
            "object_marking_refs": [
                "marking-definition--17d82bb2-eeeb-4898-bda5-3ddbcd2b799d"
            ],
            "type": "attack-pattern",
            "x_capec_abstraction": "Detailed",
            "x_capec_child_of_refs": [
                "attack-pattern--efb74200-657d-438c-aaff-bbd9644dd72d"
            ],
            "x_capec_example_instances": [
                "A manufacturer of a firewall system requires a hardware card which functions as a multi-jack ethernet card with four ethernet ports. The attacker constructs a counterfeit card that functions normally except that packets from the attacker's network are allowed to bypass firewall processing completely. Once deployed at a victim location, this allows the attacker to bypass the firewall unrestricted."
            ],
            "x_capec_likelihood_of_attack": "Low",
            "x_capec_prerequisites": [
                "The attacker will need either physical access or be able to supply malicious hardware components to the product development facility."
            ],
            "x_capec_skills_required": {
                "High": "Resources to physically infiltrate manufacturer or manufacturer's supplier."
            },
            "x_capec_status": "Draft",
            "x_capec_typical_severity": "High",
            "x_capec_version": "3.6"
        }
    ],
    "spec_version": "2.0",
    "type": "bundle"
}