{
    "id": "bundle--51fd345f-4369-4502-81a8-d4903c5755a2",
    "objects": [
        {
            "created": "2014-06-23T00:00:00.000Z",
            "created_by_ref": "identity--e50ab59c-5c4f-4d40-bf6a-d58418d89bcd",
            "description": "An attacker gains access to application, service, or device with the privileges of an authorized or privileged user by evading or circumventing an authentication mechanism. The attacker is therefore able to access protected data without authentication ever having taken place. This refers to an attacker gaining access equivalent to an authenticated user without ever going through an authentication procedure. This is usually the result of the attacker using an unexpected access procedure that does not go through the proper checkpoints where authentication should occur. For example, a web site might assume that all users will click through a given link in order to get to secure material and simply authenticate everyone that clicks the link. However, an attacker might be able to reach secured web content by explicitly entering the path to the content rather than clicking through the authentication link, thereby avoiding the check entirely. This attack pattern differs from other authentication attacks in that attacks of this pattern avoid authentication entirely, rather than faking authentication by exploiting flaws or by stealing credentials from legitimate users.",
            "external_references": [
                {
                    "external_id": "CAPEC-115",
                    "source_name": "capec",
                    "url": "https://capec.mitre.org/data/definitions/115.html"
                },
                {
                    "external_id": "CWE-287",
                    "source_name": "cwe",
                    "url": "http://cwe.mitre.org/data/definitions/287.html"
                },
                {
                    "description": "Abuse Elevation Control Mechanism",
                    "external_id": "T1548",
                    "source_name": "ATTACK",
                    "url": "https://attack.mitre.org/wiki/Technique/T1548"
                },
                {
                    "description": "OWASP Web Security Testing Guide, The Open Web Application Security Project (OWASP)",
                    "external_id": "REF-598",
                    "source_name": "reference_from_CAPEC",
                    "url": "https://owasp.org/www-project-web-security-testing-guide/latest/4-Web_Application_Security_Testing/04-Authentication_Testing/04-Testing_for_Bypassing_Authentication_Schema.html"
                }
            ],
            "id": "attack-pattern--8f665166-dfd1-40cb-91e8-b78bee1ceb6a",
            "modified": "2021-06-24T00:00:00.000Z",
            "name": "Authentication Bypass",
            "object_marking_refs": [
                "marking-definition--17d82bb2-eeeb-4898-bda5-3ddbcd2b799d"
            ],
            "type": "attack-pattern",
            "x_capec_abstraction": "Meta",
            "x_capec_can_follow_refs": [
                "attack-pattern--b89511b6-f0fb-4c1d-a884-a0d5a0d82b4e",
                "attack-pattern--ae3f2c33-9018-442e-9cc3-24d65c7f4974",
                "attack-pattern--d845a25b-b140-438c-91d7-30b709bb6e18",
                "attack-pattern--ba694895-a0cf-494e-ace2-bf3488330b80"
            ],
            "x_capec_parent_of_refs": [
                "attack-pattern--1bc4fd64-65a6-41d4-ac68-8e3692eabe29",
                "attack-pattern--4abd48c8-f737-45db-bd7b-97d989ebd471",
                "attack-pattern--f231b993-ed39-40cf-adfb-9828ddcfc642",
                "attack-pattern--8c806dfa-b8ca-45f9-9f97-09e4b5c1157b",
                "attack-pattern--00268a75-3243-477d-9166-8c78fddf6df6"
            ],
            "x_capec_prerequisites": [
                "An authentication mechanism or subsystem implementing some form of authentication such as passwords, digest authentication, security certificates, etc."
            ],
            "x_capec_resources_required": [
                "A client application, such as a web browser, or a scripting language capable of interacting with the target."
            ],
            "x_capec_status": "Draft",
            "x_capec_typical_severity": "Medium",
            "x_capec_version": "3.6"
        }
    ],
    "spec_version": "2.0",
    "type": "bundle"
}