{
    "id": "bundle--fbf0830c-8c82-4c91-b1a3-e23a4df29630",
    "objects": [
        {
            "created": "2015-11-09T00:00:00.000Z",
            "created_by_ref": "identity--e50ab59c-5c4f-4d40-bf6a-d58418d89bcd",
            "description": "Operating system allows logon scripts to be run whenever a specific user or users logon to a system. If adversaries can access these scripts, they may insert additional code into the logon script. This code can allow them to maintain persistence or move laterally within an enclave because it is executed every time the affected user or users logon to a computer. Modifying logon scripts can effectively bypass workstation and enclave firewalls. Depending on the access configuration of the logon scripts, either local credentials or a remote administrative account may be necessary.",
            "external_references": [
                {
                    "external_id": "CAPEC-564",
                    "source_name": "capec",
                    "url": "https://capec.mitre.org/data/definitions/564.html"
                },
                {
                    "external_id": "CWE-284",
                    "source_name": "cwe",
                    "url": "http://cwe.mitre.org/data/definitions/284.html"
                },
                {
                    "description": "Boot or Logon Initialization Scripts",
                    "external_id": "T1037",
                    "source_name": "ATTACK",
                    "url": "https://attack.mitre.org/wiki/Technique/T1037"
                },
                {
                    "description": "Create or Modify System Process:Launch Agent",
                    "external_id": "T1543.001",
                    "source_name": "ATTACK",
                    "url": "https://attack.mitre.org/wiki/Technique/T1543/001"
                },
                {
                    "description": "Boot or Logon Autostart Execution",
                    "external_id": "T1547",
                    "source_name": "ATTACK",
                    "url": "https://attack.mitre.org/wiki/Technique/T1547"
                }
            ],
            "id": "attack-pattern--b63b2869-11e6-4849-8ddf-ae2557bf554b",
            "modified": "2021-06-24T00:00:00.000Z",
            "name": "Run Software at Logon",
            "object_marking_refs": [
                "marking-definition--17d82bb2-eeeb-4898-bda5-3ddbcd2b799d"
            ],
            "type": "attack-pattern",
            "x_capec_abstraction": "Detailed",
            "x_capec_child_of_refs": [
                "attack-pattern--482cb9fc-0122-49f0-b6df-6d2d42098b0a"
            ],
            "x_capec_status": "Draft",
            "x_capec_version": "3.6"
        }
    ],
    "spec_version": "2.0",
    "type": "bundle"
}