{
    "id": "bundle--785edf21-9a1f-46b7-ab00-98d1b67c7abd",
    "objects": [
        {
            "created": "2014-06-23T00:00:00.000Z",
            "created_by_ref": "identity--e50ab59c-5c4f-4d40-bf6a-d58418d89bcd",
            "description": "This attack targets a race condition occurring between the time of check (state) for a resource and the time of use of a resource. A typical example is file access. The adversary can leverage a file access race condition by \"running the race\", meaning that they would modify the resource between the first time the target program accesses the file and the time the target program uses the file. During that period of time, the adversary could replace or modify the file, causing the application to behave unexpectedly.",
            "external_references": [
                {
                    "external_id": "CAPEC-29",
                    "source_name": "capec",
                    "url": "https://capec.mitre.org/data/definitions/29.html"
                },
                {
                    "external_id": "CWE-367",
                    "source_name": "cwe",
                    "url": "http://cwe.mitre.org/data/definitions/367.html"
                },
                {
                    "external_id": "CWE-368",
                    "source_name": "cwe",
                    "url": "http://cwe.mitre.org/data/definitions/368.html"
                },
                {
                    "external_id": "CWE-366",
                    "source_name": "cwe",
                    "url": "http://cwe.mitre.org/data/definitions/366.html"
                },
                {
                    "external_id": "CWE-370",
                    "source_name": "cwe",
                    "url": "http://cwe.mitre.org/data/definitions/370.html"
                },
                {
                    "external_id": "CWE-362",
                    "source_name": "cwe",
                    "url": "http://cwe.mitre.org/data/definitions/362.html"
                },
                {
                    "external_id": "CWE-662",
                    "source_name": "cwe",
                    "url": "http://cwe.mitre.org/data/definitions/662.html"
                },
                {
                    "external_id": "CWE-691",
                    "source_name": "cwe",
                    "url": "http://cwe.mitre.org/data/definitions/691.html"
                },
                {
                    "external_id": "CWE-663",
                    "source_name": "cwe",
                    "url": "http://cwe.mitre.org/data/definitions/663.html"
                },
                {
                    "external_id": "CWE-665",
                    "source_name": "cwe",
                    "url": "http://cwe.mitre.org/data/definitions/665.html"
                },
                {
                    "description": "J. Viega, G. McGraw, Building Secure Software, 2002, Addison-Wesley",
                    "external_id": "REF-131",
                    "source_name": "reference_from_CAPEC"
                },
                {
                    "description": "Fortify Software, SAMATE - Software Assurance Metrics And Tool Evaluation, 2006--06---22, National Institute of Standards and Technology (NIST)",
                    "external_id": "REF-107",
                    "source_name": "reference_from_CAPEC",
                    "url": "http://samate.nist.gov/SRD/view_testcase.php?tID=1598"
                }
            ],
            "id": "attack-pattern--3da1844e-c905-420a-9179-260356a85a05",
            "modified": "2020-07-30T00:00:00.000Z",
            "name": "Leveraging Time-of-Check and Time-of-Use (TOCTOU) Race Conditions",
            "object_marking_refs": [
                "marking-definition--17d82bb2-eeeb-4898-bda5-3ddbcd2b799d"
            ],
            "type": "attack-pattern",
            "x_capec_abstraction": "Standard",
            "x_capec_child_of_refs": [
                "attack-pattern--c70d3f38-8efe-4f47-bba4-db807d270d94"
            ],
            "x_capec_consequences": {
                "Access_Control": [
                    "Gain Privileges"
                ],
                "Authorization": [
                    "Gain Privileges"
                ],
                "Availability": [
                    "Alter Execution Logic",
                    "Resource Consumption (Denial of Service)"
                ],
                "Confidentiality": [
                    "Gain Privileges",
                    "Alter Execution Logic",
                    "Read Data"
                ],
                "Integrity": [
                    "Modify Data",
                    "Alter Execution Logic"
                ]
            },
            "x_capec_example_instances": [
                "The Net Direct client for Linux before 6.0.5 in Nortel Application Switch 2424, VPN 3050 and 3070, and SSL VPN Module 1000 extracts and executes files with insecure permissions, which allows local users to exploit a race condition to replace a world-writable file in /tmp/NetClient and cause another user to execute arbitrary code when attempting to execute this client, as demonstrated by replacing /tmp/NetClient/client. See also: CVE-2007-1057",
                "\n               <xhtml:p>The following code illustrates a file that is accessed multiple times by name in a publicly accessible directory. A race condition exists between the accesses where an adversary can replace the file referenced by the name.</xhtml:p>\n               <xhtml:div style=\"margin-left:10px;\" class=\"bad\">include <sys/types.h>include <fcntl.h>include <unistd.h>\n                  define FILE \"/tmp/myfile\"define UID 100\n                  void test(char *str){<xhtml:div style=\"margin-left:10px;\">int fd;fd = creat(FILE, 0644);if(fd == -1)<xhtml:div style=\"margin-left:10px;\">return;</xhtml:div>\n                     chown(FILE, UID, -1); /* BAD */close(fd);</xhtml:div>\n                  }\n                  int main(int argc, char **argv){<xhtml:div style=\"margin-left:10px;\">char *userstr;if(argc > 1) {<xhtml:div style=\"margin-left:10px;\">userstr = argv[1];test(userstr);</xhtml:div>\n                     }return 0;</xhtml:div>\n                  }</xhtml:div>\n               <xhtml:p>[REF-107]</xhtml:p>\n            "
            ],
            "x_capec_execution_flow": "<h2> Execution Flow </h2><div><h3>Explore</h3><ol><li> <p>The adversary explores to gauge what level of access they have.</p></li></ol></div><div><h3>Experiment</h3><ol><li> <p>The adversary confirms access to a resource on the target host. The adversary confirms ability to modify the targeted resource.</p></li></ol></div><div><h3>Exploit</h3><ol><li> <p>The adversary decides to leverage the race condition by \"running the race\", meaning that they would modify the resource between the first time the target program accesses the file and the time the target program uses the file. During that period of time, the adversary can replace the resource and cause an escalation of privilege.</p></li></ol></div>",
            "x_capec_likelihood_of_attack": "High",
            "x_capec_parent_of_refs": [
                "attack-pattern--fdeff5dd-62e2-43b2-8eea-5e97307cf973"
            ],
            "x_capec_prerequisites": [
                "A resource is access/modified concurrently by multiple processes.",
                "The adversary is able to modify resource.",
                "A race condition exists while accessing a resource."
            ],
            "x_capec_skills_required": {
                "Medium": "This attack can get sophisticated since the attack has to occur within a short interval of time."
            },
            "x_capec_status": "Draft",
            "x_capec_typical_severity": "High",
            "x_capec_version": "3.6"
        }
    ],
    "spec_version": "2.0",
    "type": "bundle"
}