{
    "id": "bundle--31f9bec4-107d-4666-8944-a5f39d705f3f",
    "objects": [
        {
            "created": "2014-06-23T00:00:00.000Z",
            "created_by_ref": "identity--e50ab59c-5c4f-4d40-bf6a-d58418d89bcd",
            "description": "This attack pattern has been deprecated as it a generalization of CAPEC-397: Cloning Magnetic Strip Cards, CAPEC-398: Magnetic Strip Card Brute Force Attacks, CAPEC-399: Cloning RFID Cards or Chips and CAPEC-400: RFID Chip Deactivation or Destruction. Please refer to these CAPECs going forward.",
            "external_references": [
                {
                    "external_id": "CAPEC-396",
                    "source_name": "capec",
                    "url": "https://capec.mitre.org/data/definitions/396.html"
                }
            ],
            "id": "attack-pattern--631dcf7a-d23f-45b3-b72a-ebd5a3625aeb",
            "modified": "2019-09-30T00:00:00.000Z",
            "name": "DEPRECATED: Bypassing Card or Badge-Based Systems",
            "object_marking_refs": [
                "marking-definition--17d82bb2-eeeb-4898-bda5-3ddbcd2b799d"
            ],
            "type": "attack-pattern",
            "x_capec_abstraction": "Standard",
            "x_capec_status": "Deprecated",
            "x_capec_version": "3.6"
        }
    ],
    "spec_version": "2.0",
    "type": "bundle"
}