{
    "id": "bundle--f99c98d0-8c41-48c6-8b10-127ac310cf3d",
    "objects": [
        {
            "created": "2014-06-23T00:00:00.000Z",
            "created_by_ref": "identity--e50ab59c-5c4f-4d40-bf6a-d58418d89bcd",
            "description": "An adversary engages in pretexting behavior, assuming the role of a delivery person, to solicit information from target persons, or manipulate the target into performing an action that serves the adversary's interests. Impersonating a delivery person is an effective attack and an easy attack since not much acting is involved. Usually the hardest part is looking the part and having all of the proper credentials, papers and \"deliveries\" in order to be able to pull it off.",
            "external_references": [
                {
                    "external_id": "CAPEC-414",
                    "source_name": "capec",
                    "url": "https://capec.mitre.org/data/definitions/414.html"
                },
                {
                    "description": "The Official Social Engineering Portal, Social-Engineer.org, Tick Tock Computers, LLC",
                    "external_id": "REF-348",
                    "source_name": "reference_from_CAPEC",
                    "url": "http://www.social-engineer.org"
                }
            ],
            "id": "attack-pattern--7ed74d19-ed2b-40c4-a63c-54367b2653c4",
            "modified": "2019-09-30T00:00:00.000Z",
            "name": "Pretexting via Delivery Person",
            "object_marking_refs": [
                "marking-definition--17d82bb2-eeeb-4898-bda5-3ddbcd2b799d"
            ],
            "type": "attack-pattern",
            "x_capec_abstraction": "Detailed",
            "x_capec_child_of_refs": [
                "attack-pattern--8b329689-f8f8-466e-a890-4e30b8d8ec30"
            ],
            "x_capec_status": "Draft",
            "x_capec_typical_severity": "Low",
            "x_capec_version": "3.6"
        }
    ],
    "spec_version": "2.0",
    "type": "bundle"
}