{
    "id": "bundle--151f27fa-0f35-40b8-a912-5f788948bc90",
    "objects": [
        {
            "created": "2014-06-23T00:00:00.000Z",
            "created_by_ref": "identity--e50ab59c-5c4f-4d40-bf6a-d58418d89bcd",
            "description": "An attacker introduces malicious code to the victim's system by altering the payload of a software update, allowing for additional compromise or site disruption at the victim location. These manual, or user-assisted attacks, vary from requiring the user to download and run an executable, to as streamlined as tricking the user to click a URL. Attacks which aim at penetrating a specific network infrastructure often rely upon secondary attack methods to achieve the desired impact. Spamming, for example, is a common method employed as an secondary attack vector. Thus the attacker has in their arsenal a choice of initial attack vectors ranging from traditional SMTP/POP/IMAP spamming and its varieties, to web-application mechanisms which commonly implement both chat and rich HTML messaging within the user interface.",
            "external_references": [
                {
                    "external_id": "CAPEC-533",
                    "source_name": "capec",
                    "url": "https://capec.mitre.org/data/definitions/533.html"
                },
                {
                    "external_id": "CWE-494",
                    "source_name": "cwe",
                    "url": "http://cwe.mitre.org/data/definitions/494.html"
                }
            ],
            "id": "attack-pattern--83c7d2ff-f74e-471b-bd10-28421e818719",
            "modified": "2020-07-30T00:00:00.000Z",
            "name": "Malicious Manual Software Update",
            "object_marking_refs": [
                "marking-definition--17d82bb2-eeeb-4898-bda5-3ddbcd2b799d"
            ],
            "type": "attack-pattern",
            "x_capec_abstraction": "Detailed",
            "x_capec_child_of_refs": [
                "attack-pattern--3c9e7b88-a1eb-4cfd-aa34-10df08b23317"
            ],
            "x_capec_likelihood_of_attack": "Low",
            "x_capec_prerequisites": [
                "Advanced knowledge about the download and update installation processes.",
                "Advanced knowledge about the deployed system and its various software subcomponents and processes."
            ],
            "x_capec_skills_required": {
                "High": "Able to develop malicious code that can be used on the victim's system while maintaining normal functionality."
            },
            "x_capec_status": "Draft",
            "x_capec_typical_severity": "High",
            "x_capec_version": "3.6"
        }
    ],
    "spec_version": "2.0",
    "type": "bundle"
}