{
    "id": "bundle--5190e43f-0a52-4cc7-9601-ea4a35069597",
    "objects": [
        {
            "created": "2014-06-23T00:00:00.000Z",
            "created_by_ref": "identity--e50ab59c-5c4f-4d40-bf6a-d58418d89bcd",
            "description": "In this attack pattern, the adversary intercepts information transmitted between two third parties. The adversary must be able to observe, read, and/or hear the communication traffic, but not necessarily block the communication or change its content. Any transmission medium can theoretically be sniffed if the adversary can examine the contents between the sender and recipient. Sniffing Attacks are similar to Adversary-In-The-Middle attacks (CAPEC-94), but are entirely passive. AiTM attacks are predominantly active and often alter the content of the communications themselves.",
            "external_references": [
                {
                    "external_id": "CAPEC-157",
                    "source_name": "capec",
                    "url": "https://capec.mitre.org/data/definitions/157.html"
                },
                {
                    "external_id": "CWE-311",
                    "source_name": "cwe",
                    "url": "http://cwe.mitre.org/data/definitions/311.html"
                }
            ],
            "id": "attack-pattern--bdcdc784-d891-4ca8-847b-38ddca37a6ec",
            "modified": "2021-06-24T00:00:00.000Z",
            "name": "Sniffing Attacks",
            "object_marking_refs": [
                "marking-definition--17d82bb2-eeeb-4898-bda5-3ddbcd2b799d"
            ],
            "type": "attack-pattern",
            "x_capec_abstraction": "Standard",
            "x_capec_can_precede_refs": [
                "attack-pattern--755bb5ac-2eee-4e54-9864-92812666120c"
            ],
            "x_capec_child_of_refs": [
                "attack-pattern--bdc2219a-ebe0-4372-90b8-841dd7bd4c8e"
            ],
            "x_capec_consequences": {
                "Confidentiality": [
                    "Read Data"
                ]
            },
            "x_capec_parent_of_refs": [
                "attack-pattern--897a5506-45bb-4f6f-96e7-55f4c0b9021a",
                "attack-pattern--cddb7bce-8d94-4eea-8e73-9f6ef66376c2",
                "attack-pattern--359d056e-6d5c-4d54-97d6-5a9f586bcccf",
                "attack-pattern--c7f0c73b-fe94-49c9-89bb-a3ec4441e4ee",
                "attack-pattern--3147f1c9-3043-40ca-ad42-c1be938820a4"
            ],
            "x_capec_prerequisites": [
                "The target data stream must be transmitted on a medium to which the adversary has access."
            ],
            "x_capec_resources_required": [
                "The adversary must be able to intercept the transmissions containing the data of interest. Depending on the medium of transmission and the path the data takes between the sender and recipient, the adversary may require special equipment and/or require that this equipment be placed in specific locations (e.g., a network sniffing tool)"
            ],
            "x_capec_status": "Draft",
            "x_capec_typical_severity": "Medium",
            "x_capec_version": "3.6"
        }
    ],
    "spec_version": "2.0",
    "type": "bundle"
}