{
    "id": "bundle--09a428b3-2e9f-4522-a5a0-7b00fd99f483",
    "objects": [
        {
            "created": "2014-06-23T00:00:00.000Z",
            "created_by_ref": "identity--e50ab59c-5c4f-4d40-bf6a-d58418d89bcd",
            "description": "An attacker examines a target application's cache for sensitive information. Many applications that communicate with remote entities or which perform intensive calculations utilize caches to improve efficiency. However, if the application computes or receives sensitive information and the cache is not appropriately protected, an attacker can browse the cache and retrieve this information. This can result in the disclosure of sensitive information.",
            "external_references": [
                {
                    "external_id": "CAPEC-204",
                    "source_name": "capec",
                    "url": "https://capec.mitre.org/data/definitions/204.html"
                },
                {
                    "external_id": "CWE-524",
                    "source_name": "cwe",
                    "url": "http://cwe.mitre.org/data/definitions/524.html"
                },
                {
                    "external_id": "CWE-311",
                    "source_name": "cwe",
                    "url": "http://cwe.mitre.org/data/definitions/311.html"
                },
                {
                    "external_id": "CWE-1239",
                    "source_name": "cwe",
                    "url": "http://cwe.mitre.org/data/definitions/1239.html"
                },
                {
                    "external_id": "CWE-1258",
                    "source_name": "cwe",
                    "url": "http://cwe.mitre.org/data/definitions/1258.html"
                }
            ],
            "id": "attack-pattern--c2a87533-3c81-40b3-b529-9560c644f70d",
            "modified": "2021-06-24T00:00:00.000Z",
            "name": "Lifting Sensitive Data Embedded in Cache",
            "object_marking_refs": [
                "marking-definition--17d82bb2-eeeb-4898-bda5-3ddbcd2b799d"
            ],
            "type": "attack-pattern",
            "x_capec_abstraction": "Detailed",
            "x_capec_can_precede_refs": [
                "attack-pattern--886a7175-e28a-4e6d-bd22-3b1497e31dc7"
            ],
            "x_capec_child_of_refs": [
                "attack-pattern--d17eb5a5-1361-4e13-a969-e4d587d13b3d"
            ],
            "x_capec_prerequisites": [
                "The target application must store sensitive information in a cache.",
                "The cache must be inadequately protected against attacker access."
            ],
            "x_capec_resources_required": [
                "The attacker must be able to reach the target application's cache. This may require prior access to the machine on which the target application runs. If the cache is encrypted, the attacker would need sufficient computational resources to crack the encryption. With strong encryption schemes, doing this could be intractable, but weaker encryption schemes could allow an attacker with sufficient resources to read the file."
            ],
            "x_capec_status": "Draft",
            "x_capec_typical_severity": "Medium",
            "x_capec_version": "3.6"
        }
    ],
    "spec_version": "2.0",
    "type": "bundle"
}