{
    "id": "bundle--962dfa82-e524-4876-91e1-d1c0bf9d7ee8",
    "objects": [
        {
            "created": "2021-06-24T00:00:00.000Z",
            "created_by_ref": "identity--e50ab59c-5c4f-4d40-bf6a-d58418d89bcd",
            "description": "An adversary can exploit a flaw in Bluetooth key negotiation allowing them to decrypt information sent between two devices communicating via Bluetooth. The adversary uses an Adversary in the Middle setup to modify packets sent between the two devices during the authentication process, specifically the entropy bits. Knowledge of the number of entropy bits will allow the attacker to easily decrypt information passing over the line of communication.",
            "external_references": [
                {
                    "external_id": "CAPEC-668",
                    "source_name": "capec",
                    "url": "https://capec.mitre.org/data/definitions/668.html"
                },
                {
                    "external_id": "CWE-425",
                    "source_name": "cwe",
                    "url": "http://cwe.mitre.org/data/definitions/425.html"
                },
                {
                    "external_id": "CWE-285",
                    "source_name": "cwe",
                    "url": "http://cwe.mitre.org/data/definitions/285.html"
                },
                {
                    "external_id": "CWE-693",
                    "source_name": "cwe",
                    "url": "http://cwe.mitre.org/data/definitions/693.html"
                },
                {
                    "description": "Jovi Umawing, Bluetooth vulnerability can be exploited in Key Negotiation of Bluetooth (KNOB) attacks, 2019--08---21, MalwareBytes",
                    "external_id": "REF-657",
                    "source_name": "reference_from_CAPEC",
                    "url": "https://blog.malwarebytes.com/awareness/2019/08/bluetooth-vulnerability-can-be-exploited-in-key-negotiation-of-bluetooth-knob-attacks/"
                }
            ],
            "id": "attack-pattern--8c806dfa-b8ca-45f9-9f97-09e4b5c1157b",
            "modified": "2021-06-24T00:00:00.000Z",
            "name": "Key Negotiation of Bluetooth Attack (KNOB)",
            "object_marking_refs": [
                "marking-definition--17d82bb2-eeeb-4898-bda5-3ddbcd2b799d"
            ],
            "type": "attack-pattern",
            "x_capec_abstraction": "Standard",
            "x_capec_can_follow_refs": [
                "attack-pattern--86a5e931-7f53-46fe-b6f0-c88498f6557f",
                "attack-pattern--38964770-4f39-4191-89cf-73a625162b2b"
            ],
            "x_capec_can_precede_refs": [
                "attack-pattern--bd4f8f46-1bc7-40a9-b15a-e36b7671cf5b"
            ],
            "x_capec_child_of_refs": [
                "attack-pattern--8f665166-dfd1-40cb-91e8-b78bee1ceb6a"
            ],
            "x_capec_consequences": {
                "Access_Control": [
                    "Bypass Protection Mechanism"
                ],
                "Authorization": [
                    "Bypass Protection Mechanism"
                ],
                "Confidentiality": [
                    "Read Data",
                    "Bypass Protection Mechanism"
                ],
                "Integrity": [
                    "Modify Data"
                ]
            },
            "x_capec_example_instances": [
                "Given users Alice, Bob and Charlie (Charlie being the attacker), Alice and Bob begin to agree on an encryption key when connecting. While Alice sends a message to Bob that an encryption key with 16 bytes of entropy should be used, Charlie changes this to 1 and forwards the request to Bob and continues forwarding these packets until authentication is successful."
            ],
            "x_capec_execution_flow": "<h2> Execution Flow </h2><div><h3>Explore</h3><ol><li> <p> <b>Discovery: </b>Using an established Person in the Middle setup, search for Bluetooth devices beginning the authentication process.</p></li><table><tbody><tr><th>Techniques</th></tr><tr><td>Use packet capture tools.</td></tr></tbody></table></ol></div><div><h3>Experiment</h3><ol><li> <p> <b>Change the entropy bits: </b>Upon recieving the initial key negotiation packet from the master, the adversary modifies the entropy bits requested to 1 to allow for easy decryption before it is forwarded.</p></li></ol></div><div><h3>Exploit</h3><ol><li> <p> <b>Capture and decrypt data: </b>Once the entropy of encryption is known, the adversary can capture data and then decrypt on their device.</p></li></ol></div>",
            "x_capec_likelihood_of_attack": "Low",
            "x_capec_prerequisites": [
                "Person in the Middle network setup."
            ],
            "x_capec_resources_required": [
                "Bluetooth adapter, packet capturing capabilities."
            ],
            "x_capec_skills_required": {
                "Medium": "Ability to modify packets."
            },
            "x_capec_status": "Draft",
            "x_capec_typical_severity": "High",
            "x_capec_version": "3.6"
        }
    ],
    "spec_version": "2.0",
    "type": "bundle"
}