{
    "id": "bundle--e878587b-30ea-433f-ab5b-050aac1a413d",
    "objects": [
        {
            "created": "2015-11-09T00:00:00.000Z",
            "created_by_ref": "identity--e50ab59c-5c4f-4d40-bf6a-d58418d89bcd",
            "description": "An adversary exploits functionality meant to identify information about the domain accounts and their permissions on the target system to an authorized user. By knowing what accounts are registered on the target system, the adversary can inform further and more targeted malicious behavior. Example Windows commands which can acquire this information are: \"net user\" and \"dsquery\".",
            "external_references": [
                {
                    "external_id": "CAPEC-575",
                    "source_name": "capec",
                    "url": "https://capec.mitre.org/data/definitions/575.html"
                },
                {
                    "external_id": "CWE-200",
                    "source_name": "cwe",
                    "url": "http://cwe.mitre.org/data/definitions/200.html"
                },
                {
                    "description": "Account Discovery",
                    "external_id": "T1087",
                    "source_name": "ATTACK",
                    "url": "https://attack.mitre.org/wiki/Technique/T1087"
                }
            ],
            "id": "attack-pattern--6de257d8-e3b6-4654-85a7-a6fb37a94ccb",
            "modified": "2020-07-30T00:00:00.000Z",
            "name": "Account Footprinting",
            "object_marking_refs": [
                "marking-definition--17d82bb2-eeeb-4898-bda5-3ddbcd2b799d"
            ],
            "type": "attack-pattern",
            "x_capec_abstraction": "Standard",
            "x_capec_child_of_refs": [
                "attack-pattern--87b0d2df-b246-4bf9-aee8-4912e2fa1a30"
            ],
            "x_capec_consequences": {
                "Access_Control": [
                    "Bypass Protection Mechanism",
                    "Hide Activities"
                ],
                "Authorization": [
                    "Bypass Protection Mechanism",
                    "Hide Activities"
                ],
                "Confidentiality": [
                    "Other",
                    "Bypass Protection Mechanism",
                    "Hide Activities"
                ]
            },
            "x_capec_likelihood_of_attack": "Low",
            "x_capec_prerequisites": [
                "The adversary must have gained access to the target system via physical or logical means in order to carry out this attack."
            ],
            "x_capec_status": "Stable",
            "x_capec_typical_severity": "Low",
            "x_capec_version": "3.6"
        }
    ],
    "spec_version": "2.0",
    "type": "bundle"
}