{
    "id": "bundle--3576fd80-f076-4c8b-a8bd-065a06a85d64",
    "objects": [
        {
            "created": "2014-06-23T00:00:00.000Z",
            "created_by_ref": "identity--e50ab59c-5c4f-4d40-bf6a-d58418d89bcd",
            "description": "An attacker manipulates the headers and content of an email message by injecting data via the use of delimiter characters native to the protocol. Many applications allow users to send email messages by filling in fields. For example, a web site may have a link to \"share this site with a friend\" where the user provides the recipient's email address and the web application fills out all the other fields, such as the subject and body. In this pattern, an attacker adds header and body information to an email message by injecting additional content in an input field used to construct a header of the mail message. This attack takes advantage of the fact that RFC 822 requires that headers in a mail message be separated by a carriage return. As a result, an attacker can inject new headers or content simply by adding a delimiting carriage return and then supplying the new heading and body information. This attack will not work if the user can only supply the message body since a carriage return in the body is treated as a normal character.",
            "external_references": [
                {
                    "external_id": "CAPEC-134",
                    "source_name": "capec",
                    "url": "https://capec.mitre.org/data/definitions/134.html"
                },
                {
                    "external_id": "CWE-150",
                    "source_name": "cwe",
                    "url": "http://cwe.mitre.org/data/definitions/150.html"
                },
                {
                    "description": "Mail Command Injection",
                    "external_id": "30",
                    "source_name": "WASC",
                    "url": "http://projects.webappsec.org/Mail-Command-Injection"
                }
            ],
            "id": "attack-pattern--3e3f4570-827b-4e0e-859b-00a4b13a1a65",
            "modified": "2020-12-17T00:00:00.000Z",
            "name": "Email Injection",
            "object_marking_refs": [
                "marking-definition--17d82bb2-eeeb-4898-bda5-3ddbcd2b799d"
            ],
            "type": "attack-pattern",
            "x_capec_abstraction": "Standard",
            "x_capec_child_of_refs": [
                "attack-pattern--cde07b71-23e6-418d-93e9-665f5f83b032"
            ],
            "x_capec_parent_of_refs": [
                "attack-pattern--30047c4f-cbf1-48ff-906c-3c6d58feb1a1"
            ],
            "x_capec_prerequisites": [
                "The target application must allow the user to send email to some recipient, to specify the content at least one header field in the message, and must fail to sanitize against the injection of command separators.",
                "The adversary must have the ability to access the target mail application."
            ],
            "x_capec_resources_required": [
                "None: No specialized resources are required to execute this type of attack."
            ],
            "x_capec_status": "Draft",
            "x_capec_typical_severity": "Medium",
            "x_capec_version": "3.6"
        }
    ],
    "spec_version": "2.0",
    "type": "bundle"
}