{
    "id": "bundle--5bbfe5a7-0c1f-4c27-af9a-ab841f9a0d21",
    "objects": [
        {
            "created": "2015-11-09T00:00:00.000Z",
            "created_by_ref": "identity--e50ab59c-5c4f-4d40-bf6a-d58418d89bcd",
            "description": "An attacker, with control of a Cellular Rogue Base Station or through cooperation with a Malicious Mobile Network Operator can force the mobile device (e.g., the retransmission device) to use no encryption (A5/0 mode) or to use easily breakable encryption (A5/1 or A5/2 mode).",
            "external_references": [
                {
                    "external_id": "CAPEC-606",
                    "source_name": "capec",
                    "url": "https://capec.mitre.org/data/definitions/606.html"
                },
                {
                    "external_id": "CWE-757",
                    "source_name": "cwe",
                    "url": "http://cwe.mitre.org/data/definitions/757.html"
                }
            ],
            "id": "attack-pattern--4480b2e7-bdb7-45fe-896b-dd895fbe3680",
            "modified": "2018-07-31T00:00:00.000Z",
            "name": "Weakening of Cellular Encryption",
            "object_marking_refs": [
                "marking-definition--17d82bb2-eeeb-4898-bda5-3ddbcd2b799d"
            ],
            "type": "attack-pattern",
            "x_capec_abstraction": "Detailed",
            "x_capec_child_of_refs": [
                "attack-pattern--e680008c-a642-4feb-a1c4-a29b54eb284a"
            ],
            "x_capec_consequences": {
                "Confidentiality": [
                    "Other (Tracking, Network Reconnaissance)"
                ]
            },
            "x_capec_prerequisites": [
                "Cellular devices that allow negotiating security modes to facilitate backwards compatibility and roaming on legacy networks."
            ],
            "x_capec_skills_required": {
                "Medium": "Adversaries can purchase and implement rogue BTS stations at a cost effective rate, and can push a mobile device to downgrade to a non-secure cellular protocol like 2G over GSM or CDMA."
            },
            "x_capec_status": "Draft",
            "x_capec_typical_severity": "High",
            "x_capec_version": "3.6"
        }
    ],
    "spec_version": "2.0",
    "type": "bundle"
}