{
    "id": "bundle--dcb97ffb-2ac1-4c57-ba21-219c9fd9de3d",
    "objects": [
        {
            "created": "2014-06-23T00:00:00.000Z",
            "created_by_ref": "identity--e50ab59c-5c4f-4d40-bf6a-d58418d89bcd",
            "description": "An adversary may execute a flooding attack using the HTTP protocol with the intent to deny legitimate users access to a service by consuming resources at the application layer such as web services and their infrastructure. These attacks use legitimate session-based HTTP GET requests designed to consume large amounts of a server's resources. Since these are legitimate sessions this attack is very difficult to detect.",
            "external_references": [
                {
                    "external_id": "CAPEC-488",
                    "source_name": "capec",
                    "url": "https://capec.mitre.org/data/definitions/488.html"
                },
                {
                    "external_id": "CWE-770",
                    "source_name": "cwe",
                    "url": "http://cwe.mitre.org/data/definitions/770.html"
                },
                {
                    "description": "Endpoint Denial of Service:Service Exhaustion Flood",
                    "external_id": "T1499.002",
                    "source_name": "ATTACK",
                    "url": "https://attack.mitre.org/wiki/Technique/T1499/002"
                },
                {
                    "description": "Network Denial of Service:Direct Network Flood",
                    "external_id": "T1498.001",
                    "source_name": "ATTACK",
                    "url": "https://attack.mitre.org/wiki/Technique/T1498/001"
                }
            ],
            "id": "attack-pattern--d43c7ffa-16a5-4eb9-8c29-3391cc7ff269",
            "modified": "2021-06-24T00:00:00.000Z",
            "name": "HTTP Flood",
            "object_marking_refs": [
                "marking-definition--17d82bb2-eeeb-4898-bda5-3ddbcd2b799d"
            ],
            "type": "attack-pattern",
            "x_capec_abstraction": "Standard",
            "x_capec_child_of_refs": [
                "attack-pattern--6854fe89-0829-429f-a95c-89e77ab6c8ed"
            ],
            "x_capec_prerequisites": [
                "This type of an attack requires the ability to generate a large amount of HTTP traffic to send to a target server."
            ],
            "x_capec_status": "Draft",
            "x_capec_version": "3.6"
        }
    ],
    "spec_version": "2.0",
    "type": "bundle"
}