{
    "id": "bundle--5f355786-187f-4ff9-9d17-b5c98967b295",
    "objects": [
        {
            "created": "2014-06-23T00:00:00.000Z",
            "created_by_ref": "identity--e50ab59c-5c4f-4d40-bf6a-d58418d89bcd",
            "description": "This attack pattern has been deprecated as it was merged into \"CAPEC-215 : Fuzzing for application mapping\". Please refer to this other CAPEC going forward.",
            "external_references": [
                {
                    "external_id": "CAPEC-214",
                    "source_name": "capec",
                    "url": "https://capec.mitre.org/data/definitions/214.html"
                }
            ],
            "id": "attack-pattern--27f34b27-52ae-42ae-a5c4-1155641eab90",
            "modified": "2020-12-17T00:00:00.000Z",
            "name": "DEPRECATED: Fuzzing for garnering J2EE/.NET-based stack traces, for application mapping",
            "object_marking_refs": [
                "marking-definition--17d82bb2-eeeb-4898-bda5-3ddbcd2b799d"
            ],
            "type": "attack-pattern",
            "x_capec_abstraction": "Detailed",
            "x_capec_status": "Deprecated",
            "x_capec_version": "3.6"
        }
    ],
    "spec_version": "2.0",
    "type": "bundle"
}