{
    "id": "bundle--a218c4ac-7855-4b39-9e50-255b518cb0e5",
    "objects": [
        {
            "created": "2014-06-23T00:00:00.000Z",
            "created_by_ref": "identity--e50ab59c-5c4f-4d40-bf6a-d58418d89bcd",
            "description": "An attacker exploits the underlying complexity of a data structure that allows for both signed and unsigned content, to cause unsigned data to be processed as though it were signed data.",
            "external_references": [
                {
                    "external_id": "CAPEC-477",
                    "source_name": "capec",
                    "url": "https://capec.mitre.org/data/definitions/477.html"
                },
                {
                    "external_id": "CWE-693",
                    "source_name": "cwe",
                    "url": "http://cwe.mitre.org/data/definitions/693.html"
                },
                {
                    "external_id": "CWE-311",
                    "source_name": "cwe",
                    "url": "http://cwe.mitre.org/data/definitions/311.html"
                },
                {
                    "external_id": "CWE-319",
                    "source_name": "cwe",
                    "url": "http://cwe.mitre.org/data/definitions/319.html"
                }
            ],
            "id": "attack-pattern--929e7d9a-b34c-43ad-b58b-b8df918c4f62",
            "modified": "2014-06-23T00:00:00.000Z",
            "name": "Signature Spoofing by Mixing Signed and Unsigned Content",
            "object_marking_refs": [
                "marking-definition--17d82bb2-eeeb-4898-bda5-3ddbcd2b799d"
            ],
            "type": "attack-pattern",
            "x_capec_abstraction": "Detailed",
            "x_capec_child_of_refs": [
                "attack-pattern--d94762c1-3c78-47eb-8212-e0c770ba43a9"
            ],
            "x_capec_likelihood_of_attack": "Low",
            "x_capec_prerequisites": [
                "Signer and recipient are using complex data storage structures that allow for a mix between signed and unsigned data",
                "Recipient is using signature verification software that does not maintain separation between signed and unsigned data once the signature has been verified."
            ],
            "x_capec_skills_required": {
                "High": "Attacker must be able to create malformed data blobs and know how to insert them in a location that the recipient will visit."
            },
            "x_capec_status": "Draft",
            "x_capec_typical_severity": "High",
            "x_capec_version": "3.6"
        }
    ],
    "spec_version": "2.0",
    "type": "bundle"
}