{
    "id": "bundle--1c11af9f-97a6-4386-b21d-0375b38423f7",
    "objects": [
        {
            "created": "2014-06-23T00:00:00.000Z",
            "created_by_ref": "identity--e50ab59c-5c4f-4d40-bf6a-d58418d89bcd",
            "description": "An attacker replaces legitimate hardware in the system with faulty counterfeit or tampered hardware in the supply chain distribution channel, with purpose of causing malicious disruption or allowing for additional compromise when the system is deployed.",
            "external_references": [
                {
                    "external_id": "CAPEC-522",
                    "source_name": "capec",
                    "url": "https://capec.mitre.org/data/definitions/522.html"
                },
                {
                    "description": "John F. Miller, Supply Chain Attack Framework and Attack Patterns, 2013, The MITRE Corporation",
                    "external_id": "REF-439",
                    "source_name": "reference_from_CAPEC",
                    "url": "http://www.mitre.org/sites/default/files/publications/supply-chain-attack-framework-14-0228.pdf"
                }
            ],
            "id": "attack-pattern--556f08be-d926-448c-b2c2-88a817a170a4",
            "modified": "2021-10-21T00:00:00.000Z",
            "name": "Malicious Hardware Component Replacement",
            "object_marking_refs": [
                "marking-definition--17d82bb2-eeeb-4898-bda5-3ddbcd2b799d"
            ],
            "type": "attack-pattern",
            "x_capec_abstraction": "Standard",
            "x_capec_child_of_refs": [
                "attack-pattern--59ba3504-6764-48b4-980a-40e4adff2030"
            ],
            "x_capec_example_instances": [
                "During shipment the attacker is able to intercept a system that has been purchased by the victim, and replaces a math processor card that functions just like the original, but contains advanced malicious capability. Once deployed, the system functions as normal, but allows for the attacker to remotely communicate with the system and use it as a conduit for additional compromise within the victim's environment."
            ],
            "x_capec_likelihood_of_attack": "Low",
            "x_capec_prerequisites": [
                "Physical access to the system after it has left the manufacturer but before it is deployed at the victim location."
            ],
            "x_capec_skills_required": {
                "High": "Hardware creation and manufacture of replacement components."
            },
            "x_capec_status": "Draft",
            "x_capec_typical_severity": "High",
            "x_capec_version": "3.6"
        }
    ],
    "spec_version": "2.0",
    "type": "bundle"
}