{
    "id": "bundle--79546048-2397-4cd3-885d-4a9599195c62",
    "objects": [
        {
            "created": "2014-06-23T00:00:00.000Z",
            "created_by_ref": "identity--e50ab59c-5c4f-4d40-bf6a-d58418d89bcd",
            "description": "An adversary distributes a link (or possibly some other query structure) with a request to a third party web server that is malformed and also contains a block of exploit code in order to have the exploit become live code in the resulting error page. When the third party web server receives the crafted request and notes the error it then creates an error message that echoes the malformed message, including the exploit. Doing this converts the exploit portion of the message into to valid language elements that are executed by the viewing browser. When a victim executes the query provided by the attacker the infected error message is returned including the exploit code which then runs in the victim's browser. XSS can result in execution of code as well as data leakage (e.g. session cookies can be sent to the attacker). This type of attack is especially dangerous since the exploit appears to come from the third party web server, who the victim may trust and hence be more vulnerable to deception.",
            "external_references": [
                {
                    "external_id": "CAPEC-198",
                    "source_name": "capec",
                    "url": "https://capec.mitre.org/data/definitions/198.html"
                },
                {
                    "external_id": "CWE-81",
                    "source_name": "cwe",
                    "url": "http://cwe.mitre.org/data/definitions/81.html"
                }
            ],
            "id": "attack-pattern--0e2bf24b-2931-45aa-a0e9-22eccfb310b2",
            "modified": "2021-06-24T00:00:00.000Z",
            "name": "XSS Targeting Error Pages",
            "object_marking_refs": [
                "marking-definition--17d82bb2-eeeb-4898-bda5-3ddbcd2b799d"
            ],
            "type": "attack-pattern",
            "x_capec_abstraction": "Detailed",
            "x_capec_child_of_refs": [
                "attack-pattern--61b17787-fe92-427c-9e6a-6311997d7b2a",
                "attack-pattern--800f8095-99b6-4bb9-8bc6-8b9727201a2f",
                "attack-pattern--b1eef783-daae-494c-a418-cd9ada7cbe8b"
            ],
            "x_capec_prerequisites": [
                "A third party web server which fails to adequately sanitize messages sent in error pages.",
                "The victim must be made to execute a query crafted by the attacker which results in the infected error report."
            ],
            "x_capec_resources_required": [
                "None: No specialized resources are required to execute this type of attack."
            ],
            "x_capec_status": "Draft",
            "x_capec_typical_severity": "Medium",
            "x_capec_version": "3.6"
        }
    ],
    "spec_version": "2.0",
    "type": "bundle"
}