{
    "id": "bundle--a4fff03d-e8e9-4495-96a8-5cd6a3f817c2",
    "objects": [
        {
            "created": "2014-06-23T00:00:00.000Z",
            "created_by_ref": "identity--e50ab59c-5c4f-4d40-bf6a-d58418d89bcd",
            "description": "An adversary leverages a legitimate capability of an application in such a way as to achieve a negative technical impact. The system functionality is not altered or modified but used in a way that was not intended. This is often accomplished through the overuse of a specific functionality or by leveraging functionality with design flaws that enables the adversary to gain access to unauthorized, sensitive data.",
            "external_references": [
                {
                    "external_id": "CAPEC-212",
                    "source_name": "capec",
                    "url": "https://capec.mitre.org/data/definitions/212.html"
                },
                {
                    "external_id": "CWE-1242",
                    "source_name": "cwe",
                    "url": "http://cwe.mitre.org/data/definitions/1242.html"
                },
                {
                    "external_id": "CWE-1246",
                    "source_name": "cwe",
                    "url": "http://cwe.mitre.org/data/definitions/1246.html"
                },
                {
                    "external_id": "CWE-1281",
                    "source_name": "cwe",
                    "url": "http://cwe.mitre.org/data/definitions/1281.html"
                }
            ],
            "id": "attack-pattern--c727c058-2c9d-4021-a1ec-81dd030dea59",
            "modified": "2021-06-24T00:00:00.000Z",
            "name": "Functionality Misuse",
            "object_marking_refs": [
                "marking-definition--17d82bb2-eeeb-4898-bda5-3ddbcd2b799d"
            ],
            "type": "attack-pattern",
            "x_capec_abstraction": "Meta",
            "x_capec_consequences": {
                "Availability": [
                    "Other (Depending on the adversary's intended technical impact, a successful attack of this kind can compromise any or all elements of the security triad.)"
                ],
                "Confidentiality": [
                    "Gain Privileges (A successful attack of this kind can compromise the confidentiality of an authorized user's credentials.)",
                    "Other (Depending on the adversary's intended technical impact, a successful attack of this kind can compromise any or all elements of the security triad.)"
                ],
                "Integrity": [
                    "Other (Depending on the adversary's intended technical impact, a successful attack of this kind can compromise any or all elements of the security triad.)"
                ]
            },
            "x_capec_likelihood_of_attack": "Medium",
            "x_capec_parent_of_refs": [
                "attack-pattern--5b2d7149-c0f3-4b42-9c10-febe7dfd3ea5",
                "attack-pattern--4ee9fc30-e736-4f4f-b55b-8a3008214042",
                "attack-pattern--83fc5df7-bb04-4ce7-b308-c9428e8f4456",
                "attack-pattern--addd93c9-9278-4185-b402-e505d632c815",
                "attack-pattern--e680008c-a642-4feb-a1c4-a29b54eb284a"
            ],
            "x_capec_prerequisites": [
                "The adversary has the capability to interact with the application directly.The target system does not adequately implement safeguards to prevent misuse of authorized actions/processes."
            ],
            "x_capec_skills_required": {
                "Low": "General computer knowledge about how applications are launched, how they interact with input/output, and how they are configured."
            },
            "x_capec_status": "Stable",
            "x_capec_typical_severity": "Medium",
            "x_capec_version": "3.6"
        }
    ],
    "spec_version": "2.0",
    "type": "bundle"
}