{
    "id": "bundle--bc3e3a27-9d06-44ad-8b91-63157b18d834",
    "objects": [
        {
            "created": "2015-11-09T00:00:00.000Z",
            "created_by_ref": "identity--e50ab59c-5c4f-4d40-bf6a-d58418d89bcd",
            "description": "In this attack scenario, the attacker uses knowledge of the target’s mobile phone number (i.e., the number associated with the SIM used in the retransmission device) to cause the cellular network to send broadcast messages to alert the mobile device. Since the network knows which cell tower the target’s mobile device is attached to, the broadcast messages are only sent in the Location Area Code (LAC) where the target is currently located. By triggering the cellular broadcast message and then listening for the presence or absence of that message, an attacker could verify that the target is in (or not in) a given location.",
            "external_references": [
                {
                    "external_id": "CAPEC-618",
                    "source_name": "capec",
                    "url": "https://capec.mitre.org/data/definitions/618.html"
                },
                {
                    "external_id": "CWE-201",
                    "source_name": "cwe",
                    "url": "http://cwe.mitre.org/data/definitions/201.html"
                },
                {
                    "description": "Denis Foo Kune, John Koelndorfer, Nicholas Hopper, Yongdae Kim, Location Leaks on the GSM Air Interface, University of Minnesota",
                    "external_id": "REF-487",
                    "source_name": "reference_from_CAPEC",
                    "url": "https://www-users.cs.umn.edu/~hoppernj/celluloc.pdf"
                }
            ],
            "id": "attack-pattern--3b775ca7-4c1d-4078-bc7b-29907b9596f7",
            "modified": "2018-07-31T00:00:00.000Z",
            "name": "Cellular Broadcast Message Request",
            "object_marking_refs": [
                "marking-definition--17d82bb2-eeeb-4898-bda5-3ddbcd2b799d"
            ],
            "type": "attack-pattern",
            "x_capec_abstraction": "Detailed",
            "x_capec_child_of_refs": [
                "attack-pattern--d780db94-413f-402d-a4d9-cf179b316c8c"
            ],
            "x_capec_consequences": {
                "Other": [
                    "Other (An attacker could verify that the target is in (or not in) a given location.)"
                ]
            },
            "x_capec_prerequisites": [
                "The attacker must have knowledge of the target’s mobile phone number."
            ],
            "x_capec_skills_required": {
                "Low": "Open source and commercial tools are available for this attack."
            },
            "x_capec_status": "Draft",
            "x_capec_typical_severity": "Low",
            "x_capec_version": "3.6"
        }
    ],
    "spec_version": "2.0",
    "type": "bundle"
}