{
    "id": "bundle--92a7013b-30e1-426c-aff8-ad2368751d65",
    "objects": [
        {
            "created": "2014-06-23T00:00:00.000Z",
            "created_by_ref": "identity--e50ab59c-5c4f-4d40-bf6a-d58418d89bcd",
            "description": "An adversary who is authorized or has the ability to search known system resources, does so with the intention of gathering useful information. System resources include files, memory, and other aspects of the target system. In this pattern of attack, the adversary does not necessarily know what they are going to find when they start pulling data. This is different than CAPEC-150 where the adversary knows what they are looking for due to the common location.",
            "external_references": [
                {
                    "external_id": "CAPEC-545",
                    "source_name": "capec",
                    "url": "https://capec.mitre.org/data/definitions/545.html"
                },
                {
                    "external_id": "CWE-1239",
                    "source_name": "cwe",
                    "url": "http://cwe.mitre.org/data/definitions/1239.html"
                },
                {
                    "external_id": "CWE-1243",
                    "source_name": "cwe",
                    "url": "http://cwe.mitre.org/data/definitions/1243.html"
                },
                {
                    "external_id": "CWE-1258",
                    "source_name": "cwe",
                    "url": "http://cwe.mitre.org/data/definitions/1258.html"
                },
                {
                    "external_id": "CWE-1266",
                    "source_name": "cwe",
                    "url": "http://cwe.mitre.org/data/definitions/1266.html"
                },
                {
                    "external_id": "CWE-1272",
                    "source_name": "cwe",
                    "url": "http://cwe.mitre.org/data/definitions/1272.html"
                },
                {
                    "external_id": "CWE-1278",
                    "source_name": "cwe",
                    "url": "http://cwe.mitre.org/data/definitions/1278.html"
                },
                {
                    "external_id": "CWE-1323",
                    "source_name": "cwe",
                    "url": "http://cwe.mitre.org/data/definitions/1323.html"
                },
                {
                    "external_id": "CWE-1324",
                    "source_name": "cwe",
                    "url": "http://cwe.mitre.org/data/definitions/1324.html"
                },
                {
                    "external_id": "CWE-1258",
                    "source_name": "cwe",
                    "url": "http://cwe.mitre.org/data/definitions/1258.html"
                },
                {
                    "external_id": "CWE-1330",
                    "source_name": "cwe",
                    "url": "http://cwe.mitre.org/data/definitions/1330.html"
                },
                {
                    "description": "Credentials from Password Stores:Keychain",
                    "external_id": "T1555.001",
                    "source_name": "ATTACK",
                    "url": "https://attack.mitre.org/wiki/Technique/T1555/001"
                },
                {
                    "description": "Data from Local System",
                    "external_id": "T1005",
                    "source_name": "ATTACK",
                    "url": "https://attack.mitre.org/wiki/Technique/T1005"
                }
            ],
            "id": "attack-pattern--191fbdab-d3b3-4ffd-8829-51331c20eaa7",
            "modified": "2021-06-24T00:00:00.000Z",
            "name": "Pull Data from System Resources",
            "object_marking_refs": [
                "marking-definition--17d82bb2-eeeb-4898-bda5-3ddbcd2b799d"
            ],
            "type": "attack-pattern",
            "x_capec_abstraction": "Standard",
            "x_capec_can_follow_refs": [
                "attack-pattern--f2654def-b86d-4ddb-888f-de6b50a103a2",
                "attack-pattern--9d08b257-08f6-42e3-ad7e-41aaf07789a1",
                "attack-pattern--056a463d-6303-438e-a43f-992cee52fb95"
            ],
            "x_capec_child_of_refs": [
                "attack-pattern--913426fa-ea1f-43b0-8492-1d363ea109d6"
            ],
            "x_capec_parent_of_refs": [
                "attack-pattern--1b75b059-c9ee-4c4d-b016-bafb20cce96b",
                "attack-pattern--ed3de4d7-a053-42e4-9f3d-3a6293034e96",
                "attack-pattern--a7ed6b37-4ede-4c34-bbb2-c422fb844d74",
                "attack-pattern--9a7492fa-b46e-48bc-aae9-beb1d359171e"
            ],
            "x_capec_status": "Draft",
            "x_capec_version": "3.6"
        }
    ],
    "spec_version": "2.0",
    "type": "bundle"
}