{
    "id": "bundle--2bd6ad6c-d336-431a-9327-c022e58999eb",
    "objects": [
        {
            "created": "2017-01-03T00:00:00.000Z",
            "created_by_ref": "identity--e50ab59c-5c4f-4d40-bf6a-d58418d89bcd",
            "description": "An adversary injects traffic into the target's network connection. The adversary is therefore able to degrade or disrupt the connection, and potentially modify the content. This is not a flooding attack, as the adversary is not focusing on exhausting resources. Instead, the adversary is crafting a specific input to affect the system in a particular way.",
            "external_references": [
                {
                    "external_id": "CAPEC-594",
                    "source_name": "capec",
                    "url": "https://capec.mitre.org/data/definitions/594.html"
                },
                {
                    "external_id": "CWE-940",
                    "source_name": "cwe",
                    "url": "http://cwe.mitre.org/data/definitions/940.html"
                }
            ],
            "id": "attack-pattern--6a7fbe0a-080e-4f8b-854d-1d959dbeab8e",
            "modified": "2021-06-24T00:00:00.000Z",
            "name": "Traffic Injection",
            "object_marking_refs": [
                "marking-definition--17d82bb2-eeeb-4898-bda5-3ddbcd2b799d"
            ],
            "type": "attack-pattern",
            "x_capec_abstraction": "Meta",
            "x_capec_consequences": {
                "Availability": [
                    "Unreliable Execution (The injection of specific content into a connection can trigger a disruption in that communications channel, thereby denying availability of the service.)"
                ],
                "Integrity": [
                    "Other (An adversary's injection of additional content into a communication channel negatively impacts the integrity of that channel.)"
                ]
            },
            "x_capec_parent_of_refs": [
                "attack-pattern--e6f6d082-2186-4008-b52f-91f67abdba90"
            ],
            "x_capec_prerequisites": [
                "The target application must leverage an open communications channel.",
                "The channel on which the target communicates must be vulnerable to interception (e.g., adversary in the middle attack - CAPEC-94)."
            ],
            "x_capec_resources_required": [
                "A tool, such as a MITM Proxy, that is capable of generating and injecting custom inputs to be used in the attack."
            ],
            "x_capec_status": "Stable",
            "x_capec_version": "3.6"
        }
    ],
    "spec_version": "2.0",
    "type": "bundle"
}