{
    "id": "bundle--b013e7e7-45d5-428e-8c5f-320014bc0c95",
    "objects": [
        {
            "created": "2014-06-23T00:00:00.000Z",
            "created_by_ref": "identity--e50ab59c-5c4f-4d40-bf6a-d58418d89bcd",
            "description": "An attacker provides a counterfeit component during the procurement process of a lower-tier component supplier to a sub-system developer or integrator, which is then built into the system being upgraded or repaired by the victim, allowing the attacker to cause disruption or additional compromise.",
            "external_references": [
                {
                    "external_id": "CAPEC-530",
                    "source_name": "capec",
                    "url": "https://capec.mitre.org/data/definitions/530.html"
                },
                {
                    "description": "John F. Miller, Supply Chain Attack Framework and Attack Patterns, 2013, The MITRE Corporation",
                    "external_id": "REF-439",
                    "source_name": "reference_from_CAPEC",
                    "url": "http://www.mitre.org/sites/default/files/publications/supply-chain-attack-framework-14-0228.pdf"
                }
            ],
            "id": "attack-pattern--b217a941-e854-468d-921b-beeba3c73a98",
            "modified": "2015-11-09T00:00:00.000Z",
            "name": "Provide Counterfeit Component",
            "object_marking_refs": [
                "marking-definition--17d82bb2-eeeb-4898-bda5-3ddbcd2b799d"
            ],
            "type": "attack-pattern",
            "x_capec_abstraction": "Detailed",
            "x_capec_child_of_refs": [
                "attack-pattern--fda936c1-236d-4460-a5a9-4555d9583b2e"
            ],
            "x_capec_example_instances": [
                "The attacker, aware that the victim has contracted with an integrator for system maintenance and that the integrator uses commercial-off-the-shelf network hubs, develops their own network hubs with a built-in malicious capability for remote access, the malicious network hubs appear to be a well-known brand of network hub but are not. The attacker then advertises to the sub-system integrator that they are a legit supplier of network hubs, and offers them at a reduced price to entice the integrator to purchase these network hubs. The integrator then installs the attacker's hubs at the victim's location, allowing the attacker to remotely compromise the victim's network."
            ],
            "x_capec_likelihood_of_attack": "Low",
            "x_capec_prerequisites": [
                "Advanced knowledge about the target system and sub-components."
            ],
            "x_capec_skills_required": {
                "High": "Able to develop and manufacture malicious system components that resemble legitimate name-brand components."
            },
            "x_capec_status": "Draft",
            "x_capec_typical_severity": "High",
            "x_capec_version": "3.6"
        }
    ],
    "spec_version": "2.0",
    "type": "bundle"
}