{
    "id": "bundle--52d87f99-7f30-4dc7-82da-396f1f1d69db",
    "objects": [
        {
            "created": "2014-06-23T00:00:00.000Z",
            "created_by_ref": "identity--e50ab59c-5c4f-4d40-bf6a-d58418d89bcd",
            "description": "An adversary uses TCP ACK segments to gather information about firewall or ACL configuration. The purpose of this type of scan is to discover information about filter configurations rather than port state. This type of scanning is rarely useful alone, but when combined with SYN scanning, gives a more complete picture of the type of firewall rules that are present. When a TCP ACK segment is sent to a closed port, or sent out-of-sync to a listening port, the RFC 793 expected behavior is for the device to respond with a RST. Getting RSTs back in response to a ACK scan gives the attacker useful information that can be used to infer the type of firewall present. Stateful firewalls will discard out-of-sync ACK packets, leading to no response. When this occurs the port is marked as filtered. When RSTs are received in response, the ports are marked as unfiltered, as the ACK packets solicited the expected behavior from a port. When combined with SYN techniques an attacker can gain a more complete picture of which types of packets get through to a host and thereby map out its firewall rule-set. ACK scanning, when combined with SYN scanning, also allows the adversary to analyze whether a firewall is stateful or non-stateful (described in notes). TCP ACK Scans are somewhat faster and more stealthy than other types of scans but often requires rather sophisticated analysis by an experienced person. A skilled adversary may use this method to map out firewall rules, but the results of ACK scanning will be less useful to a novice.",
            "external_references": [
                {
                    "external_id": "CAPEC-305",
                    "source_name": "capec",
                    "url": "https://capec.mitre.org/data/definitions/305.html"
                },
                {
                    "external_id": "CWE-200",
                    "source_name": "cwe",
                    "url": "http://cwe.mitre.org/data/definitions/200.html"
                },
                {
                    "description": "Stuart McClure, Joel Scambray, George Kurtz, Hacking Exposed: Network Security Secrets & Solutions (6th Edition), 2009, McGraw Hill",
                    "external_id": "REF-33",
                    "source_name": "reference_from_CAPEC"
                },
                {
                    "description": "Defense Advanced Research Projects Agency Information Processing Techniques Office, Information Sciences Institute University of Southern California, RFC793 - Transmission Control Protocol, 1981--09, Defense Advanced Research Projects Agency (DARPA)",
                    "external_id": "REF-128",
                    "source_name": "reference_from_CAPEC",
                    "url": "http://www.faqs.org/rfcs/rfc793.html"
                },
                {
                    "description": "Gordon \"Fyodor\" Lyon, Nmap Network Scanning: The Official Nmap Project Guide to Network Discovery and Security Scanning (3rd \"Zero Day\" Edition,), 2008, Insecure.com LLC, ISBN: 978-0-9799587-1-7",
                    "external_id": "REF-34",
                    "source_name": "reference_from_CAPEC"
                },
                {
                    "description": "Gordon \"Fyodor\" Lyon, The Art of Port Scanning (Volume: 7, Issue. 51), Phrack Magazine, 1997",
                    "external_id": "REF-130",
                    "source_name": "reference_from_CAPEC",
                    "url": "http://phrack.org/issues/51/11.html"
                }
            ],
            "id": "attack-pattern--4015afd1-0f49-4727-83f0-1855533c7de2",
            "modified": "2020-12-17T00:00:00.000Z",
            "name": "TCP ACK Scan",
            "object_marking_refs": [
                "marking-definition--17d82bb2-eeeb-4898-bda5-3ddbcd2b799d"
            ],
            "type": "attack-pattern",
            "x_capec_abstraction": "Detailed",
            "x_capec_child_of_refs": [
                "attack-pattern--9ca34308-a8e4-40b6-becd-3ff95bac628a"
            ],
            "x_capec_consequences": {
                "Access_Control": [
                    "Bypass Protection Mechanism",
                    "Hide Activities"
                ],
                "Authorization": [
                    "Bypass Protection Mechanism",
                    "Hide Activities"
                ],
                "Confidentiality": [
                    "Other",
                    "Bypass Protection Mechanism",
                    "Hide Activities"
                ]
            },
            "x_capec_execution_flow": "<h2> Execution Flow </h2><div><h3>Experiment</h3><ol><li> <p>An adversary sends TCP packets with the ACK flag set and that are not associated with an existing connection to target ports.</p></li><li> <p>An adversary uses the response from the target to determine the port's state. If a RST packet is received the target port is either closed or the ACK was sent out-of-sync. If no response is received, the target is likely using a stateful firewall.</p></li></ol></div>",
            "x_capec_prerequisites": [
                "The adversary requires logical access to the target network. ACK scanning requires the use of raw sockets, and thus cannot be performed from some Windows systems (Windows XP SP 2, for example). On Unix and Linux, raw socket manipulations require root privileges."
            ],
            "x_capec_resources_required": [
                "This attack can be achieved via the use of a network mapper or scanner, or via raw socket programming in a scripting language. Packet injection tools are also useful for this purpose. Depending upon the method used it may be necessary to sniff the network in order to see the response."
            ],
            "x_capec_status": "Stable",
            "x_capec_typical_severity": "Low",
            "x_capec_version": "3.6"
        }
    ],
    "spec_version": "2.0",
    "type": "bundle"
}