{
    "id": "bundle--0bd85e8a-a77c-4365-9a2d-e1da1091a3b6",
    "objects": [
        {
            "created": "2014-06-23T00:00:00.000Z",
            "created_by_ref": "identity--e50ab59c-5c4f-4d40-bf6a-d58418d89bcd",
            "description": "An adversary develops targeted malware that takes advantage of a known vulnerability in an organizational information technology environment. The malware crafted for these attacks is based specifically on information gathered about the technology environment. Successfully executing the malware enables an adversary to achieve a wide variety of negative technical impacts.",
            "external_references": [
                {
                    "external_id": "CAPEC-542",
                    "source_name": "capec",
                    "url": "https://capec.mitre.org/data/definitions/542.html"
                }
            ],
            "id": "attack-pattern--482cb9fc-0122-49f0-b6df-6d2d42098b0a",
            "modified": "2021-06-24T00:00:00.000Z",
            "name": "Targeted Malware",
            "object_marking_refs": [
                "marking-definition--17d82bb2-eeeb-4898-bda5-3ddbcd2b799d"
            ],
            "type": "attack-pattern",
            "x_capec_abstraction": "Standard",
            "x_capec_can_follow_refs": [
                "attack-pattern--9250f041-d55b-4610-aff0-979b5800dc18"
            ],
            "x_capec_can_precede_refs": [
                "attack-pattern--558870ad-9433-4e39-a0b0-d9b5c4691862"
            ],
            "x_capec_child_of_refs": [
                "attack-pattern--2c74d7f3-ccb4-4aea-b7fc-8a4da900ec80"
            ],
            "x_capec_parent_of_refs": [
                "attack-pattern--aef8e9e0-4714-4890-9470-06276c61abfd",
                "attack-pattern--13e147c3-7baa-4ec4-aafd-9135d46545cc",
                "attack-pattern--79037ec7-444c-42cb-a64b-fb4b4f6bd156",
                "attack-pattern--ccb9c607-8bfe-4141-8843-356453179da7",
                "attack-pattern--d9069913-2a5f-4ad5-878e-73181f0b1067",
                "attack-pattern--b63b2869-11e6-4849-8ddf-ae2557bf554b",
                "attack-pattern--9927fda8-927b-4327-b3f8-bcbd0467c702"
            ],
            "x_capec_status": "Draft",
            "x_capec_version": "3.6"
        }
    ],
    "spec_version": "2.0",
    "type": "bundle"
}