{
    "id": "bundle--fcf98f41-7343-4590-af89-e9d44e8570e7",
    "objects": [
        {
            "created": "2014-06-23T00:00:00.000Z",
            "created_by_ref": "identity--e50ab59c-5c4f-4d40-bf6a-d58418d89bcd",
            "description": "An adversary may try certain common or default usernames and passwords to gain access into the system and perform unauthorized actions. An adversary may try an intelligent brute force using empty passwords, known vendor default credentials, as well as a dictionary of common usernames and passwords. Many vendor products come preconfigured with default (and thus well-known) usernames and passwords that should be deleted prior to usage in a production environment. It is a common mistake to forget to remove these default login credentials. Another problem is that users would pick very simple (common) passwords (e.g. \"secret\" or \"password\") that make it easier for the attacker to gain access to the system compared to using a brute force attack or even a dictionary attack using a full dictionary.",
            "external_references": [
                {
                    "external_id": "CAPEC-70",
                    "source_name": "capec",
                    "url": "https://capec.mitre.org/data/definitions/70.html"
                },
                {
                    "external_id": "CWE-521",
                    "source_name": "cwe",
                    "url": "http://cwe.mitre.org/data/definitions/521.html"
                },
                {
                    "external_id": "CWE-262",
                    "source_name": "cwe",
                    "url": "http://cwe.mitre.org/data/definitions/262.html"
                },
                {
                    "external_id": "CWE-263",
                    "source_name": "cwe",
                    "url": "http://cwe.mitre.org/data/definitions/263.html"
                },
                {
                    "external_id": "CWE-798",
                    "source_name": "cwe",
                    "url": "http://cwe.mitre.org/data/definitions/798.html"
                },
                {
                    "external_id": "CWE-654",
                    "source_name": "cwe",
                    "url": "http://cwe.mitre.org/data/definitions/654.html"
                },
                {
                    "external_id": "CWE-308",
                    "source_name": "cwe",
                    "url": "http://cwe.mitre.org/data/definitions/308.html"
                },
                {
                    "external_id": "CWE-309",
                    "source_name": "cwe",
                    "url": "http://cwe.mitre.org/data/definitions/309.html"
                },
                {
                    "description": "Valid Accounts:Default Accounts",
                    "external_id": "T1078.001",
                    "source_name": "ATTACK",
                    "url": "https://attack.mitre.org/wiki/Technique/T1078/001"
                },
                {
                    "description": "Corporate IoT – a path to intrusion, 2019--10---05, Microsoft Security Response Center (MSRC)",
                    "external_id": "REF-572",
                    "source_name": "reference_from_CAPEC",
                    "url": "https://msrc-blog.microsoft.com/2019/08/05/corporate-iot-a-path-to-intrusion"
                },
                {
                    "description": "Risks of Default Passwords on the Internet, 2016--10---07, Cybersecurity and Infrastructure Security Agency (CISA)",
                    "external_id": "REF-574",
                    "source_name": "reference_from_CAPEC",
                    "url": "https://www.us-cert.gov/ncas/alerts/TA13-175A"
                },
                {
                    "description": "OWASP Web Security Testing Guide, The Open Web Application Security Project (OWASP)",
                    "external_id": "REF-596",
                    "source_name": "reference_from_CAPEC",
                    "url": "https://owasp.org/www-project-web-security-testing-guide/latest/4-Web_Application_Security_Testing/03-Identity_Management_Testing/04-Testing_for_Account_Enumeration_and_Guessable_User_Account.html"
                },
                {
                    "description": "OWASP Web Security Testing Guide, The Open Web Application Security Project (OWASP)",
                    "external_id": "REF-597",
                    "source_name": "reference_from_CAPEC",
                    "url": "https://owasp.org/www-project-web-security-testing-guide/latest/4-Web_Application_Security_Testing/04-Authentication_Testing/02-Testing_for_Default_Credentials.html"
                }
            ],
            "id": "attack-pattern--8c7bab16-5ecd-4778-9b04-c185bceed170",
            "modified": "2021-06-24T00:00:00.000Z",
            "name": "Try Common or Default Usernames and Passwords",
            "object_marking_refs": [
                "marking-definition--17d82bb2-eeeb-4898-bda5-3ddbcd2b799d"
            ],
            "type": "attack-pattern",
            "x_capec_abstraction": "Detailed",
            "x_capec_can_precede_refs": [
                "attack-pattern--03a731ef-751b-43de-9159-9667d4be4d1a",
                "attack-pattern--22802ed6-ddc6-4da7-b6be-60b10d26198b",
                "attack-pattern--886a7175-e28a-4e6d-bd22-3b1497e31dc7",
                "attack-pattern--f2654def-b86d-4ddb-888f-de6b50a103a2",
                "attack-pattern--2618d0a4-06d0-4bde-8271-2df61ed8297a"
            ],
            "x_capec_child_of_refs": [
                "attack-pattern--8d88a81c-bde9-4fb3-acbe-901c783d6427"
            ],
            "x_capec_consequences": {
                "Access_Control": [
                    "Gain Privileges"
                ],
                "Authorization": [
                    "Gain Privileges"
                ],
                "Confidentiality": [
                    "Gain Privileges"
                ]
            },
            "x_capec_example_instances": [
                "A user sets their password to \"123\" or intentionally leaves their password blank. If the system does not have password strength enforcement against a sound password policy, this password may be admitted. Passwords like these two examples are two simple and common passwords that are easily able to be guessed by the adversary.",
                "Cisco 2700 Series Wireless Location Appliances (version 2.1.34.0 and earlier) have a default administrator username \"root\" with a password \"password\". This allows remote attackers to easily obtain administrative privileges. See also: CVE-2006-5288",
                "In April 2019, adversaries attacked several popular IoT devices (a VOIP phone, an office printer, and a video decoder) across multiple customer locations. An investigation conducted by the Microsoft Security Resposne Center (MSRC) discovered that these devices were used to gain initial access to corporate networks. In two of the cases, the passwords for the devices were deployed without changing the default manufacturer’s passwords and in the third instance the latest security update had not been applied to the device. [REF-572]"
            ],
            "x_capec_likelihood_of_attack": "Medium",
            "x_capec_prerequisites": [
                "The system uses one factor password based authentication.The adversary has the means to interact with the system."
            ],
            "x_capec_resources_required": [
                "Technology or vendor specific list of default usernames and passwords."
            ],
            "x_capec_skills_required": {
                "Low": "An adversary just needs to gain access to common default usernames/passwords specific to the technologies used by the system. Additionally, a brute force attack leveraging common passwords can be easily realized if the user name is known."
            },
            "x_capec_status": "Draft",
            "x_capec_typical_severity": "High",
            "x_capec_version": "3.6"
        }
    ],
    "spec_version": "2.0",
    "type": "bundle"
}