{
    "id": "bundle--ee171535-ba01-45b5-b4e3-ef5802af9cce",
    "objects": [
        {
            "created": "2014-06-23T00:00:00.000Z",
            "created_by_ref": "identity--e50ab59c-5c4f-4d40-bf6a-d58418d89bcd",
            "description": "An attacker, leveraging the ability to manipulate components of primary support systems and tools within the development and production environments, inserts malicious software within the hardware and/or firmware development environment. The infiltration purpose is to alter developed hardware components in a system destined for deployment at the victim's organization, for the purpose of disruption or further compromise.",
            "external_references": [
                {
                    "external_id": "CAPEC-537",
                    "source_name": "capec",
                    "url": "https://capec.mitre.org/data/definitions/537.html"
                },
                {
                    "description": "John F. Miller, Supply Chain Attack Framework and Attack Patterns, 2013, The MITRE Corporation",
                    "external_id": "REF-439",
                    "source_name": "reference_from_CAPEC",
                    "url": "http://www.mitre.org/sites/default/files/publications/supply-chain-attack-framework-14-0228.pdf"
                }
            ],
            "id": "attack-pattern--7fb3fea4-e993-49f7-8c36-d58dd5038ad8",
            "modified": "2020-12-17T00:00:00.000Z",
            "name": "Infiltration of Hardware Development Environment",
            "object_marking_refs": [
                "marking-definition--17d82bb2-eeeb-4898-bda5-3ddbcd2b799d"
            ],
            "type": "attack-pattern",
            "x_capec_abstraction": "Detailed",
            "x_capec_child_of_refs": [
                "attack-pattern--efb74200-657d-438c-aaff-bbd9644dd72d"
            ],
            "x_capec_example_instances": [
                "The attacker, knowing the manufacturer runs email on a system adjacent to the hardware development systems used for hardware and/or firmware design, sends a phishing email with a malicious attachment to the manufacturer. When viewed, the malicious attachment installs a backdoor that allows the attacker to remotely compromise the adjacent hardware development system from the manufacturer's workstation. The attacker is then able to exfiltrate and alter sensitive data on the hardware system, allowing for future compromise once the developed system is deployed at the victim location."
            ],
            "x_capec_likelihood_of_attack": "Low",
            "x_capec_prerequisites": [
                "The victim must use email or removable media from systems running the IDE (or systems adjacent to the IDE systems).",
                "The victim must have a system running exploitable applications and/or a vulnerable configuration to allow for initial infiltration.",
                "The attacker must have working knowledge of some if not all of the components involved in the IDE system as well as the infrastructure."
            ],
            "x_capec_skills_required": {
                "High": "Development skills to construct malicious attachments that can be used to exploit vulnerabilities in typical desktop applications or system configurations. The malicious attachments should be crafted well enough to bypass typical defensive systems (IDS, anti-virus, etc)",
                "Medium": "Intelligence about the manufacturer's operating environment and infrastructure."
            },
            "x_capec_status": "Draft",
            "x_capec_typical_severity": "High",
            "x_capec_version": "3.6"
        }
    ],
    "spec_version": "2.0",
    "type": "bundle"
}