{
    "id": "bundle--1ea89158-034a-43a5-90bb-3514740967b1",
    "objects": [
        {
            "created": "2014-06-23T00:00:00.000Z",
            "created_by_ref": "identity--e50ab59c-5c4f-4d40-bf6a-d58418d89bcd",
            "description": "An adversary compares output from a target system to known indicators that uniquely identify specific details about the target. Most commonly, fingerprinting is done to determine operating system and application versions. Fingerprinting can be done passively as well as actively. Fingerprinting by itself is not usually detrimental to the target. However, the information gathered through fingerprinting often enables an adversary to discover existing weaknesses in the target.",
            "external_references": [
                {
                    "external_id": "CAPEC-224",
                    "source_name": "capec",
                    "url": "https://capec.mitre.org/data/definitions/224.html"
                },
                {
                    "external_id": "CWE-200",
                    "source_name": "cwe",
                    "url": "http://cwe.mitre.org/data/definitions/200.html"
                },
                {
                    "description": "Fingerprinting",
                    "external_id": "45",
                    "source_name": "WASC",
                    "url": "http://projects.webappsec.org/Fingerprinting"
                }
            ],
            "id": "attack-pattern--76e6fe1e-34f2-40cd-8f12-f4d4f9c41808",
            "modified": "2020-12-17T00:00:00.000Z",
            "name": "Fingerprinting",
            "object_marking_refs": [
                "marking-definition--17d82bb2-eeeb-4898-bda5-3ddbcd2b799d"
            ],
            "type": "attack-pattern",
            "x_capec_abstraction": "Meta",
            "x_capec_consequences": {
                "Confidentiality": [
                    "Read Data"
                ]
            },
            "x_capec_likelihood_of_attack": "High",
            "x_capec_parent_of_refs": [
                "attack-pattern--6227a1fc-7504-4a5f-b5b2-4c4f1fe38617",
                "attack-pattern--f40c59ce-f023-4e3e-937e-07fa2b7bc3ec",
                "attack-pattern--e7eec058-4cd9-4fa0-8784-ed961d8d7290"
            ],
            "x_capec_prerequisites": [
                "A means by which to interact with the target system directly."
            ],
            "x_capec_resources_required": [
                "If on a network, the adversary needs a tool capable of viewing network communications at the packet level and with header information, like Mitmproxy, Wireshark, or Fiddler."
            ],
            "x_capec_skills_required": {
                "Medium": "Some fingerprinting activity requires very specific knowledge of how different operating systems respond to various TCP/IP requests. Application fingerprinting can be as easy as envoking the application with the correct command line argument, or mouse clicking in the appropriate place on the screen."
            },
            "x_capec_status": "Stable",
            "x_capec_typical_severity": "Very Low",
            "x_capec_version": "3.6"
        }
    ],
    "spec_version": "2.0",
    "type": "bundle"
}