{
    "id": "bundle--7ecee0d9-3b31-4645-a0df-779335c07b48",
    "objects": [
        {
            "created": "2014-06-23T00:00:00.000Z",
            "created_by_ref": "identity--e50ab59c-5c4f-4d40-bf6a-d58418d89bcd",
            "description": "The adversary influences the target's actions by building a relationship where the target has a liking to the adversary. People are more likely to be influenced by people of whom they are fond, so the adversary attempts to ingratiate themself with the target via actions, appearance, or a combination thereof.",
            "external_references": [
                {
                    "external_id": "CAPEC-423",
                    "source_name": "capec",
                    "url": "https://capec.mitre.org/data/definitions/423.html"
                },
                {
                    "description": "The Official Social Engineering Portal, Social-Engineer.org, Tick Tock Computers, LLC",
                    "external_id": "REF-348",
                    "source_name": "reference_from_CAPEC",
                    "url": "http://www.social-engineer.org"
                }
            ],
            "id": "attack-pattern--57a56016-e387-456e-badf-a60523e58277",
            "modified": "2020-07-30T00:00:00.000Z",
            "name": "Influence Perception of Liking",
            "object_marking_refs": [
                "marking-definition--17d82bb2-eeeb-4898-bda5-3ddbcd2b799d"
            ],
            "type": "attack-pattern",
            "x_capec_abstraction": "Detailed",
            "x_capec_child_of_refs": [
                "attack-pattern--af1a9e65-4ca7-4551-b1de-6192539652c5"
            ],
            "x_capec_consequences": {
                "Availability": [
                    "Other (Attacks that leverage the principle of liking can lead to the target performing an action that results in a variety of consequences that negatively affect the confidentiality, availability, and/or integrity of an application or system.)"
                ],
                "Confidentiality": [
                    "Other (Attacks that leverage the principle of liking can lead to the target performing an action that results in a variety of consequences that negatively affect the confidentiality, availability, and/or integrity of an application or system.)"
                ],
                "Integrity": [
                    "Other (Attacks that leverage the principle of liking can lead to the target performing an action that results in a variety of consequences that negatively affect the confidentiality, availability, and/or integrity of an application or system.)"
                ]
            },
            "x_capec_likelihood_of_attack": "Medium",
            "x_capec_prerequisites": [
                "The adversary must have the means and knowledge of how to communicate with the target in some manner.The adversary must have knowledge of the types of things that the target likes."
            ],
            "x_capec_skills_required": {
                "Low": "The adversary requires strong inter-personal and communication skills."
            },
            "x_capec_status": "Stable",
            "x_capec_typical_severity": "Low",
            "x_capec_version": "3.6"
        }
    ],
    "spec_version": "2.0",
    "type": "bundle"
}