{
    "id": "bundle--52ebfd17-7b76-45a8-ac9b-632b51e35c44",
    "objects": [
        {
            "created": "2014-06-23T00:00:00.000Z",
            "created_by_ref": "identity--e50ab59c-5c4f-4d40-bf6a-d58418d89bcd",
            "description": "An attacker manipulates or crafts an LDAP query for the purpose of undermining the security of the target. Some applications use user input to create LDAP queries that are processed by an LDAP server. For example, a user might provide their username during authentication and the username might be inserted in an LDAP query during the authentication process. An attacker could use this input to inject additional commands into an LDAP query that could disclose sensitive information. For example, entering a * in the aforementioned query might return information about all users on the system. This attack is very similar to an SQL injection attack in that it manipulates a query to gather additional information or coerce a particular return value.",
            "external_references": [
                {
                    "external_id": "CAPEC-136",
                    "source_name": "capec",
                    "url": "https://capec.mitre.org/data/definitions/136.html"
                },
                {
                    "external_id": "CWE-77",
                    "source_name": "cwe",
                    "url": "http://cwe.mitre.org/data/definitions/77.html"
                },
                {
                    "external_id": "CWE-90",
                    "source_name": "cwe",
                    "url": "http://cwe.mitre.org/data/definitions/90.html"
                },
                {
                    "external_id": "CWE-20",
                    "source_name": "cwe",
                    "url": "http://cwe.mitre.org/data/definitions/20.html"
                },
                {
                    "description": "LDAP Injection",
                    "external_id": "29",
                    "source_name": "WASC",
                    "url": "http://projects.webappsec.org/LDAP-Injection"
                },
                {
                    "description": "LDAP Injection",
                    "source_name": "OWASP Attacks",
                    "url": "https://owasp.org/www-community/attacks/LDAP_Injection"
                },
                {
                    "description": "WASC Threat Classification 2.0, 2010, The Web Application Security Consortium (WASC)",
                    "external_id": "REF-17",
                    "source_name": "reference_from_CAPEC",
                    "url": "http://projects.webappsec.org/LDAP-Injection"
                },
                {
                    "description": "OWASP Web Security Testing Guide, The Open Web Application Security Project (OWASP)",
                    "external_id": "REF-608",
                    "source_name": "reference_from_CAPEC",
                    "url": "https://owasp.org/www-project-web-security-testing-guide/latest/4-Web_Application_Security_Testing/07-Input_Validation_Testing/06-Testing_for_LDAP_Injection.html"
                }
            ],
            "id": "attack-pattern--4b435e98-08cb-4464-bf08-32f95e011d05",
            "modified": "2020-12-17T00:00:00.000Z",
            "name": "LDAP Injection",
            "object_marking_refs": [
                "marking-definition--17d82bb2-eeeb-4898-bda5-3ddbcd2b799d"
            ],
            "type": "attack-pattern",
            "x_capec_abstraction": "Standard",
            "x_capec_child_of_refs": [
                "attack-pattern--2fb2b2b8-b7de-45a2-aadb-5849d12fda8f"
            ],
            "x_capec_consequences": {
                "Access_Control": [
                    "Bypass Protection Mechanism"
                ],
                "Accountability": [
                    "Gain Privileges"
                ],
                "Authentication": [
                    "Gain Privileges"
                ],
                "Authorization": [
                    "Execute Unauthorized Commands (Run Arbitrary Code)",
                    "Gain Privileges",
                    "Bypass Protection Mechanism"
                ],
                "Availability": [
                    "Unreliable Execution"
                ],
                "Confidentiality": [
                    "Read Data"
                ],
                "Integrity": [
                    "Modify Data"
                ],
                "Non-Repudiation": [
                    "Gain Privileges"
                ]
            },
            "x_capec_example_instances": [
                "PowerDNS before 2.9.18, when running with an LDAP backend, does not properly escape LDAP queries, which allows remote attackers to cause a denial of service (failure to answer ldap questions) and possibly conduct an LDAP injection attack. See also: CVE-2005-2301"
            ],
            "x_capec_execution_flow": "<h2> Execution Flow </h2><div><h3>Explore</h3><ol><li> <p> <b>Survey application: </b>The attacker takes an inventory of the entry points of the application.</p></li><table><tbody><tr><th>Techniques</th></tr><tr><td>Spider web sites for all available links</td></tr><tr><td>Sniff network communications with application using a utility such as WireShark.</td></tr></tbody></table></ol></div><div><h3>Experiment</h3><ol><li> <p> <b>Determine user-controllable input susceptible to LDAP injection: </b>For each user-controllable input that the attacker suspects is vulnerable to LDAP injection, attempt to inject characters that have special meaning in LDAP (such as a single quote character, etc.). The goal is to create a LDAP query with an invalid syntax</p></li><table><tbody><tr><th>Techniques</th></tr><tr><td>Use web browser to inject input through text fields or through HTTP GET parameters</td></tr><tr><td>Use a web application debugging tool such as Tamper Data, TamperIE, WebScarab,etc. to modify HTTP POST parameters, hidden fields, non-freeform fields, or other HTTP header.</td></tr><tr><td>Use modified client (modified by reverse engineering) to inject input.</td></tr></tbody></table><li> <p> <b>Try to exploit the LDAP injection vulnerability: </b>After determining that a given input is vulnerable to LDAP Injection, hypothesize what the underlying query looks like. Possibly using a tool, iteratively try to add logic to the query to extract information from the LDAP, or to modify or delete information in the LDAP.</p></li><table><tbody><tr><th>Techniques</th></tr><tr><td>Add logic to the LDAP query to change the meaning of that command. Automated tools could be used to generate the LDAP injection strings.</td></tr><tr><td>Use a web application debugging tool such as Tamper Data, TamperIE, WebScarab,etc. to modify HTTP POST parameters, hidden fields, non-freeform fields, or other HTTP header.</td></tr></tbody></table></ol></div>",
            "x_capec_likelihood_of_attack": "High",
            "x_capec_prerequisites": [
                "The target application must accept a string as user input, fail to sanitize characters that have a special meaning in LDAP queries in the user input, and insert the user-supplied string in an LDAP query which is then processed."
            ],
            "x_capec_skills_required": {
                "Medium": "The attacker needs to have knowledge of LDAP, especially its query syntax."
            },
            "x_capec_status": "Draft",
            "x_capec_typical_severity": "High",
            "x_capec_version": "3.6"
        }
    ],
    "spec_version": "2.0",
    "type": "bundle"
}