{
    "id": "bundle--ff8db9ac-e6ab-4193-8ded-5bb6b5d2021f",
    "objects": [
        {
            "created": "2014-06-23T00:00:00.000Z",
            "created_by_ref": "identity--e50ab59c-5c4f-4d40-bf6a-d58418d89bcd",
            "description": "This attack pattern has been deprecated as it is a duplicate of the existing attack pattern \"CAPEC-65 : Sniff Application Code\". Please refer to this other CAPEC going forward.",
            "external_references": [
                {
                    "external_id": "CAPEC-258",
                    "source_name": "capec",
                    "url": "https://capec.mitre.org/data/definitions/258.html"
                }
            ],
            "id": "attack-pattern--33d398f3-dd5f-4e9f-ba4b-5ed8f189a78d",
            "modified": "2017-08-04T00:00:00.000Z",
            "name": "DEPRECATED: Passively Sniffing and Capturing Application Code Bound for an Authorized Client During Dynamic Update",
            "object_marking_refs": [
                "marking-definition--17d82bb2-eeeb-4898-bda5-3ddbcd2b799d"
            ],
            "type": "attack-pattern",
            "x_capec_abstraction": "Detailed",
            "x_capec_status": "Deprecated",
            "x_capec_version": "3.6"
        }
    ],
    "spec_version": "2.0",
    "type": "bundle"
}