{
    "id": "bundle--0bbcc32b-5420-4630-ae81-3e85c3ca0a04",
    "objects": [
        {
            "created": "2014-06-23T00:00:00.000Z",
            "created_by_ref": "identity--e50ab59c-5c4f-4d40-bf6a-d58418d89bcd",
            "description": "This attack pattern has been deprecated as it is a duplicate of CAPEC-37 : Retrieve Embedded Sensitive Data. Please refer to this other pattern going forward.",
            "external_references": [
                {
                    "external_id": "CAPEC-205",
                    "source_name": "capec",
                    "url": "https://capec.mitre.org/data/definitions/205.html"
                }
            ],
            "id": "attack-pattern--1d84e8ef-4dc7-45bb-b079-09a0a6233bf9",
            "modified": "2017-05-01T00:00:00.000Z",
            "name": "DEPRECATED: Lifting credential(s)/key material embedded in client distributions (thick or thin)",
            "object_marking_refs": [
                "marking-definition--17d82bb2-eeeb-4898-bda5-3ddbcd2b799d"
            ],
            "type": "attack-pattern",
            "x_capec_abstraction": "Detailed",
            "x_capec_status": "Deprecated",
            "x_capec_version": "3.6"
        }
    ],
    "spec_version": "2.0",
    "type": "bundle"
}