{
    "id": "bundle--ffe1e58f-1d9b-4d9a-86a8-e3c77fa73d75",
    "objects": [
        {
            "created": "2014-06-23T00:00:00.000Z",
            "created_by_ref": "identity--e50ab59c-5c4f-4d40-bf6a-d58418d89bcd",
            "description": "An attacker manipulates either egress or ingress data from a client within an application framework in order to change the destination and/or content of buttons displayed to a user within API messages. Performing this attack allows the attacker to manipulate content in such a way as to produce messages or content that looks authentic but contains buttons that point to an attacker controlled destination.",
            "external_references": [
                {
                    "external_id": "CAPEC-388",
                    "source_name": "capec",
                    "url": "https://capec.mitre.org/data/definitions/388.html"
                },
                {
                    "external_id": "CWE-471",
                    "source_name": "cwe",
                    "url": "http://cwe.mitre.org/data/definitions/471.html"
                },
                {
                    "external_id": "CWE-345",
                    "source_name": "cwe",
                    "url": "http://cwe.mitre.org/data/definitions/345.html"
                },
                {
                    "external_id": "CWE-346",
                    "source_name": "cwe",
                    "url": "http://cwe.mitre.org/data/definitions/346.html"
                },
                {
                    "external_id": "CWE-602",
                    "source_name": "cwe",
                    "url": "http://cwe.mitre.org/data/definitions/602.html"
                },
                {
                    "external_id": "CWE-311",
                    "source_name": "cwe",
                    "url": "http://cwe.mitre.org/data/definitions/311.html"
                },
                {
                    "description": "Tom Stracener, Sean Barnum, So Many Ways [...]: Exploiting Facebook and YoVille, 2010, Defcon 18",
                    "external_id": "REF-327",
                    "source_name": "reference_from_CAPEC"
                }
            ],
            "id": "attack-pattern--9c41b3f7-76fa-4864-9b1d-304327dcd55c",
            "modified": "2021-06-24T00:00:00.000Z",
            "name": "Application API Button Hijacking",
            "object_marking_refs": [
                "marking-definition--17d82bb2-eeeb-4898-bda5-3ddbcd2b799d"
            ],
            "type": "attack-pattern",
            "x_capec_abstraction": "Detailed",
            "x_capec_child_of_refs": [
                "attack-pattern--9df3addd-7bea-44e5-be63-4cc46d64fbea"
            ],
            "x_capec_example_instances": [
                "\n               <xhtml:p>An in-game event occurs and the attacker traps the result, which turns out to be a form that will be populated to their primary profile. The attacker, using a MITM proxy, observes the following data:</xhtml:p>\n               <xhtml:div style=\"margin-left:10px;\" class=\"informative\">[Button][Claim_Item]Sourdough_Cookie[URL_IMG]foo[/URL_IMG][Claim_Link]bar[/Claim_Link]</xhtml:div>\n               <xhtml:p>By altering the destination of \"Claim_Link\" to point to the attackers' server an unwitting victim can be enticed to click the link. Another example would be for the attacker to rewrite the button destinations for an event so that clicking \"Yes\" or \"No\" causes the user to load the attackers' code.</xhtml:p>\n            "
            ],
            "x_capec_prerequisites": [
                "Targeted software is utilizing application framework APIs"
            ],
            "x_capec_resources_required": [
                "A software program that allows the use of adversary-in-the-middle (CAPEC-94) communications between the client and server, such as a adversary-in-the-middle (CAPEC-94) proxy."
            ],
            "x_capec_status": "Draft",
            "x_capec_typical_severity": "Medium",
            "x_capec_version": "3.6"
        }
    ],
    "spec_version": "2.0",
    "type": "bundle"
}