{
    "id": "bundle--a8536d72-8e5f-461e-9c9a-8441171e7e44",
    "objects": [
        {
            "created": "2014-06-23T00:00:00.000Z",
            "created_by_ref": "identity--e50ab59c-5c4f-4d40-bf6a-d58418d89bcd",
            "description": "This attack pattern has been deprecated as it is a duplicate of the existing attack pattern \"CAPEC-77 : Manipulating User-Controlled Variables\". Please refer to this other CAPEC going forward.",
            "external_references": [
                {
                    "external_id": "CAPEC-171",
                    "source_name": "capec",
                    "url": "https://capec.mitre.org/data/definitions/171.html"
                }
            ],
            "id": "attack-pattern--3ad3af20-92d7-4315-893f-58223d2183b7",
            "modified": "2017-05-01T00:00:00.000Z",
            "name": "DEPRECATED: Variable Manipulation",
            "object_marking_refs": [
                "marking-definition--17d82bb2-eeeb-4898-bda5-3ddbcd2b799d"
            ],
            "type": "attack-pattern",
            "x_capec_abstraction": "Meta",
            "x_capec_status": "Deprecated",
            "x_capec_version": "3.6"
        }
    ],
    "spec_version": "2.0",
    "type": "bundle"
}