{
    "id": "bundle--ba4beb74-acde-42b5-99c8-f7e2a24dae58",
    "objects": [
        {
            "created": "2018-07-31T00:00:00.000Z",
            "created_by_ref": "identity--e50ab59c-5c4f-4d40-bf6a-d58418d89bcd",
            "description": "The adversary exploits the target system's audio and video functionalities through malware or scheduled tasks. The goal is to capture sensitive information about the target for financial, personal, political, or other gains which is accomplished by collecting communication data between two parties via the use of peripheral devices (e.g. microphones and webcams) or applications with audio and video capabilities (e.g. Skype) on a system.",
            "external_references": [
                {
                    "external_id": "CAPEC-634",
                    "source_name": "capec",
                    "url": "https://capec.mitre.org/data/definitions/634.html"
                },
                {
                    "external_id": "CWE-267",
                    "source_name": "cwe",
                    "url": "http://cwe.mitre.org/data/definitions/267.html"
                },
                {
                    "description": "Audio Capture",
                    "external_id": "T1123",
                    "source_name": "ATTACK",
                    "url": "https://attack.mitre.org/wiki/Technique/T1123"
                },
                {
                    "description": "Video Capture",
                    "external_id": "T1125",
                    "source_name": "ATTACK",
                    "url": "https://attack.mitre.org/wiki/Technique/T1125"
                },
                {
                    "description": "Amrita Mitra, What is Car Whisperer?, 2017--03---08, The Security Buddy",
                    "external_id": "REF-653",
                    "source_name": "reference_from_CAPEC",
                    "url": "https://www.thesecuritybuddy.com/bluetooth-security/what-is-car-whisperer/"
                },
                {
                    "description": "What is Bluesnarfing?, 2017--03---13, Finjan Mobile",
                    "external_id": "REF-654",
                    "source_name": "reference_from_CAPEC",
                    "url": "https://www.finjanmobile.com/what-is-bluesnarfing/"
                }
            ],
            "id": "attack-pattern--a7ed6b37-4ede-4c34-bbb2-c422fb844d74",
            "modified": "2021-06-24T00:00:00.000Z",
            "name": "Probe Audio and Video Peripherals",
            "object_marking_refs": [
                "marking-definition--17d82bb2-eeeb-4898-bda5-3ddbcd2b799d"
            ],
            "type": "attack-pattern",
            "x_capec_abstraction": "Detailed",
            "x_capec_child_of_refs": [
                "attack-pattern--94e596d2-6844-4031-80c3-8522642aaff8",
                "attack-pattern--191fbdab-d3b3-4ffd-8829-51331c20eaa7"
            ],
            "x_capec_consequences": {
                "Confidentiality": [
                    "Read Data"
                ]
            },
            "x_capec_example_instances": [
                "An adversary can capture audio and video, and transmit the recordings to a C2 server or a similar capability.",
                "An adversary can capture and record from audio peripherals in a vehicle via a Car Whisperer attack. If an adversary is within close proximity to a vehicle with Bluetooth capabilities, they may attempt to connect to the hands-free system when it is in pairing mode. With successful authentication, if an authentication system is present at all, an adversary may be able to play music/voice recordings, as well begin a recording and capture conversations happening inside the vehicle. Successful authentication relies on the pairing security key being set to a default value, or by brute force (which may be less practical in an outside environment) Depending on the sensitivity of the information being discussed, this scenario can be extremely compromising.",
                "An adversary may also use a technique called Bluebugging, which is similar to Bluesnarfing but requires the adversary to be between 10-15 meters of the target device. Bluebugging creates a backdoor for an attacker to listen/record phone calls, forward calls, send SMS and retrieve the phonebook."
            ],
            "x_capec_likelihood_of_attack": "Low",
            "x_capec_prerequisites": [
                "Knowledge of the target device's or application’s vulnerabilities that can be capitalized on with malicious code. The adversary must be able to place the malicious code on the target device."
            ],
            "x_capec_skills_required": {
                "High": "To deploy a hidden process or malware on the system to automatically collect audio and video data."
            },
            "x_capec_status": "Stable",
            "x_capec_typical_severity": "High",
            "x_capec_version": "3.6"
        }
    ],
    "spec_version": "2.0",
    "type": "bundle"
}