{
    "id": "bundle--de7adf1e-c888-4a44-9b3f-7d68e41ea6be",
    "objects": [
        {
            "created": "2014-06-23T00:00:00.000Z",
            "created_by_ref": "identity--e50ab59c-5c4f-4d40-bf6a-d58418d89bcd",
            "description": "An adversary, through a previously installed malicious application, displays an interface that misleads the user and convinces them to tap on an attacker desired location on the screen. This is often accomplished by overlaying one screen on top of another while giving the appearance of a single interface. There are two main techniques used to accomplish this. The first is to leverage transparent properties that allow taps on the screen to pass through the visible application to an application running in the background. The second is to strategically place a small object (e.g., a button or text field) on top of the visible screen and make it appear to be a part of the underlying application. In both cases, the user is convinced to tap on the screen but does not realize the application that they are interacting with.",
            "external_references": [
                {
                    "external_id": "CAPEC-506",
                    "source_name": "capec",
                    "url": "https://capec.mitre.org/data/definitions/506.html"
                },
                {
                    "external_id": "CWE-1021",
                    "source_name": "cwe",
                    "url": "http://cwe.mitre.org/data/definitions/1021.html"
                },
                {
                    "description": "Marcus Niemietz, Jorg Schwenk, UI Redressing Attacks on Android Devices, 2012, Horst Gortz Institute for IT-Security",
                    "external_id": "REF-436",
                    "source_name": "reference_from_CAPEC",
                    "url": "https://media.blackhat.com/ad-12/Niemietz/bh-ad-12-androidmarcus_niemietz-WP.pdf"
                },
                {
                    "description": "David Richardson, Look-10-007 - Tapjacking, 2010, Lookout Mobile Security",
                    "external_id": "REF-437",
                    "source_name": "reference_from_CAPEC",
                    "url": "https://blog.lookout.com/look-10-007-tapjacking/"
                }
            ],
            "id": "attack-pattern--79309efd-dd13-41d2-81c6-ec382bced2b4",
            "modified": "2020-07-30T00:00:00.000Z",
            "name": "Tapjacking",
            "object_marking_refs": [
                "marking-definition--17d82bb2-eeeb-4898-bda5-3ddbcd2b799d"
            ],
            "type": "attack-pattern",
            "x_capec_abstraction": "Standard",
            "x_capec_child_of_refs": [
                "attack-pattern--fc3a9a6f-66c9-4363-8ebd-9bd18725fff8"
            ],
            "x_capec_likelihood_of_attack": "Low",
            "x_capec_prerequisites": [
                "This pattern of attack requires the ability to execute a malicious application on the user's device. This malicious application is used to present the interface to the user and make the attack possible."
            ],
            "x_capec_status": "Draft",
            "x_capec_typical_severity": "Low",
            "x_capec_version": "3.6"
        }
    ],
    "spec_version": "2.0",
    "type": "bundle"
}