{
    "id": "bundle--2761b74d-b5be-4bf4-abcf-957abc036a53",
    "objects": [
        {
            "created": "2014-06-23T00:00:00.000Z",
            "created_by_ref": "identity--e50ab59c-5c4f-4d40-bf6a-d58418d89bcd",
            "description": "An attacker uses standard SQL injection methods to inject data into the command line for execution. This could be done directly through misuse of directives such as MSSQL_xp_cmdshell or indirectly through injection of data into the database that would be interpreted as shell commands. Sometime later, an unscrupulous backend application (or could be part of the functionality of the same application) fetches the injected data stored in the database and uses this data as command line arguments without performing proper validation. The malicious data escapes that data plane by spawning new commands to be executed on the host.",
            "external_references": [
                {
                    "external_id": "CAPEC-108",
                    "source_name": "capec",
                    "url": "https://capec.mitre.org/data/definitions/108.html"
                },
                {
                    "external_id": "CWE-89",
                    "source_name": "cwe",
                    "url": "http://cwe.mitre.org/data/definitions/89.html"
                },
                {
                    "external_id": "CWE-74",
                    "source_name": "cwe",
                    "url": "http://cwe.mitre.org/data/definitions/74.html"
                },
                {
                    "external_id": "CWE-20",
                    "source_name": "cwe",
                    "url": "http://cwe.mitre.org/data/definitions/20.html"
                },
                {
                    "external_id": "CWE-78",
                    "source_name": "cwe",
                    "url": "http://cwe.mitre.org/data/definitions/78.html"
                },
                {
                    "external_id": "CWE-114",
                    "source_name": "cwe",
                    "url": "http://cwe.mitre.org/data/definitions/114.html"
                }
            ],
            "id": "attack-pattern--89acf77d-723b-43b4-b66d-6eaafed52369",
            "modified": "2017-08-04T00:00:00.000Z",
            "name": "Command Line Execution through SQL Injection",
            "object_marking_refs": [
                "marking-definition--17d82bb2-eeeb-4898-bda5-3ddbcd2b799d"
            ],
            "type": "attack-pattern",
            "x_capec_abstraction": "Detailed",
            "x_capec_can_follow_refs": [
                "attack-pattern--7c90bef7-530c-427b-8fb7-f9d3eda9c26a"
            ],
            "x_capec_child_of_refs": [
                "attack-pattern--42acc604-a86c-46f7-bd03-6e532c02d85e"
            ],
            "x_capec_consequences": {
                "Access_Control": [
                    "Gain Privileges"
                ],
                "Authorization": [
                    "Gain Privileges"
                ],
                "Availability": [
                    "Unreliable Execution",
                    "Execute Unauthorized Commands (Run Arbitrary Code)"
                ],
                "Confidentiality": [
                    "Read Data",
                    "Gain Privileges",
                    "Execute Unauthorized Commands (Run Arbitrary Code)"
                ],
                "Integrity": [
                    "Modify Data",
                    "Execute Unauthorized Commands (Run Arbitrary Code)"
                ]
            },
            "x_capec_example_instances": [
                "\n               <xhtml:p>SQL injection vulnerability in Cacti 0.8.6i and earlier, when register_argc_argv is enabled, allows remote attackers to execute arbitrary SQL commands via the (1) second or (2) third arguments to cmd.php. NOTE: this issue can be leveraged to execute arbitrary commands since the SQL query results are later used in the polling_items array and popen function (CVE-2006-6799).</xhtml:p>\n               <xhtml:p>Reference: http://cve.mitre.org/cgi-bin/cvename.cgi?name=CVE-2006-6799</xhtml:p>\n            "
            ],
            "x_capec_execution_flow": "<h2> Execution Flow </h2><div><h3>Explore</h3><ol><li> <p> <b>Probe for SQL Injection vulnerability: </b>The attacker injects SQL syntax into user-controllable data inputs to search unfiltered execution of the SQL syntax in a query.</p></li></ol></div><div><h3>Exploit</h3><ol><li> <p> <b>Achieve arbitrary command execution through SQL Injection with the MSSQL_xp_cmdshell directive: </b>The attacker leverages a SQL Injection attack to inject shell code to be executed by leveraging the xp_cmdshell directive.</p></li><li> <p> <b>Inject malicious data in the database: </b>Leverage SQL injection to inject data in the database that could later be used to achieve command injection if ever used as a command line argument</p></li><li> <p> <b>Trigger command line execution with injected arguments: </b>The attacker causes execution of command line functionality which leverages previously injected database content as arguments.</p></li></ol></div>",
            "x_capec_likelihood_of_attack": "Low",
            "x_capec_prerequisites": [
                "The application does not properly validate data before storing in the database",
                "Backend application implicitly trusts the data stored in the database",
                "Malicious data is used on the backend as a command line argument"
            ],
            "x_capec_resources_required": [
                "None: No specialized resources are required to execute this type of attack."
            ],
            "x_capec_skills_required": {
                "High": "The attacker most likely has to be familiar with the internal functionality of the system to launch this attack. Without that knowledge, there are not many feedback mechanisms to give an attacker the indication of how to perform command injection or whether the attack is succeeding."
            },
            "x_capec_status": "Draft",
            "x_capec_typical_severity": "Very High",
            "x_capec_version": "3.6"
        }
    ],
    "spec_version": "2.0",
    "type": "bundle"
}