{
    "id": "bundle--15f2e0a0-4168-4647-810f-e687390da2d6",
    "objects": [
        {
            "created": "2014-06-23T00:00:00.000Z",
            "created_by_ref": "identity--e50ab59c-5c4f-4d40-bf6a-d58418d89bcd",
            "description": "This pattern has been deprecated as it was determined to be an unnecessary layer of abstraction. Please refer to the standard level pattern CAPEC-312 : Active OS Fingerprinting going forward, or to any of the detailed patterns that are children of CAPEC-312.",
            "external_references": [
                {
                    "external_id": "CAPEC-316",
                    "source_name": "capec",
                    "url": "https://capec.mitre.org/data/definitions/316.html"
                }
            ],
            "id": "attack-pattern--c66198ff-3ef2-4d2e-abf6-ae4b21a77488",
            "modified": "2018-07-31T00:00:00.000Z",
            "name": "DEPRECATED: ICMP Fingerprinting Probes",
            "object_marking_refs": [
                "marking-definition--17d82bb2-eeeb-4898-bda5-3ddbcd2b799d"
            ],
            "type": "attack-pattern",
            "x_capec_abstraction": "Standard",
            "x_capec_status": "Deprecated",
            "x_capec_version": "3.6"
        }
    ],
    "spec_version": "2.0",
    "type": "bundle"
}