{
    "id": "bundle--f1193d33-4243-4432-9abf-91632d0d5759",
    "objects": [
        {
            "created": "2014-06-23T00:00:00.000Z",
            "created_by_ref": "identity--e50ab59c-5c4f-4d40-bf6a-d58418d89bcd",
            "description": "An adversary sends out an ICMP Type 8 Echo Request, commonly known as a 'Ping', in order to determine if a target system is responsive. If the request is not blocked by a firewall or ACL, the target host will respond with an ICMP Type 0 Echo Reply datagram. This type of exchange is usually referred to as a 'Ping' due to the Ping utility present in almost all operating systems. Ping, as commonly implemented, allows a user to test for alive hosts, measure round-trip time, and measure the percentage of packet loss. Performing this operation for a range of hosts on the network is known as a 'Ping Sweep'. While the Ping utility is useful for small-scale host discovery, it was not designed for rapid or efficient host discovery over large network blocks. Other scanning utilities have been created that make ICMP ping sweeps easier to perform. Most networks filter ingress ICMP Type 8 messages for security reasons. Various other methods of performing ping sweeps have developed as a result. It is important to recognize the key security goal of the adversary is to discover if an IP address is alive, or has a responsive host. To this end, virtually any type of ICMP message, as defined by RFC 792 is useful. An adversary can cycle through various types of ICMP messages to determine if holes exist in the firewall configuration. When ICMP ping sweeps fail to discover hosts, other protocols can be used for the same purpose, such as TCP SYN or ACK segments, UDP datagrams sent to closed ports, etc.",
            "external_references": [
                {
                    "external_id": "CAPEC-285",
                    "source_name": "capec",
                    "url": "https://capec.mitre.org/data/definitions/285.html"
                },
                {
                    "external_id": "CWE-200",
                    "source_name": "cwe",
                    "url": "http://cwe.mitre.org/data/definitions/200.html"
                },
                {
                    "description": "Stuart McClure, Joel Scambray, George Kurtz, Hacking Exposed: Network Security Secrets & Solutions (6th Edition), 2009, McGraw Hill",
                    "external_id": "REF-33",
                    "source_name": "reference_from_CAPEC"
                },
                {
                    "description": "J. Postel, RFC792 - Internet Control Messaging Protocol, 1981--09, Defense Advanced Research Projects Agency (DARPA)",
                    "external_id": "REF-123",
                    "source_name": "reference_from_CAPEC",
                    "url": "http://www.faqs.org/rfcs/rfc792.html"
                },
                {
                    "description": "R. Braden, Ed., RFC1122 - Requirements for Internet Hosts - Communication Layers, 1989--10",
                    "external_id": "REF-124",
                    "source_name": "reference_from_CAPEC",
                    "url": "http://www.faqs.org/rfcs/rfc1122.html"
                },
                {
                    "description": "Mark Wolfgang, Host Discovery with Nmap, 2002--11",
                    "external_id": "REF-125",
                    "source_name": "reference_from_CAPEC",
                    "url": "http://nmap.org/docs/discovery.pdf"
                },
                {
                    "description": "Gordon \"Fyodor\" Lyon, Nmap Network Scanning: The Official Nmap Project Guide to Network Discovery and Security Scanning (3rd \"Zero Day\" Edition,), 2008, Insecure.com LLC, ISBN: 978-0-9799587-1-7",
                    "external_id": "REF-34",
                    "source_name": "reference_from_CAPEC"
                }
            ],
            "id": "attack-pattern--9c520f01-d8ec-425f-90ef-41422cfe083e",
            "modified": "2019-09-30T00:00:00.000Z",
            "name": "ICMP Echo Request Ping",
            "object_marking_refs": [
                "marking-definition--17d82bb2-eeeb-4898-bda5-3ddbcd2b799d"
            ],
            "type": "attack-pattern",
            "x_capec_abstraction": "Detailed",
            "x_capec_child_of_refs": [
                "attack-pattern--d780db94-413f-402d-a4d9-cf179b316c8c"
            ],
            "x_capec_consequences": {
                "Confidentiality": [
                    "Other (A successful attack of this kind can identify open ports and available services on a system.)"
                ]
            },
            "x_capec_likelihood_of_attack": "Medium",
            "x_capec_prerequisites": [
                "The ability to send an ICMP type 8 query (Echo Request) to a remote target and receive an ICMP type 0 message (ICMP Echo Reply) in response. Any firewalls or access control lists between the sender and receiver must allow ICMP Type 8 and ICMP Type 0 messages in order for a ping operation to succeed."
            ],
            "x_capec_resources_required": [
                "Scanners or utilities that provide the ability to send custom ICMP queries."
            ],
            "x_capec_skills_required": {
                "Low": "The adversary needs to know certain linux commands for this type of attack."
            },
            "x_capec_status": "Stable",
            "x_capec_typical_severity": "Low",
            "x_capec_version": "3.6"
        }
    ],
    "spec_version": "2.0",
    "type": "bundle"
}