{
    "id": "bundle--acfd6661-d623-43be-b04e-a0cb417da809",
    "objects": [
        {
            "created": "2019-04-04T00:00:00.000Z",
            "created_by_ref": "identity--e50ab59c-5c4f-4d40-bf6a-d58418d89bcd",
            "description": "Adversaries can provide contradictory destinations when sending messages. Traffic is routed in networks using the domain names in various headers available at different levels of the OSI model. In a Content Delivery Network (CDN) multiple domains might be available, and if there are contradictory domain names provided it is possible to route traffic to an inappropriate destination. The technique, called Domain Fronting, involves using different domain names in the SNI field of the TLS header and the Host field of the HTTP header. An alternative technique, called Domainless Fronting, is similar, but the SNI field is left blank.",
            "external_references": [
                {
                    "external_id": "CAPEC-481",
                    "source_name": "capec",
                    "url": "https://capec.mitre.org/data/definitions/481.html"
                },
                {
                    "description": "Proxy:Domain Fronting",
                    "external_id": "T1090.004",
                    "source_name": "ATTACK",
                    "url": "https://attack.mitre.org/wiki/Technique/T1090/004"
                }
            ],
            "id": "attack-pattern--4733a63a-db36-49fa-8eba-3d5eddfe7f87",
            "modified": "2020-07-30T00:00:00.000Z",
            "name": "Contradictory Destinations in Traffic Routing Schemes",
            "object_marking_refs": [
                "marking-definition--17d82bb2-eeeb-4898-bda5-3ddbcd2b799d"
            ],
            "type": "attack-pattern",
            "x_capec_abstraction": "Standard",
            "x_capec_child_of_refs": [
                "attack-pattern--2a6131f7-30af-4529-be4e-bc3b7bf22009"
            ],
            "x_capec_consequences": {
                "Confidentiality": [
                    "Read Data",
                    "Modify Data"
                ]
            },
            "x_capec_likelihood_of_attack": "Medium",
            "x_capec_prerequisites": [
                "An adversary must be aware that their message will be routed using a CDN, and that both of the contradictory domains are served from that CDN.",
                "If the purpose of the Domain Fronting is to hide redirected C2 traffic, the C2 server must have been created in the CDN."
            ],
            "x_capec_skills_required": {
                "Medium": "The adversary must have some knowledge of how messages are routed."
            },
            "x_capec_status": "Draft",
            "x_capec_typical_severity": "High",
            "x_capec_version": "3.6"
        }
    ],
    "spec_version": "2.0",
    "type": "bundle"
}