{
    "id": "bundle--1c607513-fc06-4641-84d6-7c2ca42db1c7",
    "objects": [
        {
            "created": "2014-06-23T00:00:00.000Z",
            "created_by_ref": "identity--e50ab59c-5c4f-4d40-bf6a-d58418d89bcd",
            "description": "An adversary adds a new entry to the \"run keys\" in the Windows registry so that an application of their choosing is executed when a user logs in. In this way, the adversary can get their executable to operate and run on the target system with the authorized user's level of permissions. This attack is a good way for an adversary to run persistent spyware on a user's machine, such as a keylogger.",
            "external_references": [
                {
                    "external_id": "CAPEC-270",
                    "source_name": "capec",
                    "url": "https://capec.mitre.org/data/definitions/270.html"
                },
                {
                    "external_id": "CWE-15",
                    "source_name": "cwe",
                    "url": "http://cwe.mitre.org/data/definitions/15.html"
                },
                {
                    "description": "Boot or Logon Autostart Execution:Registry Run Keys – Start Folder",
                    "external_id": "T1547.001",
                    "source_name": "ATTACK",
                    "url": "https://attack.mitre.org/wiki/Technique/T1547/001"
                }
            ],
            "id": "attack-pattern--c8c9dfbe-7a40-4041-84ff-89942878a2f4",
            "modified": "2021-10-21T00:00:00.000Z",
            "name": "Modification of Registry Run Keys",
            "object_marking_refs": [
                "marking-definition--17d82bb2-eeeb-4898-bda5-3ddbcd2b799d"
            ],
            "type": "attack-pattern",
            "x_capec_abstraction": "Detailed",
            "x_capec_can_precede_refs": [
                "attack-pattern--fab7fb48-4503-4e03-980f-9bc827be929f",
                "attack-pattern--6f7f4589-3abb-4aa8-ac80-1a6715d75a8b",
                "attack-pattern--658d6220-f15c-44fb-8690-1d14088ed637"
            ],
            "x_capec_child_of_refs": [
                "attack-pattern--e283aef8-250b-4ac9-bf8b-34a6a70ed2f4"
            ],
            "x_capec_consequences": {
                "Integrity": [
                    "Modify Data",
                    "Gain Privileges"
                ]
            },
            "x_capec_example_instances": [
                "An adversary can place a malicious executable (RAT) on the target system and then configure it to automatically run when the user logs in to maintain persistence on the target system.",
                "Through the modification of registry \"run keys\" the adversary can masquerade a malicious executable as a legitimate program."
            ],
            "x_capec_execution_flow": "<h2> Execution Flow </h2><div><h3>Explore</h3><ol><li> <p> <b>Determine target system: </b>The adversary must first determine the system they wish to target. This attack only works on Windows.</p></li></ol></div><div><h3>Experiment</h3><ol><li> <p> <b>Gain access to the system: </b>The adversary needs to gain access to the system in some way so that they can modify the Windows registry.</p></li><table><tbody><tr><th>Techniques</th></tr><tr><td>Gain physical access to a system either through shoulder surfing a password or accessing a system that is left unlocked.</td></tr><tr><td>Gain remote access to a system through a variety of means.</td></tr></tbody></table></ol></div><div><h3>Exploit</h3><ol><li> <p> <b>Modify Windows registry: </b>The adversary will modify the Windows registry by adding a new entry to the \"run keys\" referencing a desired program. This program will be run whenever the user logs in.</p></li></ol></div>",
            "x_capec_likelihood_of_attack": "Medium",
            "x_capec_prerequisites": [
                "The adversary must have gained access to the target system via physical or logical means in order to carry out this attack."
            ],
            "x_capec_status": "Stable",
            "x_capec_typical_severity": "Medium",
            "x_capec_version": "3.6"
        }
    ],
    "spec_version": "2.0",
    "type": "bundle"
}