{
    "id": "bundle--1d080e4d-3f2d-49a1-937b-f6bb6aaa36a0",
    "objects": [
        {
            "created": "2014-06-23T00:00:00.000Z",
            "created_by_ref": "identity--e50ab59c-5c4f-4d40-bf6a-d58418d89bcd",
            "description": "\n            <xhtml:p>An adversary targets the communication between two components (typically client and server), in order to alter or obtain data from transactions. A general approach entails the adversary placing themself within the communication channel between the two components. Whenever one component attempts to communicate with the other (data flow, authentication challenges, etc.), the data first flows through the adversary, who has the opportunity to observe or alter it, before being passed on to the intended recipient as if it was never observed. This interposition is transparent leaving the two compromised components unaware of the potential corruption or leakage of their communications. The potential for these attacks yields an implicit lack of trust in communication or identify between two components.</xhtml:p>\n            <xhtml:p>These attacks differ from Sniffing Attacks (CAPEC-157) since these attacks often modify the communications prior to delivering it to the intended recipient.</xhtml:p>\n         ",
            "external_references": [
                {
                    "external_id": "CAPEC-94",
                    "source_name": "capec",
                    "url": "https://capec.mitre.org/data/definitions/94.html"
                },
                {
                    "external_id": "CWE-300",
                    "source_name": "cwe",
                    "url": "http://cwe.mitre.org/data/definitions/300.html"
                },
                {
                    "external_id": "CWE-290",
                    "source_name": "cwe",
                    "url": "http://cwe.mitre.org/data/definitions/290.html"
                },
                {
                    "external_id": "CWE-593",
                    "source_name": "cwe",
                    "url": "http://cwe.mitre.org/data/definitions/593.html"
                },
                {
                    "external_id": "CWE-287",
                    "source_name": "cwe",
                    "url": "http://cwe.mitre.org/data/definitions/287.html"
                },
                {
                    "external_id": "CWE-294",
                    "source_name": "cwe",
                    "url": "http://cwe.mitre.org/data/definitions/294.html"
                },
                {
                    "description": "Man-in-the-Middle",
                    "external_id": "T1557",
                    "source_name": "ATTACK",
                    "url": "https://attack.mitre.org/wiki/Technique/T1557"
                },
                {
                    "description": "Man-in-the-middle attack",
                    "source_name": "OWASP Attacks",
                    "url": "https://owasp.org/www-community/attacks/Man-in-the-middle_attack"
                },
                {
                    "description": "M. Bishop, Computer Security: Art and Science, 2003, Addison-Wesley",
                    "external_id": "REF-553",
                    "source_name": "reference_from_CAPEC"
                },
                {
                    "description": "Man-in-the-middle attack, Open Web Application Security Project (OWASP)",
                    "external_id": "REF-633",
                    "source_name": "reference_from_CAPEC",
                    "url": "https://owasp.org/www-community/attacks/Man-in-the-middle_attack"
                },
                {
                    "description": "Kyle Chivers, What is a man-in-the-middle attack?, 2020--03---26, NortonLifeLock Inc.",
                    "external_id": "REF-634",
                    "source_name": "reference_from_CAPEC",
                    "url": "https://us.norton.com/internetsecurity-wifi-what-is-a-man-in-the-middle-attack.html"
                },
                {
                    "description": "Man in the middle (MITM) attack, Imperva",
                    "external_id": "REF-635",
                    "source_name": "reference_from_CAPEC",
                    "url": "https://www.imperva.com/learn/application-security/man-in-the-middle-attack-mitm/"
                },
                {
                    "description": "Jerry Decime, Settling the score: taking down the Equifax mobile application, 2017--09---13",
                    "external_id": "REF-636",
                    "source_name": "reference_from_CAPEC",
                    "url": "https://www.linkedin.com/pulse/settling-score-taking-down-equifax-mobile-application-jerry-decime/"
                }
            ],
            "id": "attack-pattern--38964770-4f39-4191-89cf-73a625162b2b",
            "modified": "2021-06-24T00:00:00.000Z",
            "name": "Adversary in the Middle (AiTM)",
            "object_marking_refs": [
                "marking-definition--17d82bb2-eeeb-4898-bda5-3ddbcd2b799d"
            ],
            "type": "attack-pattern",
            "x_capec_abstraction": "Meta",
            "x_capec_alternate_terms": [
                "Man-in-the-Middle / MITM",
                "Person-in-the-Middle / PiTM",
                "Monkey-in-the-Middle",
                "Monster-in-the-Middle",
                "On-path Attacker"
            ],
            "x_capec_can_precede_refs": [
                "attack-pattern--22802ed6-ddc6-4da7-b6be-60b10d26198b",
                "attack-pattern--8c806dfa-b8ca-45f9-9f97-09e4b5c1157b"
            ],
            "x_capec_consequences": {
                "Access_Control": [
                    "Gain Privileges"
                ],
                "Authorization": [
                    "Gain Privileges"
                ],
                "Confidentiality": [
                    "Gain Privileges",
                    "Read Data"
                ],
                "Integrity": [
                    "Modify Data"
                ]
            },
            "x_capec_example_instances": [
                "\n               <xhtml:p>In 2017, security researcher Jerry Decime discovered that Equifax mobile applications were not leveraging HTTPS in all areas. Although authentication was properly utilizing HTTPS, in addition to validating the root of trust of the server certificate, other areas of the application were using HTTP to communicate. Adversaries could then conduct MITM attacks on rogue WiFi or cellular networks and hijack the UX. This further allowed the adversaries to prompt users for sensitive data, which could then be obtained in the plaintext response. [REF-636]</xhtml:p>\n            "
            ],
            "x_capec_execution_flow": "<h2> Execution Flow </h2><div><h3>Experiment</h3><ol><li> <p>The attacker probes to determine the nature and mechanism of communication between two components looking for opportunities to exploit.</p></li><li> <p>The attacker inserts themself into the communication channel initially acting as a routing proxy between the two targeted components. The attacker may or may not have to use cryptography.</p></li></ol></div><div><h3>Exploit</h3><ol><li> <p>The attacker observes, filters, or alters passed data of its choosing to gain access to sensitive information or to manipulate the actions of the two target components for their own purposes.</p></li></ol></div>",
            "x_capec_likelihood_of_attack": "High",
            "x_capec_parent_of_refs": [
                "attack-pattern--9b939586-fbef-4343-94f0-0046124e3e7f",
                "attack-pattern--ea07b1ea-c1b0-4923-8d25-a8fc39da040a",
                "attack-pattern--9df3addd-7bea-44e5-be63-4cc46d64fbea",
                "attack-pattern--797a5be6-23ff-41bb-be85-51a9976867dd",
                "attack-pattern--558870ad-9433-4e39-a0b0-d9b5c4691862"
            ],
            "x_capec_prerequisites": [
                "There are two components communicating with each other.",
                "An attacker is able to identify the nature and mechanism of communication between the two target components.",
                "An attacker can eavesdrop on the communication between the target components.",
                "Strong mutual authentication is not used between the two target components yielding opportunity for attacker interposition.",
                "The communication occurs in clear (not encrypted) or with insufficient and spoofable encryption."
            ],
            "x_capec_skills_required": {
                "Medium": "This attack can get sophisticated since the attack may use cryptography."
            },
            "x_capec_status": "Stable",
            "x_capec_typical_severity": "Very High",
            "x_capec_version": "3.6"
        }
    ],
    "spec_version": "2.0",
    "type": "bundle"
}