{
    "id": "bundle--a93b638c-118a-4741-a5f3-e761a14c368a",
    "objects": [
        {
            "created": "2017-01-12T00:00:00.000Z",
            "created_by_ref": "identity--e50ab59c-5c4f-4d40-bf6a-d58418d89bcd",
            "description": "An adversary performing this type of attack drops packets destined for a target IP address. The aim is to prevent access to the service hosted at the target IP address.",
            "external_references": [
                {
                    "external_id": "CAPEC-590",
                    "source_name": "capec",
                    "url": "https://capec.mitre.org/data/definitions/590.html"
                },
                {
                    "external_id": "CWE-300",
                    "source_name": "cwe",
                    "url": "http://cwe.mitre.org/data/definitions/300.html"
                },
                {
                    "description": "Abdelberi Chaabane, Terence Chen, Mathieu Cunche, Emiliano De Cristofaro, Arik Friedman, Mohamed Ali Kaafar, Censorship in the Wild: Analyzing Internet Filtering in Syria, 2014--02, IMC 2014",
                    "external_id": "REF-475",
                    "source_name": "reference_from_CAPEC"
                }
            ],
            "id": "attack-pattern--5c216971-78b5-4ac1-9cbe-f46fe1c632d1",
            "modified": "2019-04-04T00:00:00.000Z",
            "name": "IP Address Blocking",
            "object_marking_refs": [
                "marking-definition--17d82bb2-eeeb-4898-bda5-3ddbcd2b799d"
            ],
            "type": "attack-pattern",
            "x_capec_abstraction": "Detailed",
            "x_capec_child_of_refs": [
                "attack-pattern--ec0de204-6b66-4c4f-a401-21afa72f3941"
            ],
            "x_capec_consequences": {
                "Availability": [
                    "Other (Blocking packets intended for a target IP address denies its availability to the user.)"
                ]
            },
            "x_capec_example_instances": [
                "Consider situations of information censorship for political purposes, where regimes that prevent access to specific web services."
            ],
            "x_capec_likelihood_of_attack": "Low",
            "x_capec_prerequisites": [
                "This attack requires the ability to conduct deep packet inspection with an In-Path device that can drop the targeted traffic and/or connection."
            ],
            "x_capec_status": "Draft",
            "x_capec_typical_severity": "High",
            "x_capec_version": "3.6"
        }
    ],
    "spec_version": "2.0",
    "type": "bundle"
}