{
    "id": "bundle--03e37c69-c46d-43d5-acd3-19cc4f2cefbc",
    "objects": [
        {
            "created": "2014-06-23T00:00:00.000Z",
            "created_by_ref": "identity--e50ab59c-5c4f-4d40-bf6a-d58418d89bcd",
            "description": "An attacker utilizes a technique to insinuate commands to the subconscious mind of the target via communication patterns. The human buffer overflow methodology does not rely on over-stimulating the mind of the target, but rather embedding messages within communication that the mind of the listener assembles at a subconscious level. The human buffer-overflow method is similar to subconscious programming to the extent that messages are embedded within the message. The fundamental difference is that embedded messages have a complete semantic quality, rather than mere imagery, and the mind of the target tends to key off of particular dominant patterns. The remaining information, carefully structured, speaks directly to the subconscious with a subtle, indirect, command. The effect is to produce a pattern of thinking that the attacker has predetermined but is buried within the message and not overtly stated. Structuring a human \"buffer overflow\" requires precise attention to detail and the use of information in a manner that distracts the conscious mind from the message the subconscious is receiving.",
            "external_references": [
                {
                    "external_id": "CAPEC-433",
                    "source_name": "capec",
                    "url": "https://capec.mitre.org/data/definitions/433.html"
                },
                {
                    "description": "The Official Social Engineering Portal, Social-Engineer.org, Tick Tock Computers, LLC",
                    "external_id": "REF-348",
                    "source_name": "reference_from_CAPEC",
                    "url": "http://www.social-engineer.org"
                }
            ],
            "id": "attack-pattern--6d30ec21-b3b4-435d-9045-acd660865e6a",
            "modified": "2014-06-23T00:00:00.000Z",
            "name": "Target Influence via The Human Buffer Overflow",
            "object_marking_refs": [
                "marking-definition--17d82bb2-eeeb-4898-bda5-3ddbcd2b799d"
            ],
            "type": "attack-pattern",
            "x_capec_abstraction": "Detailed",
            "x_capec_child_of_refs": [
                "attack-pattern--9e487767-c1e6-45f9-ae01-1fb1e2d6f030"
            ],
            "x_capec_status": "Draft",
            "x_capec_typical_severity": "Low",
            "x_capec_version": "3.6"
        }
    ],
    "spec_version": "2.0",
    "type": "bundle"
}