{
    "id": "bundle--fa6aff8c-1312-45db-a209-e2e3d5b5797e",
    "objects": [
        {
            "created": "2014-06-23T00:00:00.000Z",
            "created_by_ref": "identity--e50ab59c-5c4f-4d40-bf6a-d58418d89bcd",
            "description": "An attacker implants malicious software into the system in the supply chain distribution channel, with purpose of causing malicious disruption or allowing for additional compromise when the system is deployed.",
            "external_references": [
                {
                    "external_id": "CAPEC-523",
                    "source_name": "capec",
                    "url": "https://capec.mitre.org/data/definitions/523.html"
                },
                {
                    "description": "John F. Miller, Supply Chain Attack Framework and Attack Patterns, 2013, The MITRE Corporation",
                    "external_id": "REF-439",
                    "source_name": "reference_from_CAPEC",
                    "url": "http://www.mitre.org/sites/default/files/publications/supply-chain-attack-framework-14-0228.pdf"
                }
            ],
            "id": "attack-pattern--02570621-96aa-4525-b782-8e3939affac3",
            "modified": "2020-07-30T00:00:00.000Z",
            "name": "Malicious Software Implanted",
            "object_marking_refs": [
                "marking-definition--17d82bb2-eeeb-4898-bda5-3ddbcd2b799d"
            ],
            "type": "attack-pattern",
            "x_capec_abstraction": "Standard",
            "x_capec_child_of_refs": [
                "attack-pattern--59ba3504-6764-48b4-980a-40e4adff2030"
            ],
            "x_capec_example_instances": [
                "An attacker has created a piece of malicious software designed to function as a backdoor in a system that is to be deployed at the victim location. During shipment of the system, the attacker has physical access to the system at a loading dock of an integrator for a short time. The attacker unpacks and powers up the system and installs the malicious piece of software, and configures it to run upon system boot. The system is repackaged and returned to its place on the loading dock, and is shipped and installed at the victim location with the malicious software in place, allowing the attacker to bypass firewalls and remotely gain access to the victim's network for further malicious activities."
            ],
            "x_capec_likelihood_of_attack": "Low",
            "x_capec_prerequisites": [
                "Physical access to the system after it has left the manufacturer but before it is deployed at the victim location."
            ],
            "x_capec_skills_required": {
                "High": "Malicious software creation."
            },
            "x_capec_status": "Draft",
            "x_capec_typical_severity": "High",
            "x_capec_version": "3.6"
        }
    ],
    "spec_version": "2.0",
    "type": "bundle"
}