{
    "id": "bundle--32387ec1-9af6-492b-b918-774dbbf6cda4",
    "objects": [
        {
            "created": "2014-06-23T00:00:00.000Z",
            "created_by_ref": "identity--e50ab59c-5c4f-4d40-bf6a-d58418d89bcd",
            "description": "An attacker exploits a weakness in ATA security on a drive to gain access to the information the drive contains without supplying the proper credentials. ATA Security is often employed to protect hard disk information from unauthorized access. The mechanism requires the user to type in a password before the BIOS is allowed access to drive contents. Some implementations of ATA security will accept the ATA command to update the password without the user having authenticated with the BIOS. This occurs because the security mechanism assumes the user has first authenticated via the BIOS prior to sending commands to the drive. Various methods exist for exploiting this flaw, the most common being installing the ATA protected drive into a system lacking ATA security features (a.k.a. hot swapping). Once the drive is installed into the new system the BIOS can be used to reset the drive password.",
            "external_references": [
                {
                    "external_id": "CAPEC-402",
                    "source_name": "capec",
                    "url": "https://capec.mitre.org/data/definitions/402.html"
                },
                {
                    "external_id": "CWE-285",
                    "source_name": "cwe",
                    "url": "http://cwe.mitre.org/data/definitions/285.html"
                },
                {
                    "description": "Stuart McClure, Joel Scambray, George Kurtz, Hacking Exposed: Network Security Secrets & Solutions (6th Edition), 2009, McGraw Hill",
                    "external_id": "REF-33",
                    "source_name": "reference_from_CAPEC"
                }
            ],
            "id": "attack-pattern--6aac48b7-c277-46ba-b9c0-523471a84c11",
            "modified": "2019-04-04T00:00:00.000Z",
            "name": "Bypassing ATA Password Security",
            "object_marking_refs": [
                "marking-definition--17d82bb2-eeeb-4898-bda5-3ddbcd2b799d"
            ],
            "type": "attack-pattern",
            "x_capec_abstraction": "Detailed",
            "x_capec_child_of_refs": [
                "attack-pattern--fdf61d51-9432-47d3-9376-7cf51fc86176"
            ],
            "x_capec_prerequisites": [
                "Access to the system containing the ATA Drive so that the drive can be physically removed from the system."
            ],
            "x_capec_status": "Draft",
            "x_capec_version": "3.6"
        }
    ],
    "spec_version": "2.0",
    "type": "bundle"
}