{
    "id": "bundle--e31c35f3-d033-475b-a5e5-2606ccacbbd5",
    "objects": [
        {
            "created": "2014-06-23T00:00:00.000Z",
            "created_by_ref": "identity--e50ab59c-5c4f-4d40-bf6a-d58418d89bcd",
            "description": "This OS detection probe measures the average rate of initial sequence number increments during a period of time. Sequence numbers are incremented using a time-based algorithm and are susceptible to a timing analysis that can determine the number of increments per unit time. The result of this analysis is then compared against a database of operating systems and versions to determine likely operation system matches.",
            "external_references": [
                {
                    "external_id": "CAPEC-323",
                    "source_name": "capec",
                    "url": "https://capec.mitre.org/data/definitions/323.html"
                },
                {
                    "external_id": "CWE-200",
                    "source_name": "cwe",
                    "url": "http://cwe.mitre.org/data/definitions/200.html"
                },
                {
                    "description": "Stuart McClure, Joel Scambray, George Kurtz, Hacking Exposed: Network Security Secrets & Solutions (6th Edition), 2009, McGraw Hill",
                    "external_id": "REF-33",
                    "source_name": "reference_from_CAPEC"
                },
                {
                    "description": "Defense Advanced Research Projects Agency Information Processing Techniques Office, Information Sciences Institute University of Southern California, RFC793 - Transmission Control Protocol, 1981--09, Defense Advanced Research Projects Agency (DARPA)",
                    "external_id": "REF-128",
                    "source_name": "reference_from_CAPEC",
                    "url": "http://www.faqs.org/rfcs/rfc793.html"
                },
                {
                    "description": "Gordon \"Fyodor\" Lyon, Nmap Network Scanning: The Official Nmap Project Guide to Network Discovery and Security Scanning (3rd \"Zero Day\" Edition,), 2008, Insecure.com LLC",
                    "external_id": "REF-212",
                    "source_name": "reference_from_CAPEC"
                }
            ],
            "id": "attack-pattern--4ac0eeac-2467-403a-9c64-be3a7b3f3083",
            "modified": "2018-07-31T00:00:00.000Z",
            "name": "TCP (ISN) Counter Rate Probe",
            "object_marking_refs": [
                "marking-definition--17d82bb2-eeeb-4898-bda5-3ddbcd2b799d"
            ],
            "type": "attack-pattern",
            "x_capec_abstraction": "Detailed",
            "x_capec_child_of_refs": [
                "attack-pattern--6227a1fc-7504-4a5f-b5b2-4c4f1fe38617"
            ],
            "x_capec_consequences": {
                "Access_Control": [
                    "Bypass Protection Mechanism",
                    "Hide Activities"
                ],
                "Authorization": [
                    "Bypass Protection Mechanism",
                    "Hide Activities"
                ],
                "Confidentiality": [
                    "Read Data",
                    "Bypass Protection Mechanism",
                    "Hide Activities"
                ]
            },
            "x_capec_likelihood_of_attack": "Medium",
            "x_capec_prerequisites": [
                "The ability to monitor and interact with network communications.Access to at least one host, and the privileges to interface with the network interface card."
            ],
            "x_capec_resources_required": [
                "\n               <xhtml:p>Any type of active probing that involves non-standard packet headers requires the use of raw sockets, which is not available on particular operating systems (Microsoft Windows XP SP 2, for example). Raw socket manipulation on Unix/Linux requires root privileges.</xhtml:p>\n               <xhtml:p>A tool capable of sending and receiving packets from a remote system.</xhtml:p>\n            "
            ],
            "x_capec_status": "Stable",
            "x_capec_typical_severity": "Low",
            "x_capec_version": "3.6"
        }
    ],
    "spec_version": "2.0",
    "type": "bundle"
}