{
    "id": "bundle--46fab78b-ffd8-4972-96c4-004ed9fd45ee",
    "objects": [
        {
            "created": "2014-06-23T00:00:00.000Z",
            "created_by_ref": "identity--e50ab59c-5c4f-4d40-bf6a-d58418d89bcd",
            "description": "An attacker takes advantage of the structure of integer variables to cause these variables to assume values that are not expected by an application. For example, adding one to the largest positive integer in a signed integer variable results in a negative number. Negative numbers may be illegal in an application and the application may prevent an attacker from providing them directly, but the application may not consider that adding two positive numbers can create a negative number do to the structure of integer storage formats.",
            "external_references": [
                {
                    "external_id": "CAPEC-128",
                    "source_name": "capec",
                    "url": "https://capec.mitre.org/data/definitions/128.html"
                },
                {
                    "external_id": "CWE-682",
                    "source_name": "cwe",
                    "url": "http://cwe.mitre.org/data/definitions/682.html"
                }
            ],
            "id": "attack-pattern--1f3b920a-a706-494c-9486-69531a514912",
            "modified": "2017-08-04T00:00:00.000Z",
            "name": "Integer Attacks",
            "object_marking_refs": [
                "marking-definition--17d82bb2-eeeb-4898-bda5-3ddbcd2b799d"
            ],
            "type": "attack-pattern",
            "x_capec_abstraction": "Standard",
            "x_capec_child_of_refs": [
                "attack-pattern--71d31712-9174-4433-8e4f-8520a3ec1249"
            ],
            "x_capec_parent_of_refs": [
                "attack-pattern--369d69a3-fb4a-49ac-8999-9b4ecfbf74c6"
            ],
            "x_capec_prerequisites": [
                "The target application must have an integer variable for which only some of the possible integer values are expected by the application and where there are no checks on the value of the variable before use.",
                "The attacker must be able to manipulate the targeted integer variable such that normal operations result in non-standard values due to the storage structure of integers."
            ],
            "x_capec_resources_required": [
                "None: No specialized resources are required to execute this type of attack."
            ],
            "x_capec_status": "Draft",
            "x_capec_typical_severity": "Medium",
            "x_capec_version": "3.6"
        }
    ],
    "spec_version": "2.0",
    "type": "bundle"
}