{
    "id": "bundle--0d5ab738-e5e2-4b32-952d-ea2dfe3f2e10",
    "objects": [
        {
            "created": "2014-06-23T00:00:00.000Z",
            "created_by_ref": "identity--e50ab59c-5c4f-4d40-bf6a-d58418d89bcd",
            "description": "An attacker uses a bump key to force a lock on a building or facility and gain entry. Lock Bumping is the use of a special type of key that can be tapped or bumped to cause the pins within the lock to fall into temporary alignment, allowing the lock to be opened. Lock bumping allows an attacker to open a lock without having the correct key. A standard lock is secured by a set of internal pins that prevent the device from turning. Spring loaded driver pins push down on the key pins. When the correct key is inserted, the ridges on the key push the key pins up and against the driver pins, causing correct alignment which allows the lock cylinder to rotate. A bump key is a specially constructed key that exploits this design. When the bump key is struck or firmly tapped, its teeth transfer the force of the tap into the key pins, causing the lock to momentarily shift into proper alignment for the mechanism to be opened.",
            "external_references": [
                {
                    "external_id": "CAPEC-392",
                    "source_name": "capec",
                    "url": "https://capec.mitre.org/data/definitions/392.html"
                },
                {
                    "description": "Stuart McClure, Joel Scambray, George Kurtz, Hacking Exposed: Network Security Secrets & Solutions (6th Edition), 2009, McGraw Hill",
                    "external_id": "REF-33",
                    "source_name": "reference_from_CAPEC"
                }
            ],
            "id": "attack-pattern--4068bee0-b331-49e8-872e-98429a3c374a",
            "modified": "2019-09-30T00:00:00.000Z",
            "name": "Lock Bumping",
            "object_marking_refs": [
                "marking-definition--17d82bb2-eeeb-4898-bda5-3ddbcd2b799d"
            ],
            "type": "attack-pattern",
            "x_capec_abstraction": "Detailed",
            "x_capec_child_of_refs": [
                "attack-pattern--00c93895-c68e-4d27-a1ec-0dddce68ed97"
            ],
            "x_capec_status": "Draft",
            "x_capec_version": "3.6"
        }
    ],
    "spec_version": "2.0",
    "type": "bundle"
}