{
    "id": "bundle--8c33a102-28c5-4ad8-9c44-43e97edc594c",
    "objects": [
        {
            "created": "2014-06-23T00:00:00.000Z",
            "created_by_ref": "identity--e50ab59c-5c4f-4d40-bf6a-d58418d89bcd",
            "description": "An attacker explores a target to identify the names and locations of predictable temporary files for the purpose of launching further attacks against the target. This involves analyzing naming conventions and storage locations of the temporary files created by a target application. If an attacker can predict the names of temporary files they can use this information to mount other attacks, such as information gathering and symlink attacks.",
            "external_references": [
                {
                    "external_id": "CAPEC-149",
                    "source_name": "capec",
                    "url": "https://capec.mitre.org/data/definitions/149.html"
                }
            ],
            "id": "attack-pattern--bddd2549-167f-4f7b-8d0f-6d1e647b26f6",
            "modified": "2020-12-17T00:00:00.000Z",
            "name": "Explore for Predictable Temporary File Names",
            "object_marking_refs": [
                "marking-definition--17d82bb2-eeeb-4898-bda5-3ddbcd2b799d"
            ],
            "type": "attack-pattern",
            "x_capec_abstraction": "Detailed",
            "x_capec_can_precede_refs": [
                "attack-pattern--7fea6e82-183a-4811-9b71-1ebe4d6c8b11"
            ],
            "x_capec_child_of_refs": [
                "attack-pattern--323ed142-7793-413d-838f-72626caf58da"
            ],
            "x_capec_prerequisites": [
                "The targeted application must create names for temporary files using a predictable procedure, e.g. using sequentially increasing numbers.",
                "The attacker must be able to see the names of the files the target is creating."
            ],
            "x_capec_resources_required": [
                "None: No specialized resources are required to execute this type of attack."
            ],
            "x_capec_status": "Draft",
            "x_capec_typical_severity": "Medium",
            "x_capec_version": "3.6"
        }
    ],
    "spec_version": "2.0",
    "type": "bundle"
}