{
    "id": "bundle--7fdda322-5602-4d96-a6ab-d10f34cef7f7",
    "objects": [
        {
            "created": "2014-06-23T00:00:00.000Z",
            "created_by_ref": "identity--e50ab59c-5c4f-4d40-bf6a-d58418d89bcd",
            "description": "The adversary tailors their communication to the language and thought patterns of the target thereby weakening barriers or reluctance to communication. This method is a way of building rapport with a target by matching their speech patterns and the primary ways or dominant senses with which they make abstractions. This technique can be used to make the target more receptive to sharing information because the adversary has adapted their communication forms to match those of the target. When skillfully employed, the target is likely to be unaware that they are being manipulated.",
            "external_references": [
                {
                    "external_id": "CAPEC-428",
                    "source_name": "capec",
                    "url": "https://capec.mitre.org/data/definitions/428.html"
                },
                {
                    "description": "The Official Social Engineering Portal, Social-Engineer.org, Tick Tock Computers, LLC",
                    "external_id": "REF-348",
                    "source_name": "reference_from_CAPEC",
                    "url": "http://www.social-engineer.org"
                }
            ],
            "id": "attack-pattern--6297aac6-1e4d-4c28-9268-52f70584ec5b",
            "modified": "2017-05-01T00:00:00.000Z",
            "name": "Influence via Modes of Thinking",
            "object_marking_refs": [
                "marking-definition--17d82bb2-eeeb-4898-bda5-3ddbcd2b799d"
            ],
            "type": "attack-pattern",
            "x_capec_abstraction": "Detailed",
            "x_capec_child_of_refs": [
                "attack-pattern--9e487767-c1e6-45f9-ae01-1fb1e2d6f030"
            ],
            "x_capec_status": "Draft",
            "x_capec_typical_severity": "Low",
            "x_capec_version": "3.6"
        }
    ],
    "spec_version": "2.0",
    "type": "bundle"
}