{
    "id": "bundle--96370f27-d90c-47be-bfb5-9244f797a558",
    "objects": [
        {
            "created": "2014-06-23T00:00:00.000Z",
            "created_by_ref": "identity--e50ab59c-5c4f-4d40-bf6a-d58418d89bcd",
            "description": "An adversary modifies the design of a technology, product, or component to acheive a negative impact once the system is deployed. In this type of attack, the goal of the adversary is to modify the design of the system, prior to development starting, in such a way that the negative impact can be leveraged when the system is later deployed. Design alteration attacks differ from development alteration attacks in that design alteration attacks take place prior to development and which then may or may not be developed by the adverary. Design alteration attacks include modifying system designs to degrade system performance, cause unexpected states or errors, and general design changes that may lead to additional vulnerabilities. These attacks generally require insider access to modify design documents, but they may also be spoofed via web communications. The product is then developed and delivered to the user where the negative impact can be leveraged at a later time.",
            "external_references": [
                {
                    "external_id": "CAPEC-447",
                    "source_name": "capec",
                    "url": "https://capec.mitre.org/data/definitions/447.html"
                }
            ],
            "id": "attack-pattern--cf550376-63ac-4b46-87d1-0e324c1c1c46",
            "modified": "2021-06-24T00:00:00.000Z",
            "name": "Design Alteration",
            "object_marking_refs": [
                "marking-definition--17d82bb2-eeeb-4898-bda5-3ddbcd2b799d"
            ],
            "type": "attack-pattern",
            "x_capec_abstraction": "Standard",
            "x_capec_child_of_refs": [
                "attack-pattern--1339dbbe-fe41-467a-b43c-7d56d22a9fe4"
            ],
            "x_capec_consequences": {
                "Authorization": [
                    "Execute Unauthorized Commands"
                ],
                "Availability": [
                    "Unreliable Execution"
                ],
                "Integrity": [
                    "Alter Execution Logic"
                ]
            },
            "x_capec_likelihood_of_attack": "Medium",
            "x_capec_parent_of_refs": [
                "attack-pattern--8e564ade-17a8-471e-8e2a-4dd2d556ecd2",
                "attack-pattern--5f0e5e3b-6889-4583-81ec-5afecbd6765e",
                "attack-pattern--3c33e08a-3a4e-4e0f-ae80-6399f6272db7",
                "attack-pattern--57b78312-1077-4e31-b3a2-5efb96a6c817",
                "attack-pattern--5af917a8-becc-41ec-9053-6976a9da5b28",
                "attack-pattern--fcd0d50b-dab4-435d-859e-19514b4e646e"
            ],
            "x_capec_prerequisites": [
                "Access to system design documentation prior to the development phase. This access is often obtained via insider access or by leveraging another attack pattern to gain permissions that the adversary wouldn't normally have.",
                "Ability to forge web communications to deliver modified design documentation."
            ],
            "x_capec_status": "Stable",
            "x_capec_typical_severity": "High",
            "x_capec_version": "3.6"
        }
    ],
    "spec_version": "2.0",
    "type": "bundle"
}