{
    "id": "bundle--fc00c011-889f-4b6e-a75d-50cbfb418305",
    "objects": [
        {
            "created": "2015-11-09T00:00:00.000Z",
            "created_by_ref": "identity--e50ab59c-5c4f-4d40-bf6a-d58418d89bcd",
            "description": "An adversary may attempt to block indicators from leaving the host machine. In the case of network based reporting of indicators, an adversary may block traffic associated with reporting to prevent central station analysis. This may be accomplished by many means such as stopping a local process to creating a host-based firewall rule to block traffic to a specific server.",
            "external_references": [
                {
                    "external_id": "CAPEC-571",
                    "source_name": "capec",
                    "url": "https://capec.mitre.org/data/definitions/571.html"
                },
                {
                    "description": "Impair Defenses:Indicator Blocking",
                    "external_id": "T1562.006",
                    "source_name": "ATTACK",
                    "url": "https://attack.mitre.org/wiki/Technique/T1562/006"
                }
            ],
            "id": "attack-pattern--8f91fa23-b5c4-48f1-be6c-99582524f8cc",
            "modified": "2020-07-30T00:00:00.000Z",
            "name": "Block Logging to Central Repository",
            "object_marking_refs": [
                "marking-definition--17d82bb2-eeeb-4898-bda5-3ddbcd2b799d"
            ],
            "type": "attack-pattern",
            "x_capec_abstraction": "Standard",
            "x_capec_child_of_refs": [
                "attack-pattern--2a6131f7-30af-4529-be4e-bc3b7bf22009"
            ],
            "x_capec_status": "Draft",
            "x_capec_typical_severity": "Low",
            "x_capec_version": "3.6"
        }
    ],
    "spec_version": "2.0",
    "type": "bundle"
}