{
    "id": "bundle--ff37eebd-65c4-4db5-bce1-f8c111c227d3",
    "objects": [
        {
            "created": "2019-09-30T00:00:00.000Z",
            "created_by_ref": "identity--e50ab59c-5c4f-4d40-bf6a-d58418d89bcd",
            "description": "An adversary gains access to an application, service, or device with the privileges of an authorized or privileged user by escaping the confines of a virtualized environment. The adversary is then able to access resources or execute unauthorized code within the host environment, generally with the privileges of the user running the virtualized process. Successfully executing an attack of this type is often the first step in executing more complex attacks.",
            "external_references": [
                {
                    "external_id": "CAPEC-480",
                    "source_name": "capec",
                    "url": "https://capec.mitre.org/data/definitions/480.html"
                },
                {
                    "external_id": "CWE-693",
                    "source_name": "cwe",
                    "url": "http://cwe.mitre.org/data/definitions/693.html"
                },
                {
                    "description": "Escape to Host",
                    "external_id": "T1611",
                    "source_name": "ATTACK",
                    "url": "https://attack.mitre.org/wiki/Technique/T1611"
                }
            ],
            "id": "attack-pattern--4abd48c8-f737-45db-bd7b-97d989ebd471",
            "modified": "2021-10-21T00:00:00.000Z",
            "name": "Escaping Virtualization",
            "object_marking_refs": [
                "marking-definition--17d82bb2-eeeb-4898-bda5-3ddbcd2b799d"
            ],
            "type": "attack-pattern",
            "x_capec_abstraction": "Standard",
            "x_capec_child_of_refs": [
                "attack-pattern--8f665166-dfd1-40cb-91e8-b78bee1ceb6a"
            ],
            "x_capec_consequences": {
                "Access_Control": [
                    "Bypass Protection Mechanism"
                ],
                "Accountability": [
                    "Gain Privileges"
                ],
                "Authentication": [
                    "Gain Privileges"
                ],
                "Authorization": [
                    "Bypass Protection Mechanism",
                    "Execute Unauthorized Commands (Run Arbitrary Code)",
                    "Gain Privileges"
                ],
                "Non-Repudiation": [
                    "Gain Privileges"
                ]
            },
            "x_capec_execution_flow": "<h2> Execution Flow </h2><div><h3>Explore</h3><ol><li> <p> <b>Probing: </b>The adversary probes the target application, service, or device to find a possible weakness that would allow escaping the virtualized environment.</p></li><table><tbody><tr><th>Techniques</th></tr><tr><td>Probing applications, services, or devices for virtualization weaknesses.</td></tr></tbody></table></ol></div><div><h3>Experiment</h3><ol><li> <p> <b>Verify the exploitable security weaknesses: </b>Using the found weakness, the adversary attempts to escape the virtualized environment.</p></li><table><tbody><tr><th>Techniques</th></tr><tr><td>Using an application weakness to escape a virtualized environment</td></tr></tbody></table></ol></div><div><h3>Exploit</h3><ol><li> <p> <b>Execute more complex attacks: </b>Once outside of the virtualized environment, the adversary attempts to perform other more complex attacks such as accessing system resources or executing unauthorized code within the host environment.</p></li><table><tbody><tr><th>Techniques</th></tr><tr><td>Executing complex attacks when given higher permissions by escaping a virtualized environment</td></tr></tbody></table></ol></div>",
            "x_capec_likelihood_of_attack": "Low",
            "x_capec_parent_of_refs": [
                "attack-pattern--1d1fb93d-ce79-4c64-9987-94577fb894ce"
            ],
            "x_capec_status": "Draft",
            "x_capec_typical_severity": "Very High",
            "x_capec_version": "3.6"
        }
    ],
    "spec_version": "2.0",
    "type": "bundle"
}