{
    "id": "bundle--4bb198ce-8ddf-47a7-8e57-859784cca995",
    "objects": [
        {
            "created": "2014-06-23T00:00:00.000Z",
            "created_by_ref": "identity--e50ab59c-5c4f-4d40-bf6a-d58418d89bcd",
            "description": "An attacker exploits a weakness in the configuration of access controls and is able to bypass the intended protection that these measures guard against and thereby obtain unauthorized access to the system or network. Sensitive functionality should always be protected with access controls. However configuring all but the most trivial access control systems can be very complicated and there are many opportunities for mistakes. If an attacker can learn of incorrectly configured access security settings, they may be able to exploit this in an attack. Most commonly, attackers would take advantage of controls that provided too little protection for sensitive activities in order to perform actions that should be denied to them. In some circumstances, an attacker may be able to take advantage of overly restrictive access control policies, initiating denial of services (if an application locks because it unexpectedly failed to be granted access) or causing other legitimate actions to fail due to security. The latter class of attacks, however, is usually less severe and easier to detect than attacks based on inadequate security restrictions. This attack pattern differs from CAPEC 1, \"Accessing Functionality Not Properly Constrained by ACLs\" in that the latter describes attacks where sensitive functionality lacks access controls, where, in this pattern, the access control is present, but incorrectly configured.",
            "external_references": [
                {
                    "external_id": "CAPEC-180",
                    "source_name": "capec",
                    "url": "https://capec.mitre.org/data/definitions/180.html"
                },
                {
                    "external_id": "CWE-732",
                    "source_name": "cwe",
                    "url": "http://cwe.mitre.org/data/definitions/732.html"
                },
                {
                    "external_id": "CWE-1190",
                    "source_name": "cwe",
                    "url": "http://cwe.mitre.org/data/definitions/1190.html"
                },
                {
                    "external_id": "CWE-1193",
                    "source_name": "cwe",
                    "url": "http://cwe.mitre.org/data/definitions/1193.html"
                },
                {
                    "external_id": "CWE-1220",
                    "source_name": "cwe",
                    "url": "http://cwe.mitre.org/data/definitions/1220.html"
                },
                {
                    "external_id": "CWE-1268",
                    "source_name": "cwe",
                    "url": "http://cwe.mitre.org/data/definitions/1268.html"
                },
                {
                    "external_id": "CWE-1280",
                    "source_name": "cwe",
                    "url": "http://cwe.mitre.org/data/definitions/1280.html"
                },
                {
                    "external_id": "CWE-1297",
                    "source_name": "cwe",
                    "url": "http://cwe.mitre.org/data/definitions/1297.html"
                },
                {
                    "external_id": "CWE-1311",
                    "source_name": "cwe",
                    "url": "http://cwe.mitre.org/data/definitions/1311.html"
                },
                {
                    "external_id": "CWE-1315",
                    "source_name": "cwe",
                    "url": "http://cwe.mitre.org/data/definitions/1315.html"
                },
                {
                    "external_id": "CWE-1318",
                    "source_name": "cwe",
                    "url": "http://cwe.mitre.org/data/definitions/1318.html"
                },
                {
                    "external_id": "CWE-1320",
                    "source_name": "cwe",
                    "url": "http://cwe.mitre.org/data/definitions/1320.html"
                },
                {
                    "external_id": "CWE-1321",
                    "source_name": "cwe",
                    "url": "http://cwe.mitre.org/data/definitions/1321.html"
                },
                {
                    "description": "Silvio Cesare, Share Library Call Redirection Via ELF PLT Infection (Issue 56), Phrack Magazine, 2000",
                    "external_id": "REF-29",
                    "source_name": "reference_from_CAPEC",
                    "url": "http://phrack.org/issues/56/7.html"
                },
                {
                    "description": "OWASP Top 10 2007 (2007), The Open Web Application Security Project (OWASP)",
                    "external_id": "REF-30",
                    "source_name": "reference_from_CAPEC",
                    "url": "https://www.owasp.org/www-pdf-archive/OWASP_Top_10_2007.pdf"
                }
            ],
            "id": "attack-pattern--aac17300-6cdd-4f50-82c3-da5a01d225ac",
            "modified": "2021-10-21T00:00:00.000Z",
            "name": "Exploiting Incorrectly Configured Access Control Security Levels",
            "object_marking_refs": [
                "marking-definition--17d82bb2-eeeb-4898-bda5-3ddbcd2b799d"
            ],
            "type": "attack-pattern",
            "x_capec_abstraction": "Standard",
            "x_capec_can_precede_refs": [
                "attack-pattern--9ad2c2eb-9939-4590-9683-2e789692d262"
            ],
            "x_capec_child_of_refs": [
                "attack-pattern--fd669b7d-0e79-473c-9808-a860dfb0c871"
            ],
            "x_capec_consequences": {
                "Access_Control": [
                    "Bypass Protection Mechanism"
                ],
                "Authorization": [
                    "Execute Unauthorized Commands (Run Arbitrary Code)",
                    "Gain Privileges",
                    "Bypass Protection Mechanism"
                ],
                "Availability": [
                    "Unreliable Execution"
                ],
                "Confidentiality": [
                    "Read Data"
                ],
                "Integrity": [
                    "Modify Data"
                ]
            },
            "x_capec_example_instances": [
                "For example, an incorrectly configured Web server, may allow unauthorized access to it, thus threaten the security of the Web application."
            ],
            "x_capec_execution_flow": "<h2> Execution Flow </h2><div><h3>Explore</h3><ol><li> <p> <b>Survey: </b>The attacker surveys the target application, possibly as a valid and authenticated user.</p></li><table><tbody><tr><th>Techniques</th></tr><tr><td>Spider the web site for all available links.</td></tr><tr><td>Brute force to guess all function names/action with different privileges.</td></tr></tbody></table></ol></div><div><h3>Experiment</h3><ol><li> <p> <b>Identify weak points in access control configurations: </b>The attacker probes the access control for functions and data identified in the Explore phase to identify potential weaknesses in how the access controls are configured.</p></li><table><tbody><tr><th>Techniques</th></tr><tr><td>The attacker attempts authenticated access to targeted functions and data.</td></tr><tr><td>The attacker attempts unauthenticated access to targeted functions and data.</td></tr><tr><td>The attacker attempts indirect and side channel access to targeted functions and data.</td></tr></tbody></table></ol></div><div><h3>Exploit</h3><ol><li> <p> <b>Access the function or data bypassing the access control: </b>The attacker executes the function or accesses the data identified in the Explore phase bypassing the access control.</p></li><table><tbody><tr><th>Techniques</th></tr><tr><td>The attacker executes the function or accesses the data not authorized to them.</td></tr></tbody></table></ol></div>",
            "x_capec_likelihood_of_attack": "High",
            "x_capec_parent_of_refs": [
                "attack-pattern--74bac7d9-693d-40d2-82bf-eb132f13bcaf",
                "attack-pattern--ad3edbca-1751-476b-8769-d85b268316f5",
                "attack-pattern--9d08112b-b096-4a94-9eb6-9a63c822a2e2",
                "attack-pattern--740e84fc-0873-4d59-87c3-841e17da9c9d"
            ],
            "x_capec_prerequisites": [
                "The target must apply access controls, but incorrectly configure them. However, not all incorrect configurations can be exploited by an attacker. If the incorrect configuration applies too little security to some functionality, then the attacker may be able to exploit it if the access control would be the only thing preventing an attacker's access and it no longer does so. If the incorrect configuration applies too much security, it must prevent legitimate activity and the attacker must be able to force others to require this activity.."
            ],
            "x_capec_resources_required": [
                "None: No specialized resources are required to execute this type of attack."
            ],
            "x_capec_skills_required": {
                "Low": "In order to discover unrestricted resources, the attacker does not need special tools or skills. They only have to observe the resources or access mechanisms invoked as each action is performed and then try and access those access mechanisms directly."
            },
            "x_capec_status": "Draft",
            "x_capec_typical_severity": "Medium",
            "x_capec_version": "3.6"
        }
    ],
    "spec_version": "2.0",
    "type": "bundle"
}