{
    "id": "bundle--1c7b74f4-2360-4ae0-b2c1-90525029f1c4",
    "objects": [
        {
            "created": "2014-06-23T00:00:00.000Z",
            "created_by_ref": "identity--e50ab59c-5c4f-4d40-bf6a-d58418d89bcd",
            "description": "An adversary exploits a weakness in the server's trust of client-side processing by modifying data on the client-side, such as price information, and then submitting this data to the server, which processes the modified data. For example, eShoplifting is a data manipulation attack against an on-line merchant during a purchasing transaction. The manipulation of price, discount or quantity fields in the transaction message allows the adversary to acquire items at a lower cost than the merchant intended. The adversary performs a normal purchasing transaction but edits hidden fields within the HTML form response that store price or other information to give themselves a better deal. The merchant then uses the modified pricing information in calculating the cost of the selected items.",
            "external_references": [
                {
                    "external_id": "CAPEC-162",
                    "source_name": "capec",
                    "url": "https://capec.mitre.org/data/definitions/162.html"
                },
                {
                    "external_id": "CWE-602",
                    "source_name": "cwe",
                    "url": "http://cwe.mitre.org/data/definitions/602.html"
                }
            ],
            "id": "attack-pattern--a506984b-0870-42d9-8bcd-0787f13b8c2e",
            "modified": "2017-08-04T00:00:00.000Z",
            "name": "Manipulating Hidden Fields",
            "object_marking_refs": [
                "marking-definition--17d82bb2-eeeb-4898-bda5-3ddbcd2b799d"
            ],
            "type": "attack-pattern",
            "x_capec_abstraction": "Detailed",
            "x_capec_child_of_refs": [
                "attack-pattern--5e4a268e-f89f-445a-aa42-395922f56bf0"
            ],
            "x_capec_prerequisites": [
                "The targeted site must contain hidden fields to be modified.",
                "The targeted site must not validate the hidden fields with backend processing."
            ],
            "x_capec_resources_required": [
                "The adversary must have the ability to modify hidden fields by editing the HTTP response to the server."
            ],
            "x_capec_status": "Draft",
            "x_capec_typical_severity": "High",
            "x_capec_version": "3.6"
        }
    ],
    "spec_version": "2.0",
    "type": "bundle"
}