{
    "id": "bundle--604b6407-de2e-4d0f-a20d-67b44c5b7c8b",
    "objects": [
        {
            "created": "2014-06-23T00:00:00.000Z",
            "created_by_ref": "identity--e50ab59c-5c4f-4d40-bf6a-d58418d89bcd",
            "description": "This attack utilizes XQuery to probe and attack server systems; in a similar manner that SQL Injection allows an attacker to exploit SQL calls to RDBMS, XQuery Injection uses improperly validated data that is passed to XQuery commands to traverse and execute commands that the XQuery routines have access to. XQuery injection can be used to enumerate elements on the victim's environment, inject commands to the local host, or execute queries to remote files and data sources.",
            "external_references": [
                {
                    "external_id": "CAPEC-84",
                    "source_name": "capec",
                    "url": "https://capec.mitre.org/data/definitions/84.html"
                },
                {
                    "external_id": "CWE-74",
                    "source_name": "cwe",
                    "url": "http://cwe.mitre.org/data/definitions/74.html"
                },
                {
                    "external_id": "CWE-707",
                    "source_name": "cwe",
                    "url": "http://cwe.mitre.org/data/definitions/707.html"
                },
                {
                    "description": "XQuery Injection",
                    "external_id": "46",
                    "source_name": "WASC",
                    "url": "http://projects.webappsec.org/XQuery-Injection"
                }
            ],
            "id": "attack-pattern--65c33cb5-cbae-4a8f-9895-2b7dc6a0f9f5",
            "modified": "2021-06-24T00:00:00.000Z",
            "name": "XQuery Injection",
            "object_marking_refs": [
                "marking-definition--17d82bb2-eeeb-4898-bda5-3ddbcd2b799d"
            ],
            "type": "attack-pattern",
            "x_capec_abstraction": "Detailed",
            "x_capec_child_of_refs": [
                "attack-pattern--aa6a831a-8eae-4690-b4a2-ff3e4d43a716"
            ],
            "x_capec_consequences": {
                "Access_Control": [
                    "Gain Privileges"
                ],
                "Authorization": [
                    "Gain Privileges"
                ],
                "Availability": [
                    "Execute Unauthorized Commands (Run Arbitrary Code)"
                ],
                "Confidentiality": [
                    "Read Data",
                    "Gain Privileges",
                    "Execute Unauthorized Commands (Run Arbitrary Code)"
                ],
                "Integrity": [
                    "Modify Data",
                    "Execute Unauthorized Commands (Run Arbitrary Code)"
                ]
            },
            "x_capec_example_instances": [
                "\n               <xhtml:p>An attacker can pass XQuery expressions embedded in otherwise standard XML documents. Like SQL injection attacks, the attacker tunnels through the application entry point to target the resource access layer. The string below is an example of an attacker accessing the accounts.xml to request the service provider send all user names back.</xhtml:p>\n               <xhtml:div style=\"margin-left:10px;\" class=\"informative\">doc(accounts.xml)//user[Name='*']</xhtml:div>\n               <xhtml:p>The attacks that are possible through XQuery are difficult to predict, if the data is not validated prior to executing the XQL.</xhtml:p>\n            "
            ],
            "x_capec_execution_flow": "<h2> Execution Flow </h2><div><h3>Explore</h3><ol><li> <p> <b>Survey the application for user-controllable inputs: </b>Using a browser or an automated tool, an attacker follows all public links and actions on a web site. They record all the links, the forms, the resources accessed and all other potential entry-points for the web application.</p></li><table><tbody><tr><th>Techniques</th></tr><tr><td>Use a spidering tool to follow and record all links and analyze the web pages to find entry points. Make special note of any links that include parameters in the URL.</td></tr><tr><td>Use a proxy tool to record all user input entry points visited during a manual traversal of the web application.</td></tr><tr><td>Use a browser to manually explore the website and analyze how it is constructed. Many browsers' plugins are available to facilitate the analysis or automate the discovery.</td></tr></tbody></table></ol></div><div><h3>Experiment</h3><ol><li> <p> <b>Determine user-controllable input susceptible to injection: </b>Determine the user-controllable input susceptible to injection. For each user-controllable input that the attacker suspects is vulnerable to XQL injection, attempt to inject characters that have special meaning in XQL. The goal is to create an XQL query with an invalid syntax.</p></li><table><tbody><tr><th>Techniques</th></tr><tr><td>Use web browser to inject input through text fields or through HTTP GET parameters.</td></tr><tr><td>Use a web application debugging tool such as Tamper Data, TamperIE, WebScarab,etc. to modify HTTP POST parameters, hidden fields, non-freeform fields, etc.</td></tr><tr><td>Use XML files to inject input.</td></tr><tr><td>Use network-level packet injection tools such as netcat to inject input</td></tr><tr><td>Use modified client (modified by reverse engineering) to inject input.</td></tr></tbody></table></ol></div><div><h3>Exploit</h3><ol><li> <p> <b>Information Disclosure: </b>The attacker crafts and injects an XQuery payload which is acted on by an XQL query leading to inappropriate disclosure of information.</p></li><table><tbody><tr><th>Techniques</th></tr><tr><td>Leveraging one of the vulnerable inputs identified during the Experiment phase, inject malicious XQuery payload. The payload aims to get information on the structure of the underlying XML database and/or the content in it.</td></tr></tbody></table><li> <p> <b>Manipulate the data in the XML database: </b>The attacker crafts and injects an XQuery payload which is acted on by an XQL query leading to modification of application data.</p></li><table><tbody><tr><th>Techniques</th></tr><tr><td>Leveraging one of the vulnerable inputs identified during the Experiment phase, inject malicious XQuery payload.. The payload tries to insert or replace data in the XML database.</td></tr></tbody></table></ol></div>",
            "x_capec_likelihood_of_attack": "High",
            "x_capec_prerequisites": [
                "The XQL must execute unvalidated data"
            ],
            "x_capec_skills_required": {
                "Low": "Basic understanding of XQuery"
            },
            "x_capec_status": "Draft",
            "x_capec_typical_severity": "Very High",
            "x_capec_version": "3.6"
        }
    ],
    "spec_version": "2.0",
    "type": "bundle"
}