{
    "id": "bundle--e6bf5812-419f-4fa2-8baf-b0a477f1ec6f",
    "objects": [
        {
            "created": "2014-06-23T00:00:00.000Z",
            "created_by_ref": "identity--e50ab59c-5c4f-4d40-bf6a-d58418d89bcd",
            "description": "Adversary uses malware or a similarly controlled application installed inside an organizational perimeter to gather information about the composition, configuration, and security mechanisms of a targeted application, system or network.",
            "external_references": [
                {
                    "external_id": "CAPEC-529",
                    "source_name": "capec",
                    "url": "https://capec.mitre.org/data/definitions/529.html"
                }
            ],
            "id": "attack-pattern--6f7f4589-3abb-4aa8-ac80-1a6715d75a8b",
            "modified": "2020-07-30T00:00:00.000Z",
            "name": "Malware-Directed Internal Reconnaissance",
            "object_marking_refs": [
                "marking-definition--17d82bb2-eeeb-4898-bda5-3ddbcd2b799d"
            ],
            "type": "attack-pattern",
            "x_capec_abstraction": "Standard",
            "x_capec_can_follow_refs": [
                "attack-pattern--c8c9dfbe-7a40-4041-84ff-89942878a2f4",
                "attack-pattern--a55491b8-b521-44f4-a905-a6ed82b8e7e8"
            ],
            "x_capec_child_of_refs": [
                "attack-pattern--87b0d2df-b246-4bf9-aee8-4912e2fa1a30"
            ],
            "x_capec_consequences": {
                "Confidentiality": [
                    "Read Data"
                ]
            },
            "x_capec_likelihood_of_attack": "Medium",
            "x_capec_prerequisites": [
                "The adversary must have internal, logical access to the target network and system."
            ],
            "x_capec_resources_required": [
                "The adversary requires a variety of tools to collect information about the target. These include port/network scanners and tools to analyze responses from applications to determine version and configuration information. Footprinting a system adequately may also take a few days if the attacker wishes the footprinting attempt to go undetected."
            ],
            "x_capec_skills_required": {
                "Medium": "The adversary must be able to obtain or develop, as well as place malicious software inside the target network/system."
            },
            "x_capec_status": "Stable",
            "x_capec_typical_severity": "Medium",
            "x_capec_version": "3.6"
        }
    ],
    "spec_version": "2.0",
    "type": "bundle"
}