{
    "id": "bundle--42caa53e-5361-4706-9191-89f650404c47",
    "objects": [
        {
            "created": "2014-06-23T00:00:00.000Z",
            "created_by_ref": "identity--e50ab59c-5c4f-4d40-bf6a-d58418d89bcd",
            "description": "An adversary uses framing techniques to contextualize a conversation so that the target is more likely to be influenced by the adversary's point of view. Framing is information and experiences in life that alter the way we react to decisions we must make. This type of persuasive technique exploits the way people are conditioned to perceive data and its significance, while avoiding negative or avoidance responses from the target. Rather than a specific technique framing is a methodology of conversation that slowly encourages the target to adopt to the adversary's perspective. One technique of framing is to avoid the use of the word \"No\" and to contextualize responses in a manner that is positive. When performed skillfully the target is much more likely to volunteer information or perform actions favorable to the adversary.",
            "external_references": [
                {
                    "external_id": "CAPEC-425",
                    "source_name": "capec",
                    "url": "https://capec.mitre.org/data/definitions/425.html"
                },
                {
                    "description": "The Official Social Engineering Portal, Social-Engineer.org, Tick Tock Computers, LLC",
                    "external_id": "REF-348",
                    "source_name": "reference_from_CAPEC",
                    "url": "http://www.social-engineer.org"
                }
            ],
            "id": "attack-pattern--89d61215-2dcb-4684-983b-89a6e519b035",
            "modified": "2020-12-17T00:00:00.000Z",
            "name": "Target Influence via Framing",
            "object_marking_refs": [
                "marking-definition--17d82bb2-eeeb-4898-bda5-3ddbcd2b799d"
            ],
            "type": "attack-pattern",
            "x_capec_abstraction": "Standard",
            "x_capec_child_of_refs": [
                "attack-pattern--eedaef1c-c3fb-4135-a1b5-4b186b9da854"
            ],
            "x_capec_consequences": {
                "Confidentiality": [
                    "Other (Successful attacks that influence the target via framing into performing an action or sharing sensitive information can result in a variety of consequences that negatively affect the confidentiality of an application or system.)"
                ]
            },
            "x_capec_likelihood_of_attack": "Low",
            "x_capec_prerequisites": [
                "The adversary must have the means and knowledge of how to communicate with the target in some manner."
            ],
            "x_capec_skills_required": {
                "Low": "The adversary requires strong inter-personal and communication skills."
            },
            "x_capec_status": "Draft",
            "x_capec_typical_severity": "Low",
            "x_capec_version": "3.6"
        }
    ],
    "spec_version": "2.0",
    "type": "bundle"
}