{
    "id": "bundle--625af7cb-4ce9-4405-a334-7e12714c7b4d",
    "objects": [
        {
            "created": "2014-06-23T00:00:00.000Z",
            "created_by_ref": "identity--e50ab59c-5c4f-4d40-bf6a-d58418d89bcd",
            "description": "An adversary may execute a flooding attack using the ICMP protocol with the intent to deny legitimate users access to a service by consuming the available network bandwidth. A typical attack involves a victim server receiving ICMP packets at a high rate from a wide range of source addresses. Additionally, due to the session-less nature of the ICMP protocol, the source of a packet is easily spoofed making it difficult to find the source of the attack.",
            "external_references": [
                {
                    "external_id": "CAPEC-487",
                    "source_name": "capec",
                    "url": "https://capec.mitre.org/data/definitions/487.html"
                },
                {
                    "external_id": "CWE-770",
                    "source_name": "cwe",
                    "url": "http://cwe.mitre.org/data/definitions/770.html"
                },
                {
                    "description": "Network Denial of Service:Direct Network Flood",
                    "external_id": "T1498.001",
                    "source_name": "ATTACK",
                    "url": "https://attack.mitre.org/wiki/Technique/T1498/001"
                }
            ],
            "id": "attack-pattern--2e017307-7bab-419b-972c-8dae9e089572",
            "modified": "2021-06-24T00:00:00.000Z",
            "name": "ICMP Flood",
            "object_marking_refs": [
                "marking-definition--17d82bb2-eeeb-4898-bda5-3ddbcd2b799d"
            ],
            "type": "attack-pattern",
            "x_capec_abstraction": "Standard",
            "x_capec_child_of_refs": [
                "attack-pattern--6854fe89-0829-429f-a95c-89e77ab6c8ed"
            ],
            "x_capec_prerequisites": [
                "This type of an attack requires the ability to generate a large amount of ICMP traffic to send to the target server."
            ],
            "x_capec_status": "Draft",
            "x_capec_version": "3.6"
        }
    ],
    "spec_version": "2.0",
    "type": "bundle"
}