{
    "id": "bundle--54add1b3-f717-4602-8716-e258441fb2dd",
    "objects": [
        {
            "created": "2015-11-09T00:00:00.000Z",
            "created_by_ref": "identity--e50ab59c-5c4f-4d40-bf6a-d58418d89bcd",
            "description": "Compromising Emanations (CE) are defined as unintentional signals which an attacker may intercept and analyze to disclose the information processed by the targeted equipment. Commercial mobile devices and retransmission devices have displays, buttons, microchips, and radios that emit mechanical emissions in the form of sound or vibrations. Capturing these emissions can help an adversary understand what the device is doing.",
            "external_references": [
                {
                    "external_id": "CAPEC-623",
                    "source_name": "capec",
                    "url": "https://capec.mitre.org/data/definitions/623.html"
                },
                {
                    "external_id": "CWE-201",
                    "source_name": "cwe",
                    "url": "http://cwe.mitre.org/data/definitions/201.html"
                }
            ],
            "id": "attack-pattern--3d5bbdf7-b642-43b4-b4be-d9f35923380d",
            "modified": "2018-07-31T00:00:00.000Z",
            "name": "Compromising Emanations Attack",
            "object_marking_refs": [
                "marking-definition--17d82bb2-eeeb-4898-bda5-3ddbcd2b799d"
            ],
            "type": "attack-pattern",
            "x_capec_abstraction": "Detailed",
            "x_capec_child_of_refs": [
                "attack-pattern--4ba540ef-b8ad-4bf7-acac-d8855661c4a2"
            ],
            "x_capec_consequences": {
                "Confidentiality": [
                    "Read Data (Capture vibrations/emissions from the handset or retransmission device display screen to recreat display information from a distance.)"
                ]
            },
            "x_capec_prerequisites": [
                "Proximal access to the device."
            ],
            "x_capec_skills_required": {
                "High": "Sophisticated attack."
            },
            "x_capec_status": "Draft",
            "x_capec_typical_severity": "Low",
            "x_capec_version": "3.6"
        }
    ],
    "spec_version": "2.0",
    "type": "bundle"
}