{
    "id": "bundle--8b37b0c0-8472-4f07-bc07-bafd632622a0",
    "objects": [
        {
            "created": "2014-06-23T00:00:00.000Z",
            "created_by_ref": "identity--e50ab59c-5c4f-4d40-bf6a-d58418d89bcd",
            "description": "An attacker is able to leverage access gained to the database to read / write data to the file system, compromise the operating system, create a tunnel for accessing the host machine, and use this access to potentially attack other machines on the same network as the database machine. Traditionally SQL injections attacks are viewed as a way to gain unauthorized read access to the data stored in the database, modify the data in the database, delete the data, etc. However, almost every data base management system (DBMS) system includes facilities that if compromised allow an attacker complete access to the file system, operating system, and full access to the host running the database. The attacker can then use this privileged access to launch subsequent attacks. These facilities include dropping into a command shell, creating user defined functions that can call system level libraries present on the host machine, stored procedures, etc.",
            "external_references": [
                {
                    "external_id": "CAPEC-470",
                    "source_name": "capec",
                    "url": "https://capec.mitre.org/data/definitions/470.html"
                },
                {
                    "external_id": "CWE-250",
                    "source_name": "cwe",
                    "url": "http://cwe.mitre.org/data/definitions/250.html"
                },
                {
                    "external_id": "CWE-89",
                    "source_name": "cwe",
                    "url": "http://cwe.mitre.org/data/definitions/89.html"
                },
                {
                    "description": "Bernardo Damele Assump ção Guimarães, Advanced SQL Injection to Operating System Full Control, 2009--04---10",
                    "external_id": "REF-408",
                    "source_name": "reference_from_CAPEC",
                    "url": "http://www.blackhat.com/presentations/bh-europe-09/Guimaraes/Blackhat-europe-09-Damele-SQLInjection-whitepaper.pdf"
                }
            ],
            "id": "attack-pattern--35bde6ec-0a19-462c-92b4-9c481dc4986e",
            "modified": "2020-12-17T00:00:00.000Z",
            "name": "Expanding Control over the Operating System from the Database",
            "object_marking_refs": [
                "marking-definition--17d82bb2-eeeb-4898-bda5-3ddbcd2b799d"
            ],
            "type": "attack-pattern",
            "x_capec_abstraction": "Detailed",
            "x_capec_child_of_refs": [
                "attack-pattern--42acc604-a86c-46f7-bd03-6e532c02d85e"
            ],
            "x_capec_execution_flow": "<h2> Execution Flow </h2><div><h3>Explore</h3><ol><li> <p>The adversary identifies a database management system running on a machine they would like to gain control over, or on a network they want to move laterally through.</p></li></ol></div><div><h3>Experiment</h3><ol><li> <p>The adversary goes about the typical steps of an SQL injection and determines if an injection is possible.</p></li><li> <p>Once the Adversary determines that an SQL injection is possible, they must ensure that the requirements for the attack are met. These are a high privileged session user and batched query support. This is done in similar ways to discovering if an SQL injection is possible.</p></li><li> <p>If the requirements are met, based on the database management system that is running, the adversary will find or create user defined functions (UDFs) that can be loaded as DLLs. An example of a DLL can be found at https://github.com/rapid7/metasploit-framework/tree/master/data/exploits/mysql</p></li><li> <p>In order to load the DLL, the adversary must first find the path to the plugin directory. The command to achieve this is different based on the type of DBMS, but for MySQL, this can be achieved by running the command \"select @@plugin_dir\"</p></li></ol></div><div><h3>Exploit</h3><ol><li> <p>The DLL is then moved into the previously found plugin directory so that the contained functions can be loaded. This can be done in a number of ways; loading from a network share, writing the entire hex encoded string to a file in the plugin directory, or loading the DLL into a table and then into a file. An example using MySQL to load the hex string is as follows. select 0x4d5a9000... into dump file \"{plugin directory}\\\\udf.dll\";</p></li><li> <p>Once the DLL is in the plugin directory, a command is then run to load the UDFs. An example of this in MySQL is \"create function sys_eval returns string soname 'udf.dll';\" The function sys_eval is specific to the example DLL listed above.</p></li><li> <p>Once the adversary has loaded the desired function(s), they will use these to execute arbitrary commands on the compromised system. This is done through a simple select command to the loaded UDF. For example: \"select sys_eval('dir');\". Because the prerequisite to this attack is that the database session user is a super user, this means that the adversary will be able to execute commands with elevated privileges.</p></li></ol></div>",
            "x_capec_prerequisites": [
                "A vulnerable DBMS is usedA SQL injection exists that gives an attacker access to the database or an attacker has access to the DBMS via other means"
            ],
            "x_capec_skills_required": {
                "High": "Low level knowledge of the various facilities available in different DBMS systems for interacting with the file system and operating system"
            },
            "x_capec_status": "Draft",
            "x_capec_typical_severity": "Very High",
            "x_capec_version": "3.6"
        }
    ],
    "spec_version": "2.0",
    "type": "bundle"
}