{
    "id": "bundle--39b155ff-7ec1-45d1-bbd8-1290d733623e",
    "objects": [
        {
            "created": "2018-04-26T00:00:00.000Z",
            "created_by_ref": "identity--e50ab59c-5c4f-4d40-bf6a-d58418d89bcd",
            "description": "An adversary exploits a weakness in authorization and installs a new root certificate on a compromised system. Certificates are commonly used for establishing secure TLS/SSL communications within a web browser. When a user attempts to browse a website that presents a certificate that is not trusted an error message will be displayed to warn the user of the security risk. Depending on the security settings, the browser may not allow the user to establish a connection to the website. Adversaries have used this technique to avoid security warnings prompting users when compromised systems connect over HTTPS to adversary controlled web servers that spoof legitimate websites in order to collect login credentials.",
            "external_references": [
                {
                    "external_id": "CAPEC-479",
                    "source_name": "capec",
                    "url": "https://capec.mitre.org/data/definitions/479.html"
                },
                {
                    "external_id": "CWE-284",
                    "source_name": "cwe",
                    "url": "http://cwe.mitre.org/data/definitions/284.html"
                },
                {
                    "description": "Subvert Trust Controls:Install Root Certificate",
                    "external_id": "T1553.004",
                    "source_name": "ATTACK",
                    "url": "https://attack.mitre.org/wiki/Technique/T1553/004"
                }
            ],
            "id": "attack-pattern--a35eb10e-1168-4c77-8f46-87fa6ee40ef7",
            "modified": "2020-07-30T00:00:00.000Z",
            "name": "Malicious Root Certificate",
            "object_marking_refs": [
                "marking-definition--17d82bb2-eeeb-4898-bda5-3ddbcd2b799d"
            ],
            "type": "attack-pattern",
            "x_capec_abstraction": "Detailed",
            "x_capec_child_of_refs": [
                "attack-pattern--d94762c1-3c78-47eb-8212-e0c770ba43a9"
            ],
            "x_capec_likelihood_of_attack": "Low",
            "x_capec_prerequisites": [
                "The adversary must have the ability to create a new root certificate."
            ],
            "x_capec_status": "Stable",
            "x_capec_typical_severity": "Low",
            "x_capec_version": "3.6"
        }
    ],
    "spec_version": "2.0",
    "type": "bundle"
}