{
    "id": "bundle--ba893f52-16e8-4589-b29d-f8aa2ce7233b",
    "objects": [
        {
            "created": "2021-06-24T00:00:00.000Z",
            "created_by_ref": "identity--e50ab59c-5c4f-4d40-bf6a-d58418d89bcd",
            "description": "An adversary with access to functional requirements for an application specific integrated circuit (ASIC), a chip designed/customized for a singular particular use, maliciously alters requirements derived from originating capability needs. In the chip manufacturing process, requirements drive the chip design which, when the chip is fully manufactured, could result in an ASIC which may not meet the user’s needs, contain malicious functionality, or exhibit other anomalous behaviors thereby affecting the intended use of the ASIC.",
            "external_references": [
                {
                    "external_id": "CAPEC-671",
                    "source_name": "capec",
                    "url": "https://capec.mitre.org/data/definitions/671.html"
                },
                {
                    "description": "John F. Miller, Supply Chain Attack Framework and Attack Patterns, 2013--12, The MITRE Corporation",
                    "external_id": "REF-661",
                    "source_name": "reference_from_CAPEC",
                    "url": "http://www.mitre.org/sites/default/files/publications/supply-chain-attack-framework-14-0228.pdf"
                }
            ],
            "id": "attack-pattern--5af917a8-becc-41ec-9053-6976a9da5b28",
            "modified": "2021-06-24T00:00:00.000Z",
            "name": "Requirements for ASIC Functionality Maliciously Altered",
            "object_marking_refs": [
                "marking-definition--17d82bb2-eeeb-4898-bda5-3ddbcd2b799d"
            ],
            "type": "attack-pattern",
            "x_capec_abstraction": "Detailed",
            "x_capec_child_of_refs": [
                "attack-pattern--cf550376-63ac-4b46-87d1-0e324c1c1c46"
            ],
            "x_capec_consequences": {
                "Integrity": [
                    "Alter Execution Logic"
                ]
            },
            "x_capec_example_instances": [
                "An adversary with access to ASIC functionality requirements for various customers, targets a particular customer’s ordered lot of ASICs by altering its functional requirements such that the ASIC design will result in a manufactured chip that does not meet the customer’s capability needs."
            ],
            "x_capec_likelihood_of_attack": "Low",
            "x_capec_prerequisites": [
                "An adversary would need to have access to a foundry’s or chip maker’s requirements management system that stores customer requirements for ASICs, requirements upon which the design of the ASIC is based."
            ],
            "x_capec_skills_required": {
                "High": "An adversary would need experience in designing chips based on functional requirements in order to manipulate requirements in such a way that deviations would not be detected in subsequent stages of ASIC manufacture and where intended malicious functionality would be available to the adversary once integrated into a system and fielded."
            },
            "x_capec_status": "Draft",
            "x_capec_typical_severity": "High",
            "x_capec_version": "3.6"
        }
    ],
    "spec_version": "2.0",
    "type": "bundle"
}