{
    "id": "bundle--6d684632-531c-4e6b-9d6a-57f10d5e9e5c",
    "objects": [
        {
            "created": "2014-06-23T00:00:00.000Z",
            "created_by_ref": "identity--e50ab59c-5c4f-4d40-bf6a-d58418d89bcd",
            "description": "This pattern has been deprecated as it was determined to be a duplicate of another pattern. Please refer to the pattern CAPEC-203 : Manipulate Application Registry Values going forward.",
            "external_references": [
                {
                    "external_id": "CAPEC-269",
                    "source_name": "capec",
                    "url": "https://capec.mitre.org/data/definitions/269.html"
                }
            ],
            "id": "attack-pattern--c65468a8-a1de-4bfd-a6f1-5532a46cb8a0",
            "modified": "2017-05-01T00:00:00.000Z",
            "name": "DEPRECATED: Registry Manipulation",
            "object_marking_refs": [
                "marking-definition--17d82bb2-eeeb-4898-bda5-3ddbcd2b799d"
            ],
            "type": "attack-pattern",
            "x_capec_abstraction": "Meta",
            "x_capec_status": "Deprecated",
            "x_capec_version": "3.6"
        }
    ],
    "spec_version": "2.0",
    "type": "bundle"
}