{
    "id": "bundle--bd81bdd1-e784-4fa6-83c0-db80254821ac",
    "objects": [
        {
            "created": "2014-06-23T00:00:00.000Z",
            "created_by_ref": "identity--e50ab59c-5c4f-4d40-bf6a-d58418d89bcd",
            "description": "An adversary engages in pretexting behavior, assuming some sort of trusted role, and contacting the targeted individual or organization via phone to solicit information from target persons, or manipulate the target into performing an action that serves the adversary's interests. This is the most common social engineering attack. Some of the most commonly effective approaches are to impersonate a fellow employee, impersonate a computer technician or to target help desk personnel.",
            "external_references": [
                {
                    "external_id": "CAPEC-415",
                    "source_name": "capec",
                    "url": "https://capec.mitre.org/data/definitions/415.html"
                },
                {
                    "description": "The Official Social Engineering Portal, Social-Engineer.org, Tick Tock Computers, LLC",
                    "external_id": "REF-348",
                    "source_name": "reference_from_CAPEC",
                    "url": "http://www.social-engineer.org"
                }
            ],
            "id": "attack-pattern--490fc09c-a624-44cd-8e9e-f4ce8ad2311e",
            "modified": "2019-09-30T00:00:00.000Z",
            "name": "Pretexting via Phone",
            "object_marking_refs": [
                "marking-definition--17d82bb2-eeeb-4898-bda5-3ddbcd2b799d"
            ],
            "type": "attack-pattern",
            "x_capec_abstraction": "Detailed",
            "x_capec_child_of_refs": [
                "attack-pattern--8b329689-f8f8-466e-a890-4e30b8d8ec30"
            ],
            "x_capec_status": "Draft",
            "x_capec_typical_severity": "Low",
            "x_capec_version": "3.6"
        }
    ],
    "spec_version": "2.0",
    "type": "bundle"
}