{
    "id": "bundle--7e4a3069-3464-4519-9604-6a0f9f4877de",
    "objects": [
        {
            "created": "2014-06-23T00:00:00.000Z",
            "created_by_ref": "identity--e50ab59c-5c4f-4d40-bf6a-d58418d89bcd",
            "description": "An adversary manipulates an application's interaction with a buffer in an attempt to read or modify data they shouldn't have access to. Buffer attacks are distinguished in that it is the buffer space itself that is the target of the attack rather than any code responsible for interpreting the content of the buffer. In virtually all buffer attacks the content that is placed in the buffer is immaterial. Instead, most buffer attacks involve retrieving or providing more input than can be stored in the allocated buffer, resulting in the reading or overwriting of other unintended program memory.",
            "external_references": [
                {
                    "external_id": "CAPEC-123",
                    "source_name": "capec",
                    "url": "https://capec.mitre.org/data/definitions/123.html"
                },
                {
                    "external_id": "CWE-119",
                    "source_name": "cwe",
                    "url": "http://cwe.mitre.org/data/definitions/119.html"
                }
            ],
            "id": "attack-pattern--476ca631-2695-43f8-82f6-83c06a07ae36",
            "modified": "2019-04-04T00:00:00.000Z",
            "name": "Buffer Manipulation",
            "object_marking_refs": [
                "marking-definition--17d82bb2-eeeb-4898-bda5-3ddbcd2b799d"
            ],
            "type": "attack-pattern",
            "x_capec_abstraction": "Meta",
            "x_capec_consequences": {
                "Availability": [
                    "Unreliable Execution (A buffer manipulation attack often results in a crash of the application due to the corruption of memory.)"
                ],
                "Confidentiality": [
                    "Execute Unauthorized Commands (If constructed properly, a buffer manipulation attack can be used to contol the execution of the application leading to any number of negative consequenses.)",
                    "Modify Data (If constructed properly, a buffer manipulation attack can be used to contol the execution of the application leading to any number of negative consequenses.)",
                    "Read Data (If constructed properly, a buffer manipulation attack can be used to contol the execution of the application leading to any number of negative consequenses.)"
                ]
            },
            "x_capec_likelihood_of_attack": "High",
            "x_capec_parent_of_refs": [
                "attack-pattern--77e51461-7843-411c-a90e-852498957f76",
                "attack-pattern--40eddae8-4d7d-4fc3-b220-1c9706f01a96"
            ],
            "x_capec_prerequisites": [
                "The adversary must identify a programmatic means for interacting with a buffer, such as vulnerable C code, and be able to provide input to this interaction."
            ],
            "x_capec_status": "Draft",
            "x_capec_typical_severity": "Very High",
            "x_capec_version": "3.6"
        }
    ],
    "spec_version": "2.0",
    "type": "bundle"
}