{
    "id": "bundle--3feeb9fe-3574-42b2-8ab7-4d9961f954d6",
    "objects": [
        {
            "created": "2014-06-23T00:00:00.000Z",
            "created_by_ref": "identity--e50ab59c-5c4f-4d40-bf6a-d58418d89bcd",
            "description": "An attacker overrides or adds HTTP GET/POST parameters by injecting query string delimiters. Via HPP it may be possible to override existing hardcoded HTTP parameters, modify the application behaviors, access and, potentially exploit, uncontrollable variables, and bypass input validation checkpoints and WAF rules.",
            "external_references": [
                {
                    "external_id": "CAPEC-460",
                    "source_name": "capec",
                    "url": "https://capec.mitre.org/data/definitions/460.html"
                },
                {
                    "external_id": "CWE-88",
                    "source_name": "cwe",
                    "url": "http://cwe.mitre.org/data/definitions/88.html"
                },
                {
                    "external_id": "CWE-147",
                    "source_name": "cwe",
                    "url": "http://cwe.mitre.org/data/definitions/147.html"
                },
                {
                    "external_id": "CWE-235",
                    "source_name": "cwe",
                    "url": "http://cwe.mitre.org/data/definitions/235.html"
                },
                {
                    "description": "Web Parameter Tampering",
                    "source_name": "OWASP Attacks",
                    "url": "https://owasp.org/www-community/attacks/Web_Parameter_Tampering"
                },
                {
                    "description": "Luca Carettoni, Stefano di Paola, HTTP Parameter Pollution (OWASP EU09 Poland), 2008, The Open Web Application Security Project (OWASP)",
                    "external_id": "REF-397",
                    "source_name": "reference_from_CAPEC",
                    "url": "https://www.owasp.org/images/b/ba/AppsecEU09_CarettoniDiPaola_v0.8.pdf"
                },
                {
                    "description": "OWASP Web Security Testing Guide, The Open Web Application Security Project (OWASP)",
                    "external_id": "REF-606",
                    "source_name": "reference_from_CAPEC",
                    "url": "https://owasp.org/www-project-web-security-testing-guide/latest/4-Web_Application_Security_Testing/07-Input_Validation_Testing/04-Testing_for_HTTP_Parameter_Pollution.html"
                }
            ],
            "id": "attack-pattern--70c8a212-72da-4a98-a626-e5d38e5416e3",
            "modified": "2021-10-21T00:00:00.000Z",
            "name": "HTTP Parameter Pollution (HPP)",
            "object_marking_refs": [
                "marking-definition--17d82bb2-eeeb-4898-bda5-3ddbcd2b799d"
            ],
            "type": "attack-pattern",
            "x_capec_abstraction": "Detailed",
            "x_capec_can_precede_refs": [
                "attack-pattern--23c4bdd1-768c-436c-b66e-9bfbdaab629c"
            ],
            "x_capec_child_of_refs": [
                "attack-pattern--582943a5-d66c-48a9-8cf8-76e511222c7d"
            ],
            "x_capec_prerequisites": [
                "HTTP protocol is used with some GET/POST parameters passed"
            ],
            "x_capec_resources_required": [
                "Any tool that enables intercepting and tampering with HTTP requests"
            ],
            "x_capec_status": "Draft",
            "x_capec_typical_severity": "Medium",
            "x_capec_version": "3.6"
        }
    ],
    "spec_version": "2.0",
    "type": "bundle"
}