{
    "id": "bundle--4f30781c-59d6-4d66-9a64-b5511acc4799",
    "objects": [
        {
            "created": "2020-07-30T00:00:00.000Z",
            "created_by_ref": "identity--e50ab59c-5c4f-4d40-bf6a-d58418d89bcd",
            "description": "In a shoulder surfing attack, an adversary observes an unaware individual's keystrokes, screen content, or conversations with the goal of obtaining sensitive information. One motive for this attack is to obtain sensitive information about the target for financial, personal, political, or other gains. From an insider threat perspective, an additional motive could be to obtain system/application credentials or cryptographic keys. Shoulder surfing attacks are accomplished by observing the content \"over the victim's shoulder\", as implied by the name of this attack.",
            "external_references": [
                {
                    "external_id": "CAPEC-508",
                    "source_name": "capec",
                    "url": "https://capec.mitre.org/data/definitions/508.html"
                },
                {
                    "external_id": "CWE-200",
                    "source_name": "cwe",
                    "url": "http://cwe.mitre.org/data/definitions/200.html"
                },
                {
                    "external_id": "CWE-359",
                    "source_name": "cwe",
                    "url": "http://cwe.mitre.org/data/definitions/359.html"
                }
            ],
            "id": "attack-pattern--a4986dd8-cb9c-45cb-bb53-b7549f2b8d62",
            "modified": "2020-07-30T00:00:00.000Z",
            "name": "Shoulder Surfing",
            "object_marking_refs": [
                "marking-definition--17d82bb2-eeeb-4898-bda5-3ddbcd2b799d"
            ],
            "type": "attack-pattern",
            "x_capec_abstraction": "Detailed",
            "x_capec_can_precede_refs": [
                "attack-pattern--886a7175-e28a-4e6d-bd22-3b1497e31dc7"
            ],
            "x_capec_child_of_refs": [
                "attack-pattern--94e596d2-6844-4031-80c3-8522642aaff8"
            ],
            "x_capec_consequences": {
                "Confidentiality": [
                    "Read Data"
                ]
            },
            "x_capec_example_instances": [
                "An adversary can capture a target's banking credentials and transfer money to adversary-controlled accounts.",
                "An adversary observes the target's mobile device lock screen pattern/passcode and then steals the device, which can now be unlocked.",
                "An insider could obtain database credentials for an application and sell the credentials on the black market.",
                "An insider overhears a conversation pertaining to classified information, which could then be posted on an anonymous online forum."
            ],
            "x_capec_likelihood_of_attack": "High",
            "x_capec_prerequisites": [
                "The adversary typically requires physical proximity to the target's environment, in order to observe their screen or conversation. This may not be the case if the adversary is able to record the target and obtain sensitive information upon review of the recording."
            ],
            "x_capec_skills_required": {
                "Low": "In most cases, an adversary can simply observe and retain the desired information."
            },
            "x_capec_status": "Draft",
            "x_capec_typical_severity": "High",
            "x_capec_version": "3.6"
        }
    ],
    "spec_version": "2.0",
    "type": "bundle"
}