{
    "id": "bundle--f722157d-1e00-4d94-befa-e0485f94564b",
    "objects": [
        {
            "created": "2014-06-23T00:00:00.000Z",
            "created_by_ref": "identity--e50ab59c-5c4f-4d40-bf6a-d58418d89bcd",
            "description": "An adversary engages an individual using any combination of social engineering methods for the purpose of extracting information. Accurate contextual and environmental queues, such as knowing important information about the target company or individual can greatly increase the success of the attack and the quality of information gathered. Authentic mimicry combined with detailed knowledge increases the success of elicitation attacks.",
            "external_references": [
                {
                    "external_id": "CAPEC-410",
                    "source_name": "capec",
                    "url": "https://capec.mitre.org/data/definitions/410.html"
                },
                {
                    "description": "The Official Social Engineering Portal, Social-Engineer.org, Tick Tock Computers, LLC",
                    "external_id": "REF-348",
                    "source_name": "reference_from_CAPEC",
                    "url": "http://www.social-engineer.org"
                }
            ],
            "id": "attack-pattern--5c60a410-64a7-46e2-9d46-82a232a6ce3e",
            "modified": "2017-08-04T00:00:00.000Z",
            "name": "Information Elicitation",
            "object_marking_refs": [
                "marking-definition--17d82bb2-eeeb-4898-bda5-3ddbcd2b799d"
            ],
            "type": "attack-pattern",
            "x_capec_abstraction": "Meta",
            "x_capec_parent_of_refs": [
                "attack-pattern--8b329689-f8f8-466e-a890-4e30b8d8ec30"
            ],
            "x_capec_status": "Draft",
            "x_capec_typical_severity": "Low",
            "x_capec_version": "3.6"
        }
    ],
    "spec_version": "2.0",
    "type": "bundle"
}