{
    "id": "bundle--3e3570bb-c0c0-4b62-af5d-0fa34a354957",
    "objects": [
        {
            "created": "2015-11-09T00:00:00.000Z",
            "created_by_ref": "identity--e50ab59c-5c4f-4d40-bf6a-d58418d89bcd",
            "description": "An adversary exploits functionality meant to identify information about the primary users on the target system to an authorized user. They may do this, for example, by reviewing logins or file modification times. By knowing what owners use the target system, the adversary can inform further and more targeted malicious behavior. An example Windows command that may accomplish this is \"dir /A ntuser.dat\". Which will display the last modified time of a user's ntuser.dat file when run within the root folder of a user. This time is synonymous with the last time that user was logged in.",
            "external_references": [
                {
                    "external_id": "CAPEC-577",
                    "source_name": "capec",
                    "url": "https://capec.mitre.org/data/definitions/577.html"
                },
                {
                    "external_id": "CWE-200",
                    "source_name": "cwe",
                    "url": "http://cwe.mitre.org/data/definitions/200.html"
                },
                {
                    "description": "System Owner/User Discovery",
                    "external_id": "T1033",
                    "source_name": "ATTACK",
                    "url": "https://attack.mitre.org/wiki/Technique/T1033"
                }
            ],
            "id": "attack-pattern--3dfa08af-9677-4a4d-a3f0-a1c5042c9497",
            "modified": "2019-09-30T00:00:00.000Z",
            "name": "Owner Footprinting",
            "object_marking_refs": [
                "marking-definition--17d82bb2-eeeb-4898-bda5-3ddbcd2b799d"
            ],
            "type": "attack-pattern",
            "x_capec_abstraction": "Standard",
            "x_capec_child_of_refs": [
                "attack-pattern--87b0d2df-b246-4bf9-aee8-4912e2fa1a30"
            ],
            "x_capec_consequences": {
                "Access_Control": [
                    "Bypass Protection Mechanism",
                    "Hide Activities"
                ],
                "Authorization": [
                    "Bypass Protection Mechanism",
                    "Hide Activities"
                ],
                "Confidentiality": [
                    "Other",
                    "Bypass Protection Mechanism",
                    "Hide Activities"
                ]
            },
            "x_capec_likelihood_of_attack": "Low",
            "x_capec_prerequisites": [
                "The adversary must have gained access to the target system via physical or logical means in order to carry out this attack.",
                "Administrator permissions are required to view the home folder of other users."
            ],
            "x_capec_status": "Draft",
            "x_capec_typical_severity": "Low",
            "x_capec_version": "3.6"
        }
    ],
    "spec_version": "2.0",
    "type": "bundle"
}