{
    "id": "bundle--16673767-358c-429f-acd8-de7d114485ef",
    "objects": [
        {
            "created": "2015-11-09T00:00:00.000Z",
            "created_by_ref": "identity--e50ab59c-5c4f-4d40-bf6a-d58418d89bcd",
            "description": "In this attack scenario, the attacker passively monitors electromagnetic emanations that are produced by the targeted electronic device as an unintentional side-effect of its processing. From these emanations, the attacker derives information about the data that is being processed (e.g. the attacker can recover cryptographic keys by monitoring emanations associated with cryptographic processing). This style of attack requires proximal access to the device, however attacks have been demonstrated at public conferences that work at distances of up to 10-15 feet. There have not been any significant studies to determine the maximum practical distance for such attacks. Since the attack is passive, it is nearly impossible to detect and the targeted device will continue to operate as normal after a successful attack.",
            "external_references": [
                {
                    "external_id": "CAPEC-622",
                    "source_name": "capec",
                    "url": "https://capec.mitre.org/data/definitions/622.html"
                },
                {
                    "external_id": "CWE-201",
                    "source_name": "cwe",
                    "url": "http://cwe.mitre.org/data/definitions/201.html"
                }
            ],
            "id": "attack-pattern--8a2c6c50-26ad-4f1a-a938-25293372f75a",
            "modified": "2018-07-31T00:00:00.000Z",
            "name": "Electromagnetic Side-Channel Attack",
            "object_marking_refs": [
                "marking-definition--17d82bb2-eeeb-4898-bda5-3ddbcd2b799d"
            ],
            "type": "attack-pattern",
            "x_capec_abstraction": "Detailed",
            "x_capec_child_of_refs": [
                "attack-pattern--4ba540ef-b8ad-4bf7-acac-d8855661c4a2"
            ],
            "x_capec_consequences": {
                "Confidentiality": [
                    "Read Data (Derive sensitive information about encrypted data. For mobile devices, depending on which keys are compromised, the attacker may be able to decrypt VOIP communications, impersonate the targeted caller, or access the enterprise VPN server.)"
                ]
            },
            "x_capec_prerequisites": [
                "Proximal access to the device."
            ],
            "x_capec_skills_required": {
                "Medium": "Sophisticated attack, but detailed techniques published in the open literature."
            },
            "x_capec_status": "Draft",
            "x_capec_typical_severity": "Low",
            "x_capec_version": "3.6"
        }
    ],
    "spec_version": "2.0",
    "type": "bundle"
}