{
    "id": "bundle--b8069f65-d5e2-432e-9e04-5cf0ea59c6ff",
    "objects": [
        {
            "created": "2015-11-09T00:00:00.000Z",
            "created_by_ref": "identity--e50ab59c-5c4f-4d40-bf6a-d58418d89bcd",
            "description": "An attacker obstructs the interactions between system components. By interrupting or disabling these interactions, an adversary can often force the system into a degraded state or even to fail.",
            "external_references": [
                {
                    "external_id": "CAPEC-607",
                    "source_name": "capec",
                    "url": "https://capec.mitre.org/data/definitions/607.html"
                }
            ],
            "id": "attack-pattern--576968ad-12ef-46d8-bb10-63f496bcaccb",
            "modified": "2018-07-31T00:00:00.000Z",
            "name": "Obstruction",
            "object_marking_refs": [
                "marking-definition--17d82bb2-eeeb-4898-bda5-3ddbcd2b799d"
            ],
            "type": "attack-pattern",
            "x_capec_abstraction": "Meta",
            "x_capec_consequences": {
                "Availability": [
                    "Resource Consumption"
                ]
            },
            "x_capec_parent_of_refs": [
                "attack-pattern--475af086-5223-4210-910a-5217445c0c23",
                "attack-pattern--795c323b-cae6-4846-99f1-dad3fe0ab8e8",
                "attack-pattern--7534fc4c-f683-4918-8f62-005e0402d18a",
                "attack-pattern--ec0de204-6b66-4c4f-a401-21afa72f3941"
            ],
            "x_capec_status": "Draft",
            "x_capec_version": "3.6"
        }
    ],
    "spec_version": "2.0",
    "type": "bundle"
}