{
    "id": "bundle--fc22cd77-af4c-445d-9617-d067880d7791",
    "objects": [
        {
            "created": "2014-06-23T00:00:00.000Z",
            "created_by_ref": "identity--e50ab59c-5c4f-4d40-bf6a-d58418d89bcd",
            "description": "An adversary engages in TCP Window scanning to analyze port status and operating system type. TCP Window scanning uses the ACK scanning method but examine the TCP Window Size field of response RST packets to make certain inferences. While TCP Window Scans are fast and relatively stealthy, they work against fewer TCP stack implementations than any other type of scan. Some operating systems return a positive TCP window size when a RST packet is sent from an open port, and a negative value when the RST originates from a closed port. TCP Window scanning is one of the most complex scan types, and its results are difficult to interpret. Window scanning alone rarely yields useful information, but when combined with other types of scanning is more useful. It is a generally more reliable means of making inference about operating system versions than port status.",
            "external_references": [
                {
                    "external_id": "CAPEC-306",
                    "source_name": "capec",
                    "url": "https://capec.mitre.org/data/definitions/306.html"
                },
                {
                    "external_id": "CWE-200",
                    "source_name": "cwe",
                    "url": "http://cwe.mitre.org/data/definitions/200.html"
                },
                {
                    "description": "Stuart McClure, Joel Scambray, George Kurtz, Hacking Exposed: Network Security Secrets & Solutions (6th Edition), 2009, McGraw Hill",
                    "external_id": "REF-33",
                    "source_name": "reference_from_CAPEC"
                },
                {
                    "description": "Defense Advanced Research Projects Agency Information Processing Techniques Office, Information Sciences Institute University of Southern California, RFC793 - Transmission Control Protocol, 1981--09, Defense Advanced Research Projects Agency (DARPA)",
                    "external_id": "REF-128",
                    "source_name": "reference_from_CAPEC",
                    "url": "http://www.faqs.org/rfcs/rfc793.html"
                },
                {
                    "description": "Gordon \"Fyodor\" Lyon, Nmap Network Scanning: The Official Nmap Project Guide to Network Discovery and Security Scanning (3rd \"Zero Day\" Edition,), 2008, Insecure.com LLC, ISBN: 978-0-9799587-1-7",
                    "external_id": "REF-34",
                    "source_name": "reference_from_CAPEC"
                },
                {
                    "description": "Gordon \"Fyodor\" Lyon, The Art of Port Scanning (Volume: 7, Issue. 51), Phrack Magazine, 1997",
                    "external_id": "REF-130",
                    "source_name": "reference_from_CAPEC",
                    "url": "http://phrack.org/issues/51/11.html"
                }
            ],
            "id": "attack-pattern--382af8ef-e37e-45d6-818a-cb273ea29f37",
            "modified": "2020-12-17T00:00:00.000Z",
            "name": "TCP Window Scan",
            "object_marking_refs": [
                "marking-definition--17d82bb2-eeeb-4898-bda5-3ddbcd2b799d"
            ],
            "type": "attack-pattern",
            "x_capec_abstraction": "Detailed",
            "x_capec_child_of_refs": [
                "attack-pattern--9ca34308-a8e4-40b6-becd-3ff95bac628a"
            ],
            "x_capec_consequences": {
                "Access_Control": [
                    "Bypass Protection Mechanism",
                    "Hide Activities"
                ],
                "Authorization": [
                    "Bypass Protection Mechanism",
                    "Hide Activities"
                ],
                "Confidentiality": [
                    "Other",
                    "Bypass Protection Mechanism",
                    "Hide Activities"
                ]
            },
            "x_capec_execution_flow": "<h2> Execution Flow </h2><div><h3>Experiment</h3><ol><li> <p>An adversary sends TCP packets with the ACK flag set and that are not associated with an existing connection to target ports.</p></li><li> <p>An adversary uses the response from the target to determine the port's state. Specifically, the adversary views the TCP window size from the returned RST packet if one was received. Depending on the target operating system, a positive window size may indicate an open port while a negative window size may indicate a closed port.</p></li></ol></div>",
            "x_capec_prerequisites": [
                "TCP Window scanning requires the use of raw sockets, and thus cannot be performed from some Windows systems (Windows XP SP 2, for example). On Unix and Linux, raw socket manipulations require root privileges."
            ],
            "x_capec_resources_required": [
                "The ability to send TCP segments with a custom window size to a host during network reconnaissance. This can be achieved via the use of a network mapper or scanner, or via raw socket programming in a scripting language. Packet injection tools are also useful for this purpose. Depending upon the method used it may be necessary to sniff the network in order to see the response."
            ],
            "x_capec_status": "Stable",
            "x_capec_typical_severity": "Low",
            "x_capec_version": "3.6"
        }
    ],
    "spec_version": "2.0",
    "type": "bundle"
}