{
    "id": "bundle--cfa778cb-d5ec-431b-906c-6c6258503ee1",
    "objects": [
        {
            "created": "2014-06-23T00:00:00.000Z",
            "created_by_ref": "identity--e50ab59c-5c4f-4d40-bf6a-d58418d89bcd",
            "description": "In this attack, the adversary tries every possible value for a password until they succeed. A brute force attack, if feasible computationally, will always be successful because it will essentially go through all possible passwords given the alphabet used (lower case letters, upper case letters, numbers, symbols, etc.) and the maximum length of the password. A system will be particularly vulnerable to this type of an attack if it does not have a proper enforcement mechanism in place to ensure that passwords selected by users are strong passwords that comply with an adequate password policy. In practice a pure brute force attack on passwords is rarely used, unless the password is suspected to be weak. Other password cracking methods exist that are far more effective (e.g. dictionary attacks, rainbow tables, etc.). Knowing the password policy on the system can make a brute force attack more efficient. For instance, if the policy states that all passwords must be of a certain level, there is no need to check smaller candidates.",
            "external_references": [
                {
                    "external_id": "CAPEC-49",
                    "source_name": "capec",
                    "url": "https://capec.mitre.org/data/definitions/49.html"
                },
                {
                    "external_id": "CWE-521",
                    "source_name": "cwe",
                    "url": "http://cwe.mitre.org/data/definitions/521.html"
                },
                {
                    "external_id": "CWE-262",
                    "source_name": "cwe",
                    "url": "http://cwe.mitre.org/data/definitions/262.html"
                },
                {
                    "external_id": "CWE-263",
                    "source_name": "cwe",
                    "url": "http://cwe.mitre.org/data/definitions/263.html"
                },
                {
                    "external_id": "CWE-257",
                    "source_name": "cwe",
                    "url": "http://cwe.mitre.org/data/definitions/257.html"
                },
                {
                    "external_id": "CWE-654",
                    "source_name": "cwe",
                    "url": "http://cwe.mitre.org/data/definitions/654.html"
                },
                {
                    "external_id": "CWE-307",
                    "source_name": "cwe",
                    "url": "http://cwe.mitre.org/data/definitions/307.html"
                },
                {
                    "external_id": "CWE-308",
                    "source_name": "cwe",
                    "url": "http://cwe.mitre.org/data/definitions/308.html"
                },
                {
                    "external_id": "CWE-309",
                    "source_name": "cwe",
                    "url": "http://cwe.mitre.org/data/definitions/309.html"
                },
                {
                    "description": "Brute Force:Password Guessing",
                    "external_id": "T1110.001",
                    "source_name": "ATTACK",
                    "url": "https://attack.mitre.org/wiki/Technique/T1110/001"
                }
            ],
            "id": "attack-pattern--8d88a81c-bde9-4fb3-acbe-901c783d6427",
            "modified": "2020-12-17T00:00:00.000Z",
            "name": "Password Brute Forcing",
            "object_marking_refs": [
                "marking-definition--17d82bb2-eeeb-4898-bda5-3ddbcd2b799d"
            ],
            "type": "attack-pattern",
            "x_capec_abstraction": "Standard",
            "x_capec_can_precede_refs": [
                "attack-pattern--03a731ef-751b-43de-9159-9667d4be4d1a",
                "attack-pattern--22802ed6-ddc6-4da7-b6be-60b10d26198b",
                "attack-pattern--886a7175-e28a-4e6d-bd22-3b1497e31dc7",
                "attack-pattern--f2654def-b86d-4ddb-888f-de6b50a103a2",
                "attack-pattern--2618d0a4-06d0-4bde-8271-2df61ed8297a"
            ],
            "x_capec_child_of_refs": [
                "attack-pattern--7b423196-9de6-400f-91de-a1f26b3f19f1"
            ],
            "x_capec_consequences": {
                "Access_Control": [
                    "Gain Privileges"
                ],
                "Authorization": [
                    "Gain Privileges"
                ],
                "Confidentiality": [
                    "Gain Privileges",
                    "Read Data"
                ],
                "Integrity": [
                    "Modify Data"
                ]
            },
            "x_capec_example_instances": [
                "\n               <xhtml:p>A system does not enforce a strong password policy and the user picks a five letter password consisting of lower case English letters only. The system does not implement any password throttling mechanism. Assuming the adversary does not know the length of the users' password, an adversary can brute force this password in maximum 1+26+26^2+26^3+26^4+26^5 = 1 + 26 + 676 + 17576 + 456976 + 11,881,376 = 12,356,631 attempts, and half these tries (6,178,316) on average. Using modern hardware this attack is trivial. If the adversary were to assume that the user password could also contain upper case letters (and it was case sensitive) and/or numbers, than the number of trials would have been larger.</xhtml:p>\n               <xhtml:p>An adversary's job would have most likely been even easier because many users who choose easy to brute force passwords like this are also likely to use a word that can be found in the dictionary. Since there are far fewer valid English words containing up to five letters than 12,356,631, an attack that tries each of the entries in the English dictionary would go even faster.</xhtml:p>\n            ",
                "A weakness exists in the automatic password generation routine of Mailman prior to 2.1.5 that causes only about five million different passwords to be generated. This makes it easy to brute force the password for all users who decided to let Mailman automatically generate their passwords for them. Users who chose their own passwords during the sign up process would not have been affected (assuming that they chose strong passwords). See also: CVE-2004-1143"
            ],
            "x_capec_execution_flow": "<h2> Execution Flow </h2><div><h3>Explore</h3><ol><li> <p> <b>Determine application's/system's password policy: </b>Determine the password policies of the target application/system.</p></li><table><tbody><tr><th>Techniques</th></tr><tr><td>Determine minimum and maximum allowed password lengths.</td></tr><tr><td>Determine format of allowed passwords (whether they are required or allowed to contain numbers, special characters, etc.).</td></tr><tr><td>Determine account lockout policy (a strict account lockout policy will prevent brute force attacks).</td></tr></tbody></table></ol></div><div><h3>Exploit</h3><ol><li> <p> <b>Brute force password: </b>Given the finite space of possible passwords dictated by the password policy determined in the previous step, try all possible passwords for a known user ID until application/system grants access.</p></li><table><tbody><tr><th>Techniques</th></tr><tr><td>Manually or automatically enter all possible passwords through the application/system's interface. In most systems, start with the shortest and simplest possible passwords, because most users tend to select such passwords if allowed to do so.</td></tr><tr><td>Perform an offline dictionary attack or a rainbow table attack against a known password hash.</td></tr></tbody></table></ol></div>",
            "x_capec_likelihood_of_attack": "Medium",
            "x_capec_parent_of_refs": [
                "attack-pattern--a9dc4914-409a-4f71-80df-c5cc3923d112",
                "attack-pattern--a390cb72-b4de-4750-ae05-be556c89f4be",
                "attack-pattern--f724f0f3-20e6-450c-be4a-f373ea08834d",
                "attack-pattern--8c7bab16-5ecd-4778-9b04-c185bceed170"
            ],
            "x_capec_prerequisites": [
                "An adversary needs to know a username to target.",
                "The system uses password based authentication as the one factor authentication mechanism.",
                "An application does not have a password throttling mechanism in place. A good password throttling mechanism will make it almost impossible computationally to brute force a password as it may either lock out the user after a certain number of incorrect attempts or introduce time out periods. Both of these would make a brute force attack impractical."
            ],
            "x_capec_resources_required": [
                "A powerful enough computer for the job with sufficient CPU, RAM and HD. Exact requirements will depend on the size of the brute force job and the time requirement for completion. Some brute forcing jobs may require grid or distributed computing (e.g. DES Challenge)."
            ],
            "x_capec_skills_required": {
                "Low": "A brute force attack is very straightforward. A variety of password cracking tools are widely available."
            },
            "x_capec_status": "Draft",
            "x_capec_typical_severity": "High",
            "x_capec_version": "3.6"
        }
    ],
    "spec_version": "2.0",
    "type": "bundle"
}