{
    "id": "bundle--4e19c6e0-0304-4490-99fa-4f229d788a2e",
    "objects": [
        {
            "created": "2014-06-23T00:00:00.000Z",
            "created_by_ref": "identity--e50ab59c-5c4f-4d40-bf6a-d58418d89bcd",
            "description": "An adversary, through a malicious web page, accesses application specific functionality by leveraging interfaces registered through WebView's addJavascriptInterface API. Once an interface is registered to WebView through addJavascriptInterface, it becomes global and all pages loaded in the WebView can call this interface.",
            "external_references": [
                {
                    "external_id": "CAPEC-503",
                    "source_name": "capec",
                    "url": "https://capec.mitre.org/data/definitions/503.html"
                },
                {
                    "external_id": "CWE-284",
                    "source_name": "cwe",
                    "url": "http://cwe.mitre.org/data/definitions/284.html"
                },
                {
                    "description": "Tongbo Luo, Hao Hao, Wenliang Du, Yifei Wang, Heng Yin, Attacks on WebView in the Android System, 2011, Annual Computer Security Applications Conference (ACSAC)",
                    "external_id": "REF-430",
                    "source_name": "reference_from_CAPEC",
                    "url": "http://www.cis.syr.edu/~wedu/Research/paper/webview_acsac2011.pdf"
                }
            ],
            "id": "attack-pattern--c195a0a3-62fc-4def-9702-8938440cc9a7",
            "modified": "2020-07-30T00:00:00.000Z",
            "name": "WebView Exposure",
            "object_marking_refs": [
                "marking-definition--17d82bb2-eeeb-4898-bda5-3ddbcd2b799d"
            ],
            "type": "attack-pattern",
            "x_capec_abstraction": "Standard",
            "x_capec_child_of_refs": [
                "attack-pattern--fd669b7d-0e79-473c-9808-a860dfb0c871"
            ],
            "x_capec_prerequisites": [
                "This type of an attack requires the adversary to convince the user to load the malicious web page inside the target application. Once loaded, the malicious web page will have the same permissions as the target application and will have access to all registered interfaces. Both the permission and the interface must be in place for the functionality to be exposed."
            ],
            "x_capec_status": "Draft",
            "x_capec_version": "3.6"
        }
    ],
    "spec_version": "2.0",
    "type": "bundle"
}