{
    "id": "bundle--385cf827-049f-4adc-83ff-070d024be661",
    "objects": [
        {
            "created": "2014-06-23T00:00:00.000Z",
            "created_by_ref": "identity--e50ab59c-5c4f-4d40-bf6a-d58418d89bcd",
            "description": "An attacker carefully crafts small snippets of Java Script to efficiently detect the type of browser the potential victim is using. Many web-based attacks need prior knowledge of the web browser including the version of browser to ensure successful exploitation of a vulnerability. Having this knowledge allows an attacker to target the victim with attacks that specifically exploit known or zero day weaknesses in the type and version of the browser used by the victim. Automating this process via Java Script as a part of the same delivery system used to exploit the browser is considered more efficient as the attacker can supply a browser fingerprinting method and integrate it with exploit code, all contained in Java Script and in response to the same web page request by the browser.",
            "external_references": [
                {
                    "external_id": "CAPEC-472",
                    "source_name": "capec",
                    "url": "https://capec.mitre.org/data/definitions/472.html"
                },
                {
                    "external_id": "CWE-200",
                    "source_name": "cwe",
                    "url": "http://cwe.mitre.org/data/definitions/200.html"
                },
                {
                    "description": "Gareth Heyes, Detecting browsers javascript hacks, The Spanner, 2009--01---29",
                    "external_id": "REF-410",
                    "source_name": "reference_from_CAPEC",
                    "url": "http://www.thespanner.co.uk/2009/01/29/detecting-browsers-javascript-hacks/"
                }
            ],
            "id": "attack-pattern--29e8786c-a791-44c6-b1de-950cf0604643",
            "modified": "2014-06-23T00:00:00.000Z",
            "name": "Browser Fingerprinting",
            "object_marking_refs": [
                "marking-definition--17d82bb2-eeeb-4898-bda5-3ddbcd2b799d"
            ],
            "type": "attack-pattern",
            "x_capec_abstraction": "Detailed",
            "x_capec_child_of_refs": [
                "attack-pattern--e7eec058-4cd9-4fa0-8784-ed961d8d7290"
            ],
            "x_capec_example_instances": [
                "\n               <xhtml:p>The following code snippets can be used to detect various browsers:</xhtml:p>\n               <xhtml:div style=\"margin-left:10px;\">\n                  <xhtml:div style=\"color:#32498D; font-weight:bold;\">Firefox 2/3</xhtml:div>\n                  <xhtml:div style=\"margin-left:10px;\">FF=/a/[-1]=='a'</xhtml:div>\n                  <xhtml:div style=\"color:#32498D; font-weight:bold;\">Firefox 3</xhtml:div>\n                  <xhtml:div style=\"margin-left:10px;\">FF3=(function x(){})[-5]=='x'</xhtml:div>\n                  <xhtml:div style=\"color:#32498D; font-weight:bold;\">Firefox 2</xhtml:div>\n                  <xhtml:div style=\"margin-left:10px;\">FF2=(function x(){})[-6]=='x'</xhtml:div>\n                  <xhtml:div style=\"color:#32498D; font-weight:bold;\">IE</xhtml:div>\n                  <xhtml:div style=\"margin-left:10px;\">IE='\\v'=='v'</xhtml:div>\n                  <xhtml:div style=\"color:#32498D; font-weight:bold;\">Safari</xhtml:div>\n                  <xhtml:div style=\"margin-left:10px;\">Saf=/a/.__proto__=='//'</xhtml:div>\n                  <xhtml:div style=\"color:#32498D; font-weight:bold;\">Chrome</xhtml:div>\n                  <xhtml:div style=\"margin-left:10px;\">Chr=/source/.test((/a/.toString+''))</xhtml:div>\n                  <xhtml:div style=\"color:#32498D; font-weight:bold;\">Opera</xhtml:div>\n                  <xhtml:div style=\"margin-left:10px;\">Op=/^function \\(/.test([].sort)</xhtml:div>\n               </xhtml:div>\n            "
            ],
            "x_capec_prerequisites": [
                "Victim's browser visits a website that contains attacker's Java ScriptJava Script is not disabled in the victim's browser"
            ],
            "x_capec_status": "Draft",
            "x_capec_typical_severity": "Low",
            "x_capec_version": "3.6"
        }
    ],
    "spec_version": "2.0",
    "type": "bundle"
}