{
    "id": "bundle--dbe3c4af-6d0b-4d81-8394-d611f3e12a39",
    "objects": [
        {
            "created": "2014-06-23T00:00:00.000Z",
            "created_by_ref": "identity--e50ab59c-5c4f-4d40-bf6a-d58418d89bcd",
            "description": "This attack exploits target software that constructs SQL statements based on user input. An attacker crafts input strings so that when the target software constructs SQL statements based on the input, the resulting SQL statement performs actions other than those the application intended. SQL Injection results from failure of the application to appropriately validate input. When specially crafted user-controlled input consisting of SQL syntax is used without proper validation as part of SQL queries, it is possible to glean information from the database in ways not envisaged during application design. Depending upon the database and the design of the application, it may also be possible to leverage injection to have the database execute system-related commands of the attackers' choice. SQL Injection enables an attacker to interact directly to the database, thus bypassing the application completely. Successful injection can cause information disclosure as well as ability to add or modify data in the database.",
            "external_references": [
                {
                    "external_id": "CAPEC-66",
                    "source_name": "capec",
                    "url": "https://capec.mitre.org/data/definitions/66.html"
                },
                {
                    "external_id": "CWE-89",
                    "source_name": "cwe",
                    "url": "http://cwe.mitre.org/data/definitions/89.html"
                },
                {
                    "external_id": "CWE-1286",
                    "source_name": "cwe",
                    "url": "http://cwe.mitre.org/data/definitions/1286.html"
                },
                {
                    "description": "SQL Injection",
                    "external_id": "19",
                    "source_name": "WASC",
                    "url": "http://projects.webappsec.org/SQL-Injection"
                },
                {
                    "description": "SQL Injection",
                    "source_name": "OWASP Attacks",
                    "url": "https://owasp.org/www-community/attacks/SQL_Injection"
                },
                {
                    "description": "OWASP Web Security Testing Guide, The Open Web Application Security Project (OWASP)",
                    "external_id": "REF-607",
                    "source_name": "reference_from_CAPEC",
                    "url": "https://owasp.org/www-project-web-security-testing-guide/latest/4-Web_Application_Security_Testing/07-Input_Validation_Testing/05-Testing_for_SQL_Injection.html"
                }
            ],
            "id": "attack-pattern--42acc604-a86c-46f7-bd03-6e532c02d85e",
            "modified": "2021-06-24T00:00:00.000Z",
            "name": "SQL Injection",
            "object_marking_refs": [
                "marking-definition--17d82bb2-eeeb-4898-bda5-3ddbcd2b799d"
            ],
            "type": "attack-pattern",
            "x_capec_abstraction": "Standard",
            "x_capec_child_of_refs": [
                "attack-pattern--2fb2b2b8-b7de-45a2-aadb-5849d12fda8f"
            ],
            "x_capec_consequences": {
                "Access_Control": [
                    "Gain Privileges"
                ],
                "Authorization": [
                    "Gain Privileges"
                ],
                "Availability": [
                    "Execute Unauthorized Commands (Run Arbitrary Code)"
                ],
                "Confidentiality": [
                    "Read Data",
                    "Execute Unauthorized Commands (Run Arbitrary Code)",
                    "Gain Privileges"
                ],
                "Integrity": [
                    "Modify Data",
                    "Execute Unauthorized Commands (Run Arbitrary Code)"
                ]
            },
            "x_capec_example_instances": [
                "With PHP-Nuke versions 7.9 and earlier, an attacker can successfully access and modify data, including sensitive contents such as usernames and password hashes, and compromise the application through SQL Injection. The protection mechanism against SQL Injection employs a denylist approach to input validation. However, because of an improper denylist, it is possible to inject content such as \"foo'/**/UNION\" or \"foo UNION/**/\" to bypass validation and glean sensitive information from the database. See also: CVE-2006-5525"
            ],
            "x_capec_execution_flow": "<h2> Execution Flow </h2><div><h3>Explore</h3><ol><li> <p> <b>Survey application: </b>The attacker first takes an inventory of the functionality exposed by the application.</p></li><table><tbody><tr><th>Techniques</th></tr><tr><td>Spider web sites for all available links</td></tr><tr><td>Sniff network communications with application using a utility such as WireShark.</td></tr></tbody></table></ol></div><div><h3>Experiment</h3><ol><li> <p> <b>Determine user-controllable input susceptible to injection: </b>Determine the user-controllable input susceptible to injection. For each user-controllable input that the attacker suspects is vulnerable to SQL injection, attempt to inject characters that have special meaning in SQL (such as a single quote character, a double quote character, two hyphens, a parenthesis, etc.). The goal is to create a SQL query with an invalid syntax.</p></li><table><tbody><tr><th>Techniques</th></tr><tr><td>Use web browser to inject input through text fields or through HTTP GET parameters.</td></tr><tr><td>Use a web application debugging tool such as Tamper Data, TamperIE, WebScarab,etc. to modify HTTP POST parameters, hidden fields, non-freeform fields, etc.</td></tr><tr><td>Use network-level packet injection tools such as netcat to inject input</td></tr><tr><td>Use modified client (modified by reverse engineering) to inject input.</td></tr></tbody></table><li> <p> <b>Experiment with SQL Injection vulnerabilities: </b>After determining that a given input is vulnerable to SQL Injection, hypothesize what the underlying query looks like. Iteratively try to add logic to the query to extract information from the database, or to modify or delete information in the database.</p></li><table><tbody><tr><th>Techniques</th></tr><tr><td>Use public resources such as \"SQL Injection Cheat Sheet\" at http://ferruh.mavituna.com/makale/sql-injection-cheatsheet/, and try different approaches for adding logic to SQL queries.</td></tr><tr><td>Add logic to query, and use detailed error messages from the server to debug the query. For example, if adding a single quote to a query causes an error message, try : \"' OR 1=1; --\", or something else that would syntactically complete a hypothesized query. Iteratively refine the query.</td></tr><tr><td>Use \"Blind SQL Injection\" techniques to extract information about the database schema.</td></tr><tr><td>If a denial of service attack is the goal, try stacking queries. This does not work on all platforms (most notably, it does not work on Oracle or MySQL). Examples of inputs to try include: \"'; DROP TABLE SYSOBJECTS; --\" and \"'); DROP TABLE SYSOBJECTS; --\". These particular queries will likely not work because the SYSOBJECTS table is generally protected.</td></tr></tbody></table></ol></div><div><h3>Exploit</h3><ol><li> <p> <b>Exploit SQL Injection vulnerability: </b>After refining and adding various logic to SQL queries, craft and execute the underlying SQL query that will be used to attack the target system. The goal is to reveal, modify, and/or delete database data, using the knowledge obtained in the previous step. This could entail crafting and executing multiple SQL queries if a denial of service attack is the intent.</p></li><table><tbody><tr><th>Techniques</th></tr><tr><td>Craft and Execute underlying SQL query</td></tr></tbody></table></ol></div>",
            "x_capec_likelihood_of_attack": "High",
            "x_capec_parent_of_refs": [
                "attack-pattern--89acf77d-723b-43b4-b66d-6eaafed52369",
                "attack-pattern--f0e32d0e-9580-4b79-95e0-6e3b99bf6e45",
                "attack-pattern--7c90bef7-530c-427b-8fb7-f9d3eda9c26a",
                "attack-pattern--35bde6ec-0a19-462c-92b4-9c481dc4986e",
                "attack-pattern--9116da7f-a60e-4186-b42a-218f1b0eb269"
            ],
            "x_capec_prerequisites": [
                "SQL queries used by the application to store, retrieve or modify data.",
                "User-controllable input that is not properly validated by the application as part of SQL queries."
            ],
            "x_capec_resources_required": [
                "None: No specialized resources are required to execute this type of attack."
            ],
            "x_capec_skills_required": {
                "Low": "It is fairly simple for someone with basic SQL knowledge to perform SQL injection, in general. In certain instances, however, specific knowledge of the database employed may be required."
            },
            "x_capec_status": "Draft",
            "x_capec_typical_severity": "High",
            "x_capec_version": "3.6"
        }
    ],
    "spec_version": "2.0",
    "type": "bundle"
}