{
    "id": "bundle--58442b24-1395-48cb-bf74-ae279c389e50",
    "objects": [
        {
            "created": "2014-06-23T00:00:00.000Z",
            "created_by_ref": "identity--e50ab59c-5c4f-4d40-bf6a-d58418d89bcd",
            "description": "An attacker exploits a DNS misconfiguration that permits a ZONE transfer. Some external DNS servers will return a list of IP address and valid hostnames. Under certain conditions, it may even be possible to obtain Zone data about the organization's internal network. When successful the attacker learns valuable information about the topology of the target organization, including information about particular servers, their role within the IT structure, and possibly information about the operating systems running upon the network. This is configuration dependent behavior so it may also be required to search out multiple DNS servers while attempting to find one with ZONE transfers allowed.",
            "external_references": [
                {
                    "external_id": "CAPEC-291",
                    "source_name": "capec",
                    "url": "https://capec.mitre.org/data/definitions/291.html"
                },
                {
                    "external_id": "CWE-200",
                    "source_name": "cwe",
                    "url": "http://cwe.mitre.org/data/definitions/200.html"
                },
                {
                    "description": "Stuart McClure, Joel Scambray, George Kurtz, Hacking Exposed: Network Security Secrets & Solutions (6th Edition), 2009, McGraw Hill",
                    "external_id": "REF-33",
                    "source_name": "reference_from_CAPEC"
                }
            ],
            "id": "attack-pattern--88933ba2-fe2a-4b71-ac08-2537c5903b2e",
            "modified": "2018-07-31T00:00:00.000Z",
            "name": "DNS Zone Transfers",
            "object_marking_refs": [
                "marking-definition--17d82bb2-eeeb-4898-bda5-3ddbcd2b799d"
            ],
            "type": "attack-pattern",
            "x_capec_abstraction": "Detailed",
            "x_capec_child_of_refs": [
                "attack-pattern--fd114e53-fdc0-4eef-8254-40ef0d4ea482"
            ],
            "x_capec_consequences": {
                "Confidentiality": [
                    "Read Data"
                ]
            },
            "x_capec_prerequisites": [
                "Access to a DNS server that allows Zone transfers."
            ],
            "x_capec_resources_required": [
                "A client application capable of interacting with the DNS server or a command-line utility or web application that automates DNS interactions."
            ],
            "x_capec_status": "Stable",
            "x_capec_typical_severity": "Low",
            "x_capec_version": "3.6"
        }
    ],
    "spec_version": "2.0",
    "type": "bundle"
}