{
    "id": "bundle--5357c840-cf63-4792-82a7-acfd6992e24a",
    "objects": [
        {
            "created": "2014-06-23T00:00:00.000Z",
            "created_by_ref": "identity--e50ab59c-5c4f-4d40-bf6a-d58418d89bcd",
            "description": "This attack pattern has been deprecated.",
            "external_references": [
                {
                    "external_id": "CAPEC-431",
                    "source_name": "capec",
                    "url": "https://capec.mitre.org/data/definitions/431.html"
                }
            ],
            "id": "attack-pattern--76afdae0-2970-44dc-8ae0-fd04629b0dab",
            "modified": "2018-07-31T00:00:00.000Z",
            "name": "DEPRECATED:  Target Influence via Neuro-Linguistic Programming (NLP)",
            "object_marking_refs": [
                "marking-definition--17d82bb2-eeeb-4898-bda5-3ddbcd2b799d"
            ],
            "type": "attack-pattern",
            "x_capec_abstraction": "Detailed",
            "x_capec_status": "Deprecated",
            "x_capec_version": "3.6"
        }
    ],
    "spec_version": "2.0",
    "type": "bundle"
}