{
    "id": "bundle--76b55e7a-6fe5-4091-b7b9-d2d72dd5631b",
    "objects": [
        {
            "created": "2015-11-09T00:00:00.000Z",
            "created_by_ref": "identity--e50ab59c-5c4f-4d40-bf6a-d58418d89bcd",
            "description": "The use of cryptanalytic techniques to derive cryptographic keys or otherwise effectively defeat cellular encryption to reveal traffic content. Some cellular encryption algorithms such as A5/1 and A5/2 (specified for GSM use) are known to be vulnerable to such attacks and commercial tools are available to execute these attacks and decrypt mobile phone conversations in real-time. Newer encryption algorithms in use by UMTS and LTE are stronger and currently believed to be less vulnerable to these types of attacks. Note, however, that an attacker with a Cellular Rogue Base Station can force the use of weak cellular encryption even by newer mobile devices.",
            "external_references": [
                {
                    "external_id": "CAPEC-608",
                    "source_name": "capec",
                    "url": "https://capec.mitre.org/data/definitions/608.html"
                },
                {
                    "external_id": "CWE-327",
                    "source_name": "cwe",
                    "url": "http://cwe.mitre.org/data/definitions/327.html"
                }
            ],
            "id": "attack-pattern--9dded599-dd66-4a4c-8f17-6afb81c234f8",
            "modified": "2020-07-30T00:00:00.000Z",
            "name": "Cryptanalysis of Cellular Encryption",
            "object_marking_refs": [
                "marking-definition--17d82bb2-eeeb-4898-bda5-3ddbcd2b799d"
            ],
            "type": "attack-pattern",
            "x_capec_abstraction": "Detailed",
            "x_capec_child_of_refs": [
                "attack-pattern--f1336271-5f27-40de-a61b-aba6572d120f"
            ],
            "x_capec_consequences": {
                "Confidentiality": [
                    "Other (Reveals IMSI and IMEI for tracking of retransmission device and enables further follow-on attacks by revealing black network control messages. (e.g., revealing IP addresses of enterprise servers for VOIP connectivity))"
                ]
            },
            "x_capec_prerequisites": [
                "None"
            ],
            "x_capec_skills_required": {
                "Medium": "Adversaries can rent commercial supercomputer time globally to conduct cryptanalysis on encrypted data captured from mobile devices. Foreign governments have their own cryptanalysis technology and capabilities. Commercial cellular standards for encryption (GSM and CDMA) are also subject to adversary cryptanalysis."
            },
            "x_capec_status": "Draft",
            "x_capec_typical_severity": "High",
            "x_capec_version": "3.6"
        }
    ],
    "spec_version": "2.0",
    "type": "bundle"
}