{
    "id": "bundle--ad6f39f7-b630-44b6-83c3-20a286271b7e",
    "objects": [
        {
            "created": "2014-06-23T00:00:00.000Z",
            "created_by_ref": "identity--e50ab59c-5c4f-4d40-bf6a-d58418d89bcd",
            "description": "An adversary exploits a weakness enabling them to elevate their privilege and perform an action that they are not supposed to be authorized to perform.",
            "external_references": [
                {
                    "external_id": "CAPEC-233",
                    "source_name": "capec",
                    "url": "https://capec.mitre.org/data/definitions/233.html"
                },
                {
                    "external_id": "CWE-269",
                    "source_name": "cwe",
                    "url": "http://cwe.mitre.org/data/definitions/269.html"
                },
                {
                    "external_id": "CWE-1264",
                    "source_name": "cwe",
                    "url": "http://cwe.mitre.org/data/definitions/1264.html"
                },
                {
                    "external_id": "CWE-1311",
                    "source_name": "cwe",
                    "url": "http://cwe.mitre.org/data/definitions/1311.html"
                },
                {
                    "description": "Abuse Elevation Control Mechanism",
                    "external_id": "T1548",
                    "source_name": "ATTACK",
                    "url": "https://attack.mitre.org/wiki/Technique/T1548"
                },
                {
                    "description": "OWASP Web Security Testing Guide, The Open Web Application Security Project (OWASP)",
                    "external_id": "REF-600",
                    "source_name": "reference_from_CAPEC",
                    "url": "https://owasp.org/www-project-web-security-testing-guide/latest/4-Web_Application_Security_Testing/05-Authorization_Testing/03-Testing_for_Privilege_Escalation.html"
                }
            ],
            "id": "attack-pattern--c05fff04-b965-4a11-9c18-379dac31969f",
            "modified": "2021-10-21T00:00:00.000Z",
            "name": "Privilege Escalation",
            "object_marking_refs": [
                "marking-definition--17d82bb2-eeeb-4898-bda5-3ddbcd2b799d"
            ],
            "type": "attack-pattern",
            "x_capec_abstraction": "Meta",
            "x_capec_can_follow_refs": [
                "attack-pattern--9ad2c2eb-9939-4590-9683-2e789692d262"
            ],
            "x_capec_parent_of_refs": [
                "attack-pattern--ebf5cbfb-36d8-4983-9267-9d17bff3817f",
                "attack-pattern--9f1d96c7-fcc8-4708-b98d-23f1fd86e07b",
                "attack-pattern--1cc991f7-9f62-4e6b-9e37-70fa23ab23e9",
                "attack-pattern--2b8d7aaf-bd4b-424f-8df4-6d0f37b72f4b",
                "attack-pattern--ca989a50-b24e-4917-a234-ce4788fa21c7"
            ],
            "x_capec_status": "Draft",
            "x_capec_version": "3.6"
        }
    ],
    "spec_version": "2.0",
    "type": "bundle"
}