{
    "id": "bundle--e6d2e67b-ce26-4d7e-a37c-58c489e07cd9",
    "objects": [
        {
            "created": "2014-06-23T00:00:00.000Z",
            "created_by_ref": "identity--e50ab59c-5c4f-4d40-bf6a-d58418d89bcd",
            "description": "This attack relies on the attacker using unexpected formats for representing IP addresses. Networked applications may expect network location information in a specific format, such as fully qualified domains names (FQDNs), URL, IP address, or IP Address ranges. If the location information is not validated against a variety of different possible encodings and formats, the adversary can use an alternate format to bypass application access control.",
            "external_references": [
                {
                    "external_id": "CAPEC-4",
                    "source_name": "capec",
                    "url": "https://capec.mitre.org/data/definitions/4.html"
                },
                {
                    "external_id": "CWE-291",
                    "source_name": "cwe",
                    "url": "http://cwe.mitre.org/data/definitions/291.html"
                },
                {
                    "external_id": "CWE-173",
                    "source_name": "cwe",
                    "url": "http://cwe.mitre.org/data/definitions/173.html"
                },
                {
                    "description": "G. Hoglund, G. McGraw, Exploiting Software: How to Break Code, 2004--02, Addison-Wesley",
                    "external_id": "REF-1",
                    "source_name": "reference_from_CAPEC"
                }
            ],
            "id": "attack-pattern--00d91a4c-2645-4bf1-8db7-e7448ef25f17",
            "modified": "2019-04-04T00:00:00.000Z",
            "name": "Using Alternative IP Address Encodings",
            "object_marking_refs": [
                "marking-definition--17d82bb2-eeeb-4898-bda5-3ddbcd2b799d"
            ],
            "type": "attack-pattern",
            "x_capec_abstraction": "Detailed",
            "x_capec_child_of_refs": [
                "attack-pattern--a1af7c24-25cb-46e5-a27b-ed316e1f91ce"
            ],
            "x_capec_consequences": {
                "Access_Control": [
                    "Gain Privileges"
                ],
                "Authorization": [
                    "Gain Privileges"
                ],
                "Confidentiality": [
                    "Gain Privileges"
                ]
            },
            "x_capec_example_instances": [
                "An adversary identifies an application server that applies a security policy based on the domain and application name. For example, the access control policy covers authentication and authorization for anyone accessing http://example.domain:8080/application. However, by using the IP address of the host instead (http://192.168.0.1:8080/application), the application authentication and authorization controls may be bypassed. The adversary relies on the victim applying policy to the namespace abstraction and not having a default deny policy in place to manage exceptions."
            ],
            "x_capec_likelihood_of_attack": "Medium",
            "x_capec_prerequisites": [
                "The target software must fail to anticipate all of the possible valid encodings of an IP/web address.",
                "The adversary must have the ability to communicate with the server."
            ],
            "x_capec_resources_required": [
                "The adversary needs to have knowledge of an alternative IP address encoding that bypasses the access control policy of an application. Alternatively, the adversary can simply try to brute-force various encoding possibilities."
            ],
            "x_capec_skills_required": {
                "Low": "The adversary has only to try IP address format combinations."
            },
            "x_capec_status": "Draft",
            "x_capec_typical_severity": "High",
            "x_capec_version": "3.6"
        }
    ],
    "spec_version": "2.0",
    "type": "bundle"
}