{
    "id": "bundle--f39242c6-7d10-4056-8160-7c8890c7666a",
    "objects": [
        {
            "created": "2014-06-23T00:00:00.000Z",
            "created_by_ref": "identity--e50ab59c-5c4f-4d40-bf6a-d58418d89bcd",
            "description": "A transparent proxy serves as an intermediate between the client and the internet at large. It intercepts all requests originating from the client and forwards them to the correct location. The proxy also intercepts all responses to the client and forwards these to the client. All of this is done in a manner transparent to the client. Transparent proxies are often used by enterprises and ISPs. For requests originating at the client transparent proxies need to figure out the final destination of the client's data packet. Two ways are available to do that: either by looking at the layer three (network) IP address or by examining layer seven (application) HTTP header destination. A browser has same origin policy that typically prevents scripts coming from one domain initiating requests to other websites from which they did not come. To circumvent that, however, malicious Flash or an Applet that is executing in the user's browser can attempt to create a cross-domain socket connection from the client to the remote domain. The transparent proxy will examine the HTTP header of the request and direct it to the remote site thereby partially bypassing the browser's same origin policy. This can happen if the transparent proxy uses the HTTP host header information for addressing rather than the IP address information at the network layer. This attack allows malicious scripts inside the victim's browser to issue cross-domain requests to any hosts accessible to the transparent proxy.",
            "external_references": [
                {
                    "external_id": "CAPEC-465",
                    "source_name": "capec",
                    "url": "https://capec.mitre.org/data/definitions/465.html"
                },
                {
                    "external_id": "CWE-441",
                    "source_name": "cwe",
                    "url": "http://cwe.mitre.org/data/definitions/441.html"
                },
                {
                    "description": "Robert Auger, Socket Capable Browser Plugins Result In Transparent Proxy Abuse, 2009",
                    "external_id": "REF-402",
                    "source_name": "reference_from_CAPEC",
                    "url": "http://www.thesecuritypractice.com/the_security_practice/TransparentProxyAbuse.pdf"
                }
            ],
            "id": "attack-pattern--2b6e94c6-26d0-489c-989c-9f4307348c42",
            "modified": "2020-12-17T00:00:00.000Z",
            "name": "Transparent Proxy Abuse",
            "object_marking_refs": [
                "marking-definition--17d82bb2-eeeb-4898-bda5-3ddbcd2b799d"
            ],
            "type": "attack-pattern",
            "x_capec_abstraction": "Standard",
            "x_capec_child_of_refs": [
                "attack-pattern--ec382da0-af49-489b-bca1-a555d48b7ce3"
            ],
            "x_capec_prerequisites": [
                "Transparent proxy is usedVulnerable configuration of network topology involving the transparent proxy (e.g., no NAT happening between the client and the proxy)Execution of malicious Flash or Applet in the victim's browser"
            ],
            "x_capec_skills_required": {
                "Medium": "Creating malicious Flash or Applet to open a cross-domain socket connection to a remote system"
            },
            "x_capec_status": "Draft",
            "x_capec_typical_severity": "Medium",
            "x_capec_version": "3.6"
        }
    ],
    "spec_version": "2.0",
    "type": "bundle"
}