{
    "id": "bundle--5350412c-e4e0-46b0-b744-bd131213c19c",
    "objects": [
        {
            "created": "2014-06-23T00:00:00.000Z",
            "created_by_ref": "identity--e50ab59c-5c4f-4d40-bf6a-d58418d89bcd",
            "description": "An adversary inserts invalid characters in identifiers to bypass application filtering of input. Filters may not scan beyond invalid characters but during later stages of processing content that follows these invalid characters may still be processed. This allows the attacker to sneak prohibited commands past filters and perform normally prohibited operations. Invalid characters may include null, carriage return, line feed or tab in an identifier. Successful bypassing of the filter can result in a XSS attack, resulting in the disclosure of web cookies or possibly other results.",
            "external_references": [
                {
                    "external_id": "CAPEC-247",
                    "source_name": "capec",
                    "url": "https://capec.mitre.org/data/definitions/247.html"
                },
                {
                    "external_id": "CWE-86",
                    "source_name": "cwe",
                    "url": "http://cwe.mitre.org/data/definitions/86.html"
                }
            ],
            "id": "attack-pattern--52b5f7dc-228b-44d5-865a-e4595b227ba2",
            "modified": "2020-07-30T00:00:00.000Z",
            "name": "XSS Using Invalid Characters",
            "object_marking_refs": [
                "marking-definition--17d82bb2-eeeb-4898-bda5-3ddbcd2b799d"
            ],
            "type": "attack-pattern",
            "x_capec_abstraction": "Detailed",
            "x_capec_child_of_refs": [
                "attack-pattern--61b17787-fe92-427c-9e6a-6311997d7b2a",
                "attack-pattern--800f8095-99b6-4bb9-8bc6-8b9727201a2f",
                "attack-pattern--b1eef783-daae-494c-a418-cd9ada7cbe8b"
            ],
            "x_capec_prerequisites": [
                "The target must fail to remove invalid characters from input and fail to adequately scan beyond these characters."
            ],
            "x_capec_resources_required": [
                "None: No specialized resources are required to execute this type of attack."
            ],
            "x_capec_status": "Draft",
            "x_capec_typical_severity": "Medium",
            "x_capec_version": "3.6"
        }
    ],
    "spec_version": "2.0",
    "type": "bundle"
}