{
    "id": "bundle--04f7394c-1c54-4166-9384-7d20e45d6409",
    "objects": [
        {
            "created": "2014-06-23T00:00:00.000Z",
            "created_by_ref": "identity--e50ab59c-5c4f-4d40-bf6a-d58418d89bcd",
            "description": "An attacker maliciously alters hardware components that will be sold on the gray market, allowing for victim disruption and compromise when the victim needs replacement hardware components for systems where the parts are no longer in regular supply from original suppliers, or where the hardware components from the attacker seems to be a great benefit from a cost perspective.",
            "external_references": [
                {
                    "external_id": "CAPEC-535",
                    "source_name": "capec",
                    "url": "https://capec.mitre.org/data/definitions/535.html"
                },
                {
                    "description": "John F. Miller, Supply Chain Attack Framework and Attack Patterns, 2013, The MITRE Corporation",
                    "external_id": "REF-439",
                    "source_name": "reference_from_CAPEC",
                    "url": "http://www.mitre.org/sites/default/files/publications/supply-chain-attack-framework-14-0228.pdf"
                }
            ],
            "id": "attack-pattern--cd81f98a-aa72-4331-a7dd-5f9cd92332e2",
            "modified": "2015-11-09T00:00:00.000Z",
            "name": "Malicious Gray Market Hardware",
            "object_marking_refs": [
                "marking-definition--17d82bb2-eeeb-4898-bda5-3ddbcd2b799d"
            ],
            "type": "attack-pattern",
            "x_capec_abstraction": "Detailed",
            "x_capec_child_of_refs": [
                "attack-pattern--fda936c1-236d-4460-a5a9-4555d9583b2e"
            ],
            "x_capec_example_instances": [
                "An attacker develops co-processor boards with malicious capabilities that are technically the same as a manufacturer's expensive upgrade to their flagship system. The victim has installed the manufacturer's base system without the expensive upgrade. The attacker contacts the victim and states they have the co-processor boards at a drastically-reduced price, falsely stating they were acquired from a bankruptcy liquidation of a company that had purchased them from the manufacturer. The victim after hearing the drastically reduced price decides to take advantage of the situation and purchases the upgrades from the attacker, and installs them. This allows the attacker to further compromise the victim."
            ],
            "x_capec_likelihood_of_attack": "Low",
            "x_capec_prerequisites": [
                "Physical access to a gray market reseller's hardware components supply, or the ability to appear as a gray market reseller to the victim's buyer."
            ],
            "x_capec_skills_required": {
                "High": "Able to develop and manufacture malicious hardware components that perform the same functions and processes as their non-malicious counterparts."
            },
            "x_capec_status": "Draft",
            "x_capec_typical_severity": "High",
            "x_capec_version": "3.6"
        }
    ],
    "spec_version": "2.0",
    "type": "bundle"
}