{
    "id": "bundle--fe3eccc4-b937-4e91-bf84-797628fd3da9",
    "objects": [
        {
            "created": "2014-06-23T00:00:00.000Z",
            "created_by_ref": "identity--e50ab59c-5c4f-4d40-bf6a-d58418d89bcd",
            "description": "This pattern has been deprecated as it was determined to be an unnecessary layer of abstraction. Please refer to the pattern CAPEC-228 : DTD Injection going forward.",
            "external_references": [
                {
                    "external_id": "CAPEC-254",
                    "source_name": "capec",
                    "url": "https://capec.mitre.org/data/definitions/254.html"
                }
            ],
            "id": "attack-pattern--69513cbe-c6db-4eab-858e-54b8aafb005f",
            "modified": "2017-05-01T00:00:00.000Z",
            "name": "DEPRECATED: DTD Injection in a SOAP Message",
            "object_marking_refs": [
                "marking-definition--17d82bb2-eeeb-4898-bda5-3ddbcd2b799d"
            ],
            "type": "attack-pattern",
            "x_capec_abstraction": "Detailed",
            "x_capec_status": "Deprecated",
            "x_capec_version": "3.6"
        }
    ],
    "spec_version": "2.0",
    "type": "bundle"
}