{
    "id": "bundle--6ccb6592-00c8-4670-b2fa-07800cd47747",
    "objects": [
        {
            "created": "2015-11-09T00:00:00.000Z",
            "created_by_ref": "identity--e50ab59c-5c4f-4d40-bf6a-d58418d89bcd",
            "description": "An adversary exploits a weakness in access control to disable security tools so that detection does not occur. This can take the form of killing processes, deleting registry keys so that tools do not start at run time, deleting log files, or other methods.",
            "external_references": [
                {
                    "external_id": "CAPEC-578",
                    "source_name": "capec",
                    "url": "https://capec.mitre.org/data/definitions/578.html"
                },
                {
                    "external_id": "CWE-284",
                    "source_name": "cwe",
                    "url": "http://cwe.mitre.org/data/definitions/284.html"
                },
                {
                    "description": "Impair Defenses:Disable or Modify Tools",
                    "external_id": "T1562.001",
                    "source_name": "ATTACK",
                    "url": "https://attack.mitre.org/wiki/Technique/T1562/001"
                }
            ],
            "id": "attack-pattern--a2f42e82-a184-4df7-a8bb-6fc34787d571",
            "modified": "2020-07-30T00:00:00.000Z",
            "name": "Disable Security Software",
            "object_marking_refs": [
                "marking-definition--17d82bb2-eeeb-4898-bda5-3ddbcd2b799d"
            ],
            "type": "attack-pattern",
            "x_capec_abstraction": "Standard",
            "x_capec_child_of_refs": [
                "attack-pattern--f9f65fdd-5857-4a57-a725-066465397601"
            ],
            "x_capec_consequences": {
                "Availability": [
                    "Hide Activities (By disabling certain security tools, the adversary can hide malicious activity and avoid detection.)"
                ]
            },
            "x_capec_likelihood_of_attack": "Medium",
            "x_capec_prerequisites": [
                "The adversary must have the capability to interact with the configuration of the targeted system."
            ],
            "x_capec_resources_required": [
                "None: No specialized resources are required to execute this type of attack."
            ],
            "x_capec_status": "Usable",
            "x_capec_typical_severity": "Medium",
            "x_capec_version": "3.6"
        }
    ],
    "spec_version": "2.0",
    "type": "bundle"
}