{
    "id": "bundle--67011cd4-6865-4a3f-a812-4cb30602446f",
    "objects": [
        {
            "created": "2015-11-09T00:00:00.000Z",
            "created_by_ref": "identity--e50ab59c-5c4f-4d40-bf6a-d58418d89bcd",
            "description": "A common form of a GPS spoofing attack, commonly termed a carry-off attack begins with an adversary broadcasting signals synchronized with the genuine signals observed by the target receiver. The power of the counterfeit signals is then gradually increased and drawn away from the genuine signals. Over time, the adversary can carry the target away from their intended destination and toward a location chosen by the adversary.",
            "external_references": [
                {
                    "external_id": "CAPEC-628",
                    "source_name": "capec",
                    "url": "https://capec.mitre.org/data/definitions/628.html"
                },
                {
                    "description": "Wikipedia, The Wikimedia Foundation, Inc",
                    "external_id": "REF-489",
                    "source_name": "reference_from_CAPEC",
                    "url": "https://en.wikipedia.org/wiki/Spoofing_attack#GPS_Spoofing"
                }
            ],
            "id": "attack-pattern--3b7a108f-f42f-42c7-99be-a16ec15ca0ff",
            "modified": "2019-04-04T00:00:00.000Z",
            "name": "Carry-Off GPS Attack",
            "object_marking_refs": [
                "marking-definition--17d82bb2-eeeb-4898-bda5-3ddbcd2b799d"
            ],
            "type": "attack-pattern",
            "x_capec_abstraction": "Detailed",
            "x_capec_child_of_refs": [
                "attack-pattern--2e1be870-6442-4978-9a30-46d518aa1f74"
            ],
            "x_capec_example_instances": [
                "A \"proof-of-concept\" attack was successfully performed in June, 2013, when the luxury yacht \"White Rose\" was misdirected with spoofed GPS signals from Monaco to the island of Rhodes by a group of aerospace engineering students from the Cockrell School of Engineering at the University of Texas in Austin. The students were aboard the yacht, allowing their spoofing equipment to gradually overpower the signal strengths of the actual GPS constellation satellites, altering the course of the yacht."
            ],
            "x_capec_likelihood_of_attack": "Low",
            "x_capec_prerequisites": [
                "The target must be relying on valid GPS signal to perform critical operations."
            ],
            "x_capec_skills_required": {
                "High": "This attack requires advanced knoweldge in GPS technology."
            },
            "x_capec_status": "Draft",
            "x_capec_typical_severity": "High",
            "x_capec_version": "3.6"
        }
    ],
    "spec_version": "2.0",
    "type": "bundle"
}