{
    "id": "bundle--6121ce6c-eb27-4b67-86c0-b3332edb48fe",
    "objects": [
        {
            "created": "2014-06-23T00:00:00.000Z",
            "created_by_ref": "identity--e50ab59c-5c4f-4d40-bf6a-d58418d89bcd",
            "description": "An attack of this type exploits the host's trust in executing remote content, including binary files. The files are poisoned with a malicious payload (targeting the file systems accessible by the target software) by the adversary and may be passed through standard channels such as via email, and standard web content like PDF and multimedia files. The adversary exploits known vulnerabilities or handling routines in the target processes. Vulnerabilities of this type have been found in a wide variety of commercial applications from Microsoft Office to Adobe Acrobat and Apple Safari web browser. When the adversary knows the standard handling routines and can identify vulnerabilities and entry points, they can be exploited by otherwise seemingly normal content. Once the attack is executed, the adversary's program can access relative directories such as C:\\Program Files or other standard system directories to launch further attacks. In a worst case scenario, these programs are combined with other propagation logic and work as a virus.",
            "external_references": [
                {
                    "external_id": "CAPEC-23",
                    "source_name": "capec",
                    "url": "https://capec.mitre.org/data/definitions/23.html"
                },
                {
                    "external_id": "CWE-20",
                    "source_name": "cwe",
                    "url": "http://cwe.mitre.org/data/definitions/20.html"
                },
                {
                    "description": "G. Hoglund, G. McGraw, Exploiting Software: How to Break Code, 2004--02, Addison-Wesley",
                    "external_id": "REF-1",
                    "source_name": "reference_from_CAPEC"
                }
            ],
            "id": "attack-pattern--521348c2-b1df-492f-ac83-1f3ffe102046",
            "modified": "2020-12-17T00:00:00.000Z",
            "name": "File Content Injection",
            "object_marking_refs": [
                "marking-definition--17d82bb2-eeeb-4898-bda5-3ddbcd2b799d"
            ],
            "type": "attack-pattern",
            "x_capec_abstraction": "Standard",
            "x_capec_child_of_refs": [
                "attack-pattern--7f0f7de2-bf09-4f60-86bb-6933192b7128"
            ],
            "x_capec_consequences": {
                "Availability": [
                    "Execute Unauthorized Commands (Run Arbitrary Code)"
                ],
                "Confidentiality": [
                    "Execute Unauthorized Commands (Run Arbitrary Code)"
                ],
                "Integrity": [
                    "Execute Unauthorized Commands (Run Arbitrary Code)"
                ]
            },
            "x_capec_example_instances": [
                "\n               <xhtml:p>PHP is a very popular language used for developing web applications. When PHP is used with global variables, a vulnerability may be opened that affects the file system. A standard HTML form that allows for remote users to upload files, may also place those files in a public directory where the adversary can directly access and execute them through a browser. This vulnerability allows remote adversaries to execute arbitrary code on the system, and can result in the adversary being able to erase intrusion evidence from system and application logs.</xhtml:p>\n            "
            ],
            "x_capec_likelihood_of_attack": "High",
            "x_capec_parent_of_refs": [
                "attack-pattern--d3634072-88f9-4711-987f-6bff7698bd4c"
            ],
            "x_capec_prerequisites": [
                "The target software must consume files.",
                "The adversary must have access to modify files that the target software will consume."
            ],
            "x_capec_skills_required": {
                "Medium": "How to poison a file with malicious payload that will exploit a vulnerability when the file is opened. The adversary must also know how to place the file onto a system where it will be opened by an unsuspecting party, or force the file to be opened."
            },
            "x_capec_status": "Draft",
            "x_capec_typical_severity": "Very High",
            "x_capec_version": "3.6"
        }
    ],
    "spec_version": "2.0",
    "type": "bundle"
}