{
    "id": "bundle--5d4ffa55-4b5e-479d-b14f-0c19257feb6a",
    "objects": [
        {
            "created": "2014-06-23T00:00:00.000Z",
            "created_by_ref": "identity--e50ab59c-5c4f-4d40-bf6a-d58418d89bcd",
            "description": "An adversary inserts malicious logic into hardware, typically in the form of a computer virus or rootkit. This logic is often hidden from the user of the hardware and works behind the scenes to achieve negative impacts. This pattern of attack focuses on hardware already fielded and used in operation as opposed to hardware that is still under development and part of the supply chain.",
            "external_references": [
                {
                    "external_id": "CAPEC-452",
                    "source_name": "capec",
                    "url": "https://capec.mitre.org/data/definitions/452.html"
                }
            ],
            "id": "attack-pattern--4cfba0b3-4740-49ae-bbb4-2dad27886239",
            "modified": "2021-06-24T00:00:00.000Z",
            "name": "Infected Hardware",
            "object_marking_refs": [
                "marking-definition--17d82bb2-eeeb-4898-bda5-3ddbcd2b799d"
            ],
            "type": "attack-pattern",
            "x_capec_abstraction": "Standard",
            "x_capec_child_of_refs": [
                "attack-pattern--13b94aaa-9c95-487c-ad68-8c29d8ac0068"
            ],
            "x_capec_consequences": {
                "Authorization": [
                    "Execute Unauthorized Commands"
                ]
            },
            "x_capec_likelihood_of_attack": "Medium",
            "x_capec_parent_of_refs": [
                "attack-pattern--92df4967-ec90-4dc6-a8da-739892e850a4"
            ],
            "x_capec_prerequisites": [
                "Access to the hardware currently deployed at a victim location."
            ],
            "x_capec_status": "Stable",
            "x_capec_typical_severity": "High",
            "x_capec_version": "3.6"
        }
    ],
    "spec_version": "2.0",
    "type": "bundle"
}