{
    "id": "bundle--79116aa5-6a8c-453d-8ebc-e27f5f8c4a1e",
    "objects": [
        {
            "created": "2014-06-23T00:00:00.000Z",
            "created_by_ref": "identity--e50ab59c-5c4f-4d40-bf6a-d58418d89bcd",
            "description": "An attacker modifies a technology, product, or component during a stage in its manufacture for the purpose of carrying out an attack against some entity involved in the supply chain lifecycle. There are an almost limitless number of ways an attacker can modify a technology when they are involved in its manufacture, as the attacker has potential inroads to the software composition, hardware design and assembly, firmware, or basic design mechanics. Additionally, manufacturing of key components is often outsourced with the final product assembled by the primary manufacturer. The greatest risk, however, is deliberate manipulation of design specifications to produce malicious hardware or devices. There are billions of transistors in a single integrated circuit and studies have shown that fewer than 10 transistors are required to create malicious functionality.",
            "external_references": [
                {
                    "external_id": "CAPEC-438",
                    "source_name": "capec",
                    "url": "https://capec.mitre.org/data/definitions/438.html"
                },
                {
                    "description": "Supply Chain Compromise",
                    "external_id": "T1195",
                    "source_name": "ATTACK",
                    "url": "https://attack.mitre.org/wiki/Technique/T1195"
                },
                {
                    "description": "Information Technology Laboratory, Supply Chain Risk Management (SCRM), 2010, National Institute of Standards and Technology (NIST)",
                    "external_id": "REF-379",
                    "source_name": "reference_from_CAPEC"
                },
                {
                    "description": "Marcus Sachs, Supply Chain Attacks: Can We Secure Information Technology Supply Chain in the Age of Globalization, Verizon, Inc.",
                    "external_id": "REF-380",
                    "source_name": "reference_from_CAPEC"
                },
                {
                    "description": "Thea Reilkoff, Hardware Trojans: A Novel Attack Meets a New Defense, 2010, Yale School of Engineering and Applied Science",
                    "external_id": "REF-381",
                    "source_name": "reference_from_CAPEC"
                },
                {
                    "description": "Marianne Swanson, Nadya Bartol, Rama Moorthy, Piloting Supply Chain Risk Management Practices for Federal Information Systems (Draft NISTIR 7622), 2010, National Institute of Standards and Technology",
                    "external_id": "REF-382",
                    "source_name": "reference_from_CAPEC"
                }
            ],
            "id": "attack-pattern--1339dbbe-fe41-467a-b43c-7d56d22a9fe4",
            "modified": "2021-06-24T00:00:00.000Z",
            "name": "Modification During Manufacture",
            "object_marking_refs": [
                "marking-definition--17d82bb2-eeeb-4898-bda5-3ddbcd2b799d"
            ],
            "type": "attack-pattern",
            "x_capec_abstraction": "Meta",
            "x_capec_parent_of_refs": [
                "attack-pattern--efb74200-657d-438c-aaff-bbd9644dd72d",
                "attack-pattern--cf550376-63ac-4b46-87d1-0e324c1c1c46"
            ],
            "x_capec_status": "Draft",
            "x_capec_version": "3.6"
        }
    ],
    "spec_version": "2.0",
    "type": "bundle"
}