{
    "id": "bundle--5e1d885a-0f3a-4456-b21a-4f27ab7f1ad8",
    "objects": [
        {
            "created": "2014-06-23T00:00:00.000Z",
            "created_by_ref": "identity--e50ab59c-5c4f-4d40-bf6a-d58418d89bcd",
            "description": "An attacker modifies the HTTP Verb (e.g. GET, PUT, TRACE, etc.) in order to bypass access restrictions. Some web environments allow administrators to restrict access based on the HTTP Verb used with requests. However, attackers can often provide a different HTTP Verb, or even provide a random string as a verb in order to bypass these protections. This allows the attacker to access data that should otherwise be protected.",
            "external_references": [
                {
                    "external_id": "CAPEC-274",
                    "source_name": "capec",
                    "url": "https://capec.mitre.org/data/definitions/274.html"
                },
                {
                    "external_id": "CWE-302",
                    "source_name": "cwe",
                    "url": "http://cwe.mitre.org/data/definitions/302.html"
                },
                {
                    "external_id": "CWE-654",
                    "source_name": "cwe",
                    "url": "http://cwe.mitre.org/data/definitions/654.html"
                },
                {
                    "description": "Arshan Dabirsiaghi, Bypassing Web Authentication and Authorization with HTTP Verb Tampering: How to inadvertently allow attackers full access to your web application, Aspect Security",
                    "external_id": "REF-118",
                    "source_name": "reference_from_CAPEC",
                    "url": "http://mirror.transact.net.au/sourceforge/w/project/wa/waspap/waspap/Core/Bypassing_VBAAC_with_HTTP_Verb_Tampering.pdf"
                }
            ],
            "id": "attack-pattern--13d1d169-0023-41e2-952f-7d794844733b",
            "modified": "2019-09-30T00:00:00.000Z",
            "name": "HTTP Verb Tampering",
            "object_marking_refs": [
                "marking-definition--17d82bb2-eeeb-4898-bda5-3ddbcd2b799d"
            ],
            "type": "attack-pattern",
            "x_capec_abstraction": "Detailed",
            "x_capec_child_of_refs": [
                "attack-pattern--9c983530-1927-43ca-addd-63d149cda4a7"
            ],
            "x_capec_prerequisites": [
                "The targeted system must attempt to filter access based on the HTTP verb used in requests."
            ],
            "x_capec_resources_required": [
                "The attacker requires a tool that allows them to manually control the HTTP verb used to send messages to the targeted server."
            ],
            "x_capec_status": "Draft",
            "x_capec_typical_severity": "Medium",
            "x_capec_version": "3.6"
        }
    ],
    "spec_version": "2.0",
    "type": "bundle"
}