{
    "id": "bundle--2c90e837-febe-402c-b463-78c4f8f6a786",
    "objects": [
        {
            "created": "2020-07-30T00:00:00.000Z",
            "created_by_ref": "identity--e50ab59c-5c4f-4d40-bf6a-d58418d89bcd",
            "description": "\n            <xhtml:p>An adversary adds data to a file to increase the file size beyond what security tools are capable of handling in an attempt to mask their actions.</xhtml:p>\n            <xhtml:p>In addition to this, adding data to a file also changes the file's hash, frustrating security tools that look for known bad files by their hash.</xhtml:p>\n         ",
            "external_references": [
                {
                    "external_id": "CAPEC-655",
                    "source_name": "capec",
                    "url": "https://capec.mitre.org/data/definitions/655.html"
                },
                {
                    "description": "Obfuscated Files or Information:Binary padding",
                    "external_id": "T1027.001",
                    "source_name": "ATTACK",
                    "url": "https://attack.mitre.org/wiki/Technique/T1027/001"
                }
            ],
            "id": "attack-pattern--cbe9fd1f-4b5d-4a3c-b20b-e49888457338",
            "modified": "2021-06-24T00:00:00.000Z",
            "name": "Avoid Security Tool Identification by Adding Data",
            "object_marking_refs": [
                "marking-definition--17d82bb2-eeeb-4898-bda5-3ddbcd2b799d"
            ],
            "type": "attack-pattern",
            "x_capec_abstraction": "Detailed",
            "x_capec_child_of_refs": [
                "attack-pattern--31b90554-68d8-4950-ac45-89c915a30716"
            ],
            "x_capec_consequences": {
                "Accountability": [
                    "Hide Activities",
                    "Bypass Protection Mechanism"
                ],
                "Integrity": [
                    "Modify Data"
                ]
            },
            "x_capec_example_instances": [
                "\n               <xhtml:p>Adding data to change the checksum of a file and can be used to avoid hash-based denylists and static anti-virus signatures.</xhtml:p>\n            "
            ],
            "x_capec_likelihood_of_attack": "High",
            "x_capec_status": "Draft",
            "x_capec_typical_severity": "High",
            "x_capec_version": "3.6"
        }
    ],
    "spec_version": "2.0",
    "type": "bundle"
}