{
    "id": "bundle--9595f4f3-243a-44e2-80d8-f9b7f2f1a6ee",
    "objects": [
        {
            "created": "2014-06-23T00:00:00.000Z",
            "created_by_ref": "identity--e50ab59c-5c4f-4d40-bf6a-d58418d89bcd",
            "description": "Facilities often used layered models for physical security such as traditional locks, Electronic-based card entry systems, coupled with physical alarms. Hardware security mechanisms range from the use of computer case and cable locks as well as RFID tags for tracking computer assets. This layered approach makes it difficult for random physical security breaches to go unnoticed, but is less effective at stopping deliberate and carefully planned break-ins. Avoiding detection begins with evading building security and surveillance and methods for bypassing the electronic or physical locks which secure entry points.",
            "external_references": [
                {
                    "external_id": "CAPEC-390",
                    "source_name": "capec",
                    "url": "https://capec.mitre.org/data/definitions/390.html"
                },
                {
                    "description": "Stuart McClure, Joel Scambray, George Kurtz, Hacking Exposed: Network Security Secrets & Solutions (6th Edition), 2009, McGraw Hill",
                    "external_id": "REF-33",
                    "source_name": "reference_from_CAPEC"
                }
            ],
            "id": "attack-pattern--8ba08815-66fb-4150-a7fa-8ab6d1472b5f",
            "modified": "2014-06-23T00:00:00.000Z",
            "name": "Bypassing Physical Security",
            "object_marking_refs": [
                "marking-definition--17d82bb2-eeeb-4898-bda5-3ddbcd2b799d"
            ],
            "type": "attack-pattern",
            "x_capec_abstraction": "Meta",
            "x_capec_parent_of_refs": [
                "attack-pattern--00c93895-c68e-4d27-a1ec-0dddce68ed97",
                "attack-pattern--5e808864-44b1-478c-8cb0-75c55cd51e2b"
            ],
            "x_capec_status": "Draft",
            "x_capec_version": "3.6"
        }
    ],
    "spec_version": "2.0",
    "type": "bundle"
}