{
    "id": "bundle--f742f80c-d4fd-4e6e-8977-bcaacf4d4a89",
    "objects": [
        {
            "created": "2014-06-23T00:00:00.000Z",
            "created_by_ref": "identity--e50ab59c-5c4f-4d40-bf6a-d58418d89bcd",
            "description": "An attacker manipulates either egress or ingress data from a client within an application framework in order to change the content of messages. Performing this attack allows the attacker to manipulate content in such a way as to produce messages or content that look authentic but may contain deceptive links, spam-like content, or links to the attackers' code. In general, content-spoofing within an application API can be employed to stage many different types of attacks varied based on the attackers' intent. The techniques require use of specialized software that allow the attacker to use adversary-in-the-middle (CAPEC-94) communications between the web browser and the remote system.",
            "external_references": [
                {
                    "external_id": "CAPEC-389",
                    "source_name": "capec",
                    "url": "https://capec.mitre.org/data/definitions/389.html"
                },
                {
                    "external_id": "CWE-353",
                    "source_name": "cwe",
                    "url": "http://cwe.mitre.org/data/definitions/353.html"
                },
                {
                    "description": "Tom Stracener, Sean Barnum, So Many Ways [...]: Exploiting Facebook and YoVille, 2010, Defcon 18",
                    "external_id": "REF-327",
                    "source_name": "reference_from_CAPEC"
                }
            ],
            "id": "attack-pattern--33370ee8-a290-42cc-b85d-5fd13f1f6fed",
            "modified": "2021-06-24T00:00:00.000Z",
            "name": "Content Spoofing Via Application API Manipulation",
            "object_marking_refs": [
                "marking-definition--17d82bb2-eeeb-4898-bda5-3ddbcd2b799d"
            ],
            "type": "attack-pattern",
            "x_capec_abstraction": "Detailed",
            "x_capec_child_of_refs": [
                "attack-pattern--ea07b1ea-c1b0-4923-8d25-a8fc39da040a"
            ],
            "x_capec_prerequisites": [
                "Targeted software is utilizing application framework APIs"
            ],
            "x_capec_resources_required": [
                "A software program that allows the use of adversary-in-the-middle communications between the client and server, such as an adversary-in-the-middle proxy."
            ],
            "x_capec_status": "Draft",
            "x_capec_typical_severity": "Low",
            "x_capec_version": "3.6"
        }
    ],
    "spec_version": "2.0",
    "type": "bundle"
}