{
    "id": "bundle--32e916f2-774a-45e9-9eb3-d93e30facc20",
    "objects": [
        {
            "created": "2014-06-23T00:00:00.000Z",
            "created_by_ref": "identity--e50ab59c-5c4f-4d40-bf6a-d58418d89bcd",
            "description": "An adversary exploits a weakness in the system maintenance process and causes a change to be made to a technology, product, component, or sub-component or a new one installed during its deployed use at the victim location for the purpose of carrying out an attack.",
            "external_references": [
                {
                    "external_id": "CAPEC-440",
                    "source_name": "capec",
                    "url": "https://capec.mitre.org/data/definitions/440.html"
                },
                {
                    "description": "Hardware Additions",
                    "external_id": "T1200",
                    "source_name": "ATTACK",
                    "url": "https://attack.mitre.org/wiki/Technique/T1200"
                }
            ],
            "id": "attack-pattern--7fd3928c-accb-4a35-ba64-000339399ede",
            "modified": "2019-04-04T00:00:00.000Z",
            "name": "Hardware Integrity Attack",
            "object_marking_refs": [
                "marking-definition--17d82bb2-eeeb-4898-bda5-3ddbcd2b799d"
            ],
            "type": "attack-pattern",
            "x_capec_abstraction": "Meta",
            "x_capec_consequences": {
                "Integrity": [
                    "Execute Unauthorized Commands"
                ]
            },
            "x_capec_likelihood_of_attack": "Low",
            "x_capec_parent_of_refs": [
                "attack-pattern--fdf61d51-9432-47d3-9376-7cf51fc86176",
                "attack-pattern--a79f5cc6-781c-4e49-a00e-7aae93718f9e"
            ],
            "x_capec_prerequisites": [
                "Influence over the deployed system at a victim location."
            ],
            "x_capec_status": "Stable",
            "x_capec_typical_severity": "High",
            "x_capec_version": "3.6"
        }
    ],
    "spec_version": "2.0",
    "type": "bundle"
}