{
    "id": "bundle--aa184827-3095-49b0-8326-a6a18c38df55",
    "objects": [
        {
            "created": "2018-05-31T00:00:00.000Z",
            "created_by_ref": "identity--e50ab59c-5c4f-4d40-bf6a-d58418d89bcd",
            "description": "By exploiting insufficient permissions, it is possible to upload a web shell to a web server in such a way that it can be executed remotely. This shell can have various capabilities, thereby acting as a \"gateway\" to the underlying web server. The shell might execute at the higher permission level of the web server, providing the ability the execute malicious code at elevated levels.",
            "external_references": [
                {
                    "external_id": "CAPEC-650",
                    "source_name": "capec",
                    "url": "https://capec.mitre.org/data/definitions/650.html"
                },
                {
                    "external_id": "CWE-287",
                    "source_name": "cwe",
                    "url": "http://cwe.mitre.org/data/definitions/287.html"
                },
                {
                    "external_id": "CWE-553",
                    "source_name": "cwe",
                    "url": "http://cwe.mitre.org/data/definitions/553.html"
                },
                {
                    "description": "Server Software Component:Web Shell",
                    "external_id": "T1505.003",
                    "source_name": "ATTACK",
                    "url": "https://attack.mitre.org/wiki/Technique/T1505/003"
                }
            ],
            "id": "attack-pattern--b9cddd44-a617-4a56-8560-0ca1cd9af42a",
            "modified": "2020-12-17T00:00:00.000Z",
            "name": "Upload a Web Shell to a Web Server",
            "object_marking_refs": [
                "marking-definition--17d82bb2-eeeb-4898-bda5-3ddbcd2b799d"
            ],
            "type": "attack-pattern",
            "x_capec_abstraction": "Detailed",
            "x_capec_child_of_refs": [
                "attack-pattern--9ad2c2eb-9939-4590-9683-2e789692d262"
            ],
            "x_capec_consequences": {
                "Access_Control": [
                    "Gain Privileges"
                ],
                "Authorization": [
                    "Gain Privileges"
                ],
                "Availability": [
                    "Execute Unauthorized Commands"
                ],
                "Confidentiality": [
                    "Read Data",
                    "Gain Privileges",
                    "Execute Unauthorized Commands"
                ],
                "Integrity": [
                    "Execute Unauthorized Commands"
                ]
            },
            "x_capec_prerequisites": [
                "The web server is susceptible to one of the various web application exploits that allows for uploading a shell file."
            ],
            "x_capec_status": "Draft",
            "x_capec_typical_severity": "High",
            "x_capec_version": "3.6"
        }
    ],
    "spec_version": "2.0",
    "type": "bundle"
}