{
    "id": "bundle--35af87a9-2ef5-4f18-9c8b-85ff02197806",
    "objects": [
        {
            "created": "2014-06-23T00:00:00.000Z",
            "created_by_ref": "identity--e50ab59c-5c4f-4d40-bf6a-d58418d89bcd",
            "description": "An adversary uses a traceroute utility to map out the route which data flows through the network in route to a target destination. Tracerouting can allow the adversary to construct a working topology of systems and routers by listing the systems through which data passes through on their way to the targeted machine. This attack can return varied results depending upon the type of traceroute that is performed. Traceroute works by sending packets to a target while incrementing the Time-to-Live field in the packet header. As the packet traverses each hop along its way to the destination, its TTL expires generating an ICMP diagnostic message that identifies where the packet expired. Traditional techniques for tracerouting involved the use of ICMP and UDP, but as more firewalls began to filter ingress ICMP, methods of traceroute using TCP were developed.",
            "external_references": [
                {
                    "external_id": "CAPEC-293",
                    "source_name": "capec",
                    "url": "https://capec.mitre.org/data/definitions/293.html"
                },
                {
                    "external_id": "CWE-200",
                    "source_name": "cwe",
                    "url": "http://cwe.mitre.org/data/definitions/200.html"
                },
                {
                    "description": "Stuart McClure, Joel Scambray, George Kurtz, Hacking Exposed: Network Security Secrets & Solutions (6th Edition), 2009, McGraw Hill",
                    "external_id": "REF-33",
                    "source_name": "reference_from_CAPEC"
                }
            ],
            "id": "attack-pattern--93f8b21a-7680-4813-8b4b-2976f5765320",
            "modified": "2018-07-31T00:00:00.000Z",
            "name": "Traceroute Route Enumeration",
            "object_marking_refs": [
                "marking-definition--17d82bb2-eeeb-4898-bda5-3ddbcd2b799d"
            ],
            "type": "attack-pattern",
            "x_capec_abstraction": "Detailed",
            "x_capec_child_of_refs": [
                "attack-pattern--fd114e53-fdc0-4eef-8254-40ef0d4ea482"
            ],
            "x_capec_consequences": {
                "Confidentiality": [
                    "Other"
                ]
            },
            "x_capec_prerequisites": [
                "A network capable of routing the attackers' packets to the destination network."
            ],
            "x_capec_resources_required": [
                "A command line version of traceroute or similar tool that performs route enumeration."
            ],
            "x_capec_status": "Stable",
            "x_capec_typical_severity": "Low",
            "x_capec_version": "3.6"
        }
    ],
    "spec_version": "2.0",
    "type": "bundle"
}