{
    "id": "bundle--36d96795-d03c-4c5d-bd4b-b9fa4f31c7cc",
    "objects": [
        {
            "created": "2014-06-23T00:00:00.000Z",
            "created_by_ref": "identity--e50ab59c-5c4f-4d40-bf6a-d58418d89bcd",
            "description": "This type of attack leverages the use of tags or variables from a formatted configuration data to cause buffer overflow. The attacker crafts a malicious HTML page or configuration file that includes oversized strings, thus causing an overflow.",
            "external_references": [
                {
                    "external_id": "CAPEC-46",
                    "source_name": "capec",
                    "url": "https://capec.mitre.org/data/definitions/46.html"
                },
                {
                    "external_id": "CWE-120",
                    "source_name": "cwe",
                    "url": "http://cwe.mitre.org/data/definitions/120.html"
                },
                {
                    "external_id": "CWE-118",
                    "source_name": "cwe",
                    "url": "http://cwe.mitre.org/data/definitions/118.html"
                },
                {
                    "external_id": "CWE-119",
                    "source_name": "cwe",
                    "url": "http://cwe.mitre.org/data/definitions/119.html"
                },
                {
                    "external_id": "CWE-74",
                    "source_name": "cwe",
                    "url": "http://cwe.mitre.org/data/definitions/74.html"
                },
                {
                    "external_id": "CWE-20",
                    "source_name": "cwe",
                    "url": "http://cwe.mitre.org/data/definitions/20.html"
                },
                {
                    "external_id": "CWE-680",
                    "source_name": "cwe",
                    "url": "http://cwe.mitre.org/data/definitions/680.html"
                },
                {
                    "external_id": "CWE-733",
                    "source_name": "cwe",
                    "url": "http://cwe.mitre.org/data/definitions/733.html"
                },
                {
                    "external_id": "CWE-697",
                    "source_name": "cwe",
                    "url": "http://cwe.mitre.org/data/definitions/697.html"
                },
                {
                    "description": "G. Hoglund, G. McGraw, Exploiting Software: How to Break Code, 2004--02, Addison-Wesley",
                    "external_id": "REF-1",
                    "source_name": "reference_from_CAPEC"
                }
            ],
            "id": "attack-pattern--8e403d18-af4e-4abd-bd38-0f99f74b4636",
            "modified": "2021-10-21T00:00:00.000Z",
            "name": "Overflow Variables and Tags",
            "object_marking_refs": [
                "marking-definition--17d82bb2-eeeb-4898-bda5-3ddbcd2b799d"
            ],
            "type": "attack-pattern",
            "x_capec_abstraction": "Detailed",
            "x_capec_child_of_refs": [
                "attack-pattern--77e51461-7843-411c-a90e-852498957f76"
            ],
            "x_capec_consequences": {
                "Availability": [
                    "Unreliable Execution",
                    "Execute Unauthorized Commands (Run Arbitrary Code)"
                ],
                "Confidentiality": [
                    "Execute Unauthorized Commands (Run Arbitrary Code)",
                    "Read Data"
                ],
                "Integrity": [
                    "Execute Unauthorized Commands (Run Arbitrary Code)",
                    "Modify Data"
                ]
            },
            "x_capec_example_instances": [
                "\n               <xhtml:div style=\"color:#32498D; font-weight:bold;\">Attack Example: Overflow Variables and Tags in MidiPlug</xhtml:div>\n               <xhtml:p>A buffer overflow vulnerability exists in the Yamaha MidiPlug that can be accessed via a Text variable found in an EMBED tag.</xhtml:p>See also: CVE-1999-0946",
                "\n               <xhtml:div style=\"color:#32498D; font-weight:bold;\">Attack Example: Overflow Variables and Tags in Exim</xhtml:div>\n               <xhtml:p>A buffer overflow in Exim allows local users to gain root privileges by providing a long :include: option in a .forward file.</xhtml:p>See also: CVE-1999-0971"
            ],
            "x_capec_execution_flow": "<h2> Execution Flow </h2><div><h3>Explore</h3><ol><li> <p> <b>Identify target application: </b>The adversary identifies a target application or program to perform the buffer overflow on. Adversaries look for applications or programs that accept formatted files, such as configuration files, as input.</p></li></ol></div><div><h3>Experiment</h3><ol><li> <p> <b>Find injection vector: </b>The adversary identifies an injection vector to deliver the excessive content to the targeted application's buffer.</p></li><table><tbody><tr><th>Techniques</th></tr><tr><td>Knowing the type of file that an application takes as input, the adversary takes a normal input file and modifies a single variable or tag to contain a large amount of data. If there is a crash, this means that a buffer overflow attack is possible. The adversary will keep changing single variables or tags one by one until they see a change in behavior.</td></tr></tbody></table><li> <p> <b>Craft overflow content: </b>The adversary crafts the content to be injected. If the intent is to simply cause the software to crash, the content need only consist of an excessive quantity of random data. If the intent is to leverage the overflow for execution of arbitrary code, the adversary crafts the payload in such a way that the overwritten return address is replaced with one of the adversary's choosing.</p></li><table><tbody><tr><th>Techniques</th></tr><tr><td>Create malicious shellcode that will execute when the program execution is returned to it.</td></tr><tr><td>Use a NOP-sled in the overflow content to more easily \"slide\" into the malicious code. This is done so that the exact return address need not be correct, only in the range of all of the NOPs</td></tr></tbody></table></ol></div><div><h3>Exploit</h3><ol><li> <p> <b>Overflow the buffer: </b>The adversary will upload the crafted file to the application, causing a buffer overflow.</p></li></ol></div>",
            "x_capec_likelihood_of_attack": "High",
            "x_capec_peer_of_refs": [
                "attack-pattern--e62000f0-addd-4156-b9fd-469bbb211d45",
                "attack-pattern--4a29d66d-8617-4382-b456-578ecdb1609e"
            ],
            "x_capec_prerequisites": [
                "The target program consumes user-controllable data in the form of tags or variables.",
                "The target program does not perform sufficient boundary checking."
            ],
            "x_capec_skills_required": {
                "High": "Exploiting a buffer overflow to inject malicious code into the stack of a software system or even the heap can require a higher skill level.",
                "Low": "An attacker can simply overflow a buffer by inserting a long string into an attacker-modifiable injection vector. The result can be a DoS."
            },
            "x_capec_status": "Draft",
            "x_capec_typical_severity": "High",
            "x_capec_version": "3.6"
        }
    ],
    "spec_version": "2.0",
    "type": "bundle"
}