{
    "id": "bundle--3e4deb1f-b89b-4364-907e-00071a673345",
    "objects": [
        {
            "created": "2014-06-23T00:00:00.000Z",
            "created_by_ref": "identity--e50ab59c-5c4f-4d40-bf6a-d58418d89bcd",
            "description": "An adversary cases an establishment and searches through trash bins, dumpsters, or areas where company information may have been accidentally discarded for information items which may be useful to the dumpster diver. The devastating nature of the items and/or information found can be anything from medical records, resumes, personal photos and emails, bank statements, account details or information about software, tech support logs and so much more. By collecting this information an adversary may be able to learn important facts about the person or organization that play a role in helping the adversary in their attack.",
            "external_references": [
                {
                    "external_id": "CAPEC-406",
                    "source_name": "capec",
                    "url": "https://capec.mitre.org/data/definitions/406.html"
                },
                {
                    "description": "The Official Social Engineering Portal, Social-Engineer.org, Tick Tock Computers, LLC",
                    "external_id": "REF-348",
                    "source_name": "reference_from_CAPEC",
                    "url": "http://www.social-engineer.org"
                }
            ],
            "id": "attack-pattern--756a1a93-3734-426c-9e91-f9339de74a7a",
            "modified": "2020-12-17T00:00:00.000Z",
            "name": "Dumpster Diving",
            "object_marking_refs": [
                "marking-definition--17d82bb2-eeeb-4898-bda5-3ddbcd2b799d"
            ],
            "type": "attack-pattern",
            "x_capec_abstraction": "Detailed",
            "x_capec_can_precede_refs": [
                "attack-pattern--ff3cf9fc-c308-4571-8a01-ecae629a49c1"
            ],
            "x_capec_child_of_refs": [
                "attack-pattern--797f4b4e-371a-4d06-9e98-5cccb8a7ebc1"
            ],
            "x_capec_consequences": {
                "Confidentiality": [
                    "Other (Documents and materials improperly disposed of can lead to information disclosure if an adversary comes across it.)"
                ]
            },
            "x_capec_prerequisites": [
                "An adversary must have physical access to the dumpster or downstream processing facility."
            ],
            "x_capec_status": "Stable",
            "x_capec_typical_severity": "Low",
            "x_capec_version": "3.6"
        }
    ],
    "spec_version": "2.0",
    "type": "bundle"
}