{
    "id": "bundle--d159650b-6cf7-4a4d-8eda-1ccbc4f1a1af",
    "objects": [
        {
            "created": "2014-06-23T00:00:00.000Z",
            "created_by_ref": "identity--e50ab59c-5c4f-4d40-bf6a-d58418d89bcd",
            "description": "The attacker forces an application to load arbitrary code files from the local machine. The attacker could use this to try to load old versions of library files that have known vulnerabilities, to load files that the attacker placed on the local machine during a prior attack, or to otherwise change the functionality of the targeted application in unexpected ways.",
            "external_references": [
                {
                    "external_id": "CAPEC-251",
                    "source_name": "capec",
                    "url": "https://capec.mitre.org/data/definitions/251.html"
                },
                {
                    "external_id": "CWE-829",
                    "source_name": "cwe",
                    "url": "http://cwe.mitre.org/data/definitions/829.html"
                },
                {
                    "description": "Process Injection",
                    "external_id": "T1055",
                    "source_name": "ATTACK",
                    "url": "https://attack.mitre.org/wiki/Technique/T1055"
                },
                {
                    "description": "OWASP Web Security Testing Guide, The Open Web Application Security Project (OWASP)",
                    "external_id": "REF-613",
                    "source_name": "reference_from_CAPEC",
                    "url": "https://owasp.org/www-project-web-security-testing-guide/latest/4-Web_Application_Security_Testing/07-Input_Validation_Testing/11.1-Testing_for_Local_File_Inclusion.html"
                }
            ],
            "id": "attack-pattern--283d665d-e109-4d5d-8993-6fb25e5923d6",
            "modified": "2020-12-17T00:00:00.000Z",
            "name": "Local Code Inclusion",
            "object_marking_refs": [
                "marking-definition--17d82bb2-eeeb-4898-bda5-3ddbcd2b799d"
            ],
            "type": "attack-pattern",
            "x_capec_abstraction": "Standard",
            "x_capec_child_of_refs": [
                "attack-pattern--505cd025-b5c5-4393-a228-addace874465"
            ],
            "x_capec_consequences": {
                "Confidentiality": [
                    "Read Data (An attacker may leverage local code inclusion in order to print sensitive data to a page, such as hidden configuration files or or password hashes.)"
                ],
                "Integrity": [
                    "Execute Unauthorized Commands (Through local code inclusion, the adversary compromises the integrity of the application.)"
                ]
            },
            "x_capec_parent_of_refs": [
                "attack-pattern--d56469be-4ebc-4443-b85a-3097193df4c4",
                "attack-pattern--8bb5fe8b-4746-4b90-9e89-b65c4daa21e4",
                "attack-pattern--fa4feb09-657b-40a0-9edd-6187b55047e3"
            ],
            "x_capec_prerequisites": [
                "The targeted application must have a bug that allows an adversary to control which code file is loaded at some juncture.",
                "Some variants of this attack may require that old versions of some code files be present and in predictable locations."
            ],
            "x_capec_resources_required": [
                "The adversary needs to have enough access to the target application to control the identity of a locally included file. The attacker may also need to be able to upload arbitrary code files to the target machine, although any location for these files may be acceptable."
            ],
            "x_capec_status": "Stable",
            "x_capec_typical_severity": "Medium",
            "x_capec_version": "3.6"
        }
    ],
    "spec_version": "2.0",
    "type": "bundle"
}