{
    "id": "bundle--0d656552-e21b-4611-a809-4b506f71ce96",
    "objects": [
        {
            "created": "2014-06-23T00:00:00.000Z",
            "created_by_ref": "identity--e50ab59c-5c4f-4d40-bf6a-d58418d89bcd",
            "description": "This attack pattern has been deprecated as it is a duplicate of CAPEC-207 : Removing Important Client Functionality. Please refer to this other pattern going forward.",
            "external_references": [
                {
                    "external_id": "CAPEC-56",
                    "source_name": "capec",
                    "url": "https://capec.mitre.org/data/definitions/56.html"
                }
            ],
            "id": "attack-pattern--86daf34c-5e2b-49d7-b579-cfde98c462ac",
            "modified": "2017-05-01T00:00:00.000Z",
            "name": "DEPRECATED: Removing/short-circuiting 'guard logic'",
            "object_marking_refs": [
                "marking-definition--17d82bb2-eeeb-4898-bda5-3ddbcd2b799d"
            ],
            "type": "attack-pattern",
            "x_capec_abstraction": "Standard",
            "x_capec_status": "Deprecated",
            "x_capec_version": "3.6"
        }
    ],
    "spec_version": "2.0",
    "type": "bundle"
}