{
    "id": "bundle--7d4c9843-ea2e-4892-9a93-02fc1c3f5dac",
    "objects": [
        {
            "created": "2014-06-23T00:00:00.000Z",
            "created_by_ref": "identity--e50ab59c-5c4f-4d40-bf6a-d58418d89bcd",
            "description": "An adversary actively probes the target in a manner that is designed to solicit information that could be leveraged for malicious purposes. This is achieved by exploring the target via ordinary interactions for the purpose of gathering intelligence about the target, or by sending data that is syntactically invalid or non-standard in an attempt to produce a response that contains the desired data. As a result of these interactions, the adversary is able to obtain information from the target that aids the attacker in making inferences about its security, configuration, or potential vulnerabilities. Examplar exchanges with the target may trigger unhandled exceptions or verbose error messages that reveal information like stack traces, configuration information, path information, or database design. This type of attack also includes the manipulation of query strings in a URI to produce invalid SQL queries, or by trying alternative path values in the hope that the server will return useful information.",
            "external_references": [
                {
                    "external_id": "CAPEC-116",
                    "source_name": "capec",
                    "url": "https://capec.mitre.org/data/definitions/116.html"
                },
                {
                    "external_id": "CWE-200",
                    "source_name": "cwe",
                    "url": "http://cwe.mitre.org/data/definitions/200.html"
                },
                {
                    "external_id": "CWE-1243",
                    "source_name": "cwe",
                    "url": "http://cwe.mitre.org/data/definitions/1243.html"
                }
            ],
            "id": "attack-pattern--913426fa-ea1f-43b0-8492-1d363ea109d6",
            "modified": "2021-06-24T00:00:00.000Z",
            "name": "Excavation",
            "object_marking_refs": [
                "marking-definition--17d82bb2-eeeb-4898-bda5-3ddbcd2b799d"
            ],
            "type": "attack-pattern",
            "x_capec_abstraction": "Meta",
            "x_capec_can_precede_refs": [
                "attack-pattern--ff3cf9fc-c308-4571-8a01-ecae629a49c1"
            ],
            "x_capec_consequences": {
                "Confidentiality": [
                    "Read Data"
                ]
            },
            "x_capec_likelihood_of_attack": "High",
            "x_capec_parent_of_refs": [
                "attack-pattern--797f4b4e-371a-4d06-9e98-5cccb8a7ebc1",
                "attack-pattern--49132d37-44e8-458c-a06e-0e5b9ac9bbd6",
                "attack-pattern--191fbdab-d3b3-4ffd-8829-51331c20eaa7",
                "attack-pattern--52103765-d380-42fc-aa4d-a8b24615548a",
                "attack-pattern--a8b4faf6-2e52-434f-95a4-df5f9bdc985a"
            ],
            "x_capec_prerequisites": [
                "An adversary requires some way of interacting with the system."
            ],
            "x_capec_resources_required": [
                "A tool, such as an Adversary in the Middle (CAPEC-94) Proxy or a fuzzer, that is capable of generating and injecting custom inputs to be used in the attack."
            ],
            "x_capec_status": "Stable",
            "x_capec_typical_severity": "Medium",
            "x_capec_version": "3.6"
        }
    ],
    "spec_version": "2.0",
    "type": "bundle"
}