{
    "id": "bundle--53a33532-52fd-4c5c-ba0d-cfc967f48e0d",
    "objects": [
        {
            "created": "2021-06-24T00:00:00.000Z",
            "created_by_ref": "identity--e50ab59c-5c4f-4d40-bf6a-d58418d89bcd",
            "description": "\n            <xhtml:p>During the programming step of chip manufacture, an adversary with access and necessary technical skills maliciously alters a chip’s intended program logic to produce an effect intended by the adversary when the fully manufactured chip is deployed and in operational use. Intended effects can include the ability of the adversary to remotely control a host system to carry out malicious acts.</xhtml:p>\n         ",
            "external_references": [
                {
                    "external_id": "CAPEC-672",
                    "source_name": "capec",
                    "url": "https://capec.mitre.org/data/definitions/672.html"
                },
                {
                    "description": "Jeremy Muldavin, Assuring Microelectronics Innovation for National Security & Economic Competitiveness (MINSEC), 2017--11, Office of the Deputy Assistant Secretary of Defense for Systems Engineering",
                    "external_id": "REF-662",
                    "source_name": "reference_from_CAPEC"
                }
            ],
            "id": "attack-pattern--2150c989-e9a0-4aef-8019-8d60f6fcaeeb",
            "modified": "2021-06-24T00:00:00.000Z",
            "name": "Malicious Code Implanted During Chip Programming",
            "object_marking_refs": [
                "marking-definition--17d82bb2-eeeb-4898-bda5-3ddbcd2b799d"
            ],
            "type": "attack-pattern",
            "x_capec_abstraction": "Detailed",
            "x_capec_child_of_refs": [
                "attack-pattern--efb74200-657d-438c-aaff-bbd9644dd72d"
            ],
            "x_capec_consequences": {
                "Integrity": [
                    "Alter Execution Logic"
                ]
            },
            "x_capec_example_instances": [
                "\n               <xhtml:p>Following a chip’s production process steps of test and verification and validation of chip circuitry, an adversary involved in the generation of microcode defining the chip’s function(s) inserts a malicious instruction that will become part of the chip’s program. When integrated into a system, the chip will produce an effect intended by the adversary.</xhtml:p>\n            "
            ],
            "x_capec_likelihood_of_attack": "Low",
            "x_capec_prerequisites": [
                "An adversary would need to have access to a foundry’s or chip maker’s development/production environment where programs for specific chips are developed, managed and uploaded into targeted chips prior to distribution or sale."
            ],
            "x_capec_skills_required": {
                "Medium": "An adversary needs to be skilled in microprogramming, manipulation of configuration management systems, and in the operation of tools used for the uploading of programs into chips during manufacture. Uploading can be for individual chips or performed on a large scale basis."
            },
            "x_capec_status": "Draft",
            "x_capec_typical_severity": "High",
            "x_capec_version": "3.6"
        }
    ],
    "spec_version": "2.0",
    "type": "bundle"
}