{
    "id": "bundle--62c451a4-057b-4e9b-ae71-88787318378e",
    "objects": [
        {
            "created": "2014-06-23T00:00:00.000Z",
            "created_by_ref": "identity--e50ab59c-5c4f-4d40-bf6a-d58418d89bcd",
            "description": "An attacker with access to a manufacturer's hardware manufacturing process documentation alters the design specifications, which introduces flaws advantageous to the attacker once the system is deployed.",
            "external_references": [
                {
                    "external_id": "CAPEC-521",
                    "source_name": "capec",
                    "url": "https://capec.mitre.org/data/definitions/521.html"
                },
                {
                    "description": "John F. Miller, Supply Chain Attack Framework and Attack Patterns, 2013, The MITRE Corporation",
                    "external_id": "REF-439",
                    "source_name": "reference_from_CAPEC",
                    "url": "http://www.mitre.org/sites/default/files/publications/supply-chain-attack-framework-14-0228.pdf"
                }
            ],
            "id": "attack-pattern--57b78312-1077-4e31-b3a2-5efb96a6c817",
            "modified": "2015-11-09T00:00:00.000Z",
            "name": "Hardware Design Specifications Are Altered",
            "object_marking_refs": [
                "marking-definition--17d82bb2-eeeb-4898-bda5-3ddbcd2b799d"
            ],
            "type": "attack-pattern",
            "x_capec_abstraction": "Detailed",
            "x_capec_child_of_refs": [
                "attack-pattern--cf550376-63ac-4b46-87d1-0e324c1c1c46"
            ],
            "x_capec_example_instances": [
                "To operate at full capability, a manufacturer's network intrusion detection device needs to have either a Intel Xeon E7-2820 or AMD FX-8350 which have 8 \"cores\" available, allowing for advanced threading needed to handle large volumes of network traffic without resorting to dropping packets from the detection process. The attacker alters the documentation to state that the system design must use the Intel Core Duo or the AMD Phenom II X2, which only have 2 cores, causing the system to drop large amounts of packets during deployment at a victim site with large amounts of network traffic."
            ],
            "x_capec_likelihood_of_attack": "Low",
            "x_capec_prerequisites": [
                "Advanced knowledge of hardware capabilities of a manufacturer's product.",
                "Access to the manufacturer's documentation."
            ],
            "x_capec_skills_required": {
                "High": "Ability to stealthly gain access via remote compromise or physical access to the manufacturer's documentation."
            },
            "x_capec_status": "Draft",
            "x_capec_typical_severity": "High",
            "x_capec_version": "3.6"
        }
    ],
    "spec_version": "2.0",
    "type": "bundle"
}