{
    "id": "bundle--3d5eb477-4a0d-4017-b2ac-62c5f3f18e74",
    "objects": [
        {
            "created": "2014-06-23T00:00:00.000Z",
            "created_by_ref": "identity--e50ab59c-5c4f-4d40-bf6a-d58418d89bcd",
            "description": "An attacker discovers the structure, function, and composition of a type of computer software through white box analysis techniques. White box techniques involve methods which can be applied to a piece of software when an executable or some other compiled object can be directly subjected to analysis, revealing at least a portion of its machine instructions that can be observed upon execution.",
            "external_references": [
                {
                    "external_id": "CAPEC-167",
                    "source_name": "capec",
                    "url": "https://capec.mitre.org/data/definitions/167.html"
                },
                {
                    "external_id": "CWE-1323",
                    "source_name": "cwe",
                    "url": "http://cwe.mitre.org/data/definitions/1323.html"
                },
                {
                    "external_id": "CWE-1324",
                    "source_name": "cwe",
                    "url": "http://cwe.mitre.org/data/definitions/1324.html"
                }
            ],
            "id": "attack-pattern--d17eb5a5-1361-4e13-a969-e4d587d13b3d",
            "modified": "2020-12-17T00:00:00.000Z",
            "name": "White Box Reverse Engineering",
            "object_marking_refs": [
                "marking-definition--17d82bb2-eeeb-4898-bda5-3ddbcd2b799d"
            ],
            "type": "attack-pattern",
            "x_capec_abstraction": "Standard",
            "x_capec_child_of_refs": [
                "attack-pattern--25946b99-9827-40a6-99a4-ca15eea08e5d"
            ],
            "x_capec_parent_of_refs": [
                "attack-pattern--8756a1d3-9ffc-497f-a6c3-28325a891951",
                "attack-pattern--2231936f-0dda-4736-a089-9e734231907c",
                "attack-pattern--c2a87533-3c81-40b3-b529-9560c644f70d",
                "attack-pattern--55ce63d0-6143-4b95-b70c-87c5b60aafa8"
            ],
            "x_capec_prerequisites": [
                "Direct access to the object or software."
            ],
            "x_capec_resources_required": [
                "Reverse engineering of software requires varying tools and methods that enable the decompiling of executable or other compiled objects."
            ],
            "x_capec_status": "Draft",
            "x_capec_typical_severity": "Medium",
            "x_capec_version": "3.6"
        }
    ],
    "spec_version": "2.0",
    "type": "bundle"
}