{
    "id": "bundle--fffac6f0-47ea-4f4a-9ec5-9293113c3a26",
    "objects": [
        {
            "created": "2014-06-23T00:00:00.000Z",
            "created_by_ref": "identity--e50ab59c-5c4f-4d40-bf6a-d58418d89bcd",
            "description": "An attacker discovers the structure, function, and composition of a type of computer software through black box analysis techniques. 'Black Box' methods involve interacting with the software indirectly, in the absence of direct access to the executable object. Such analysis typically involves interacting with the software at the boundaries of where the software interfaces with a larger execution environment, such as input-output vectors, libraries, or APIs.",
            "external_references": [
                {
                    "external_id": "CAPEC-189",
                    "source_name": "capec",
                    "url": "https://capec.mitre.org/data/definitions/189.html"
                },
                {
                    "external_id": "CWE-203",
                    "source_name": "cwe",
                    "url": "http://cwe.mitre.org/data/definitions/203.html"
                },
                {
                    "external_id": "CWE-1255",
                    "source_name": "cwe",
                    "url": "http://cwe.mitre.org/data/definitions/1255.html"
                },
                {
                    "external_id": "CWE-1300",
                    "source_name": "cwe",
                    "url": "http://cwe.mitre.org/data/definitions/1300.html"
                }
            ],
            "id": "attack-pattern--4ba540ef-b8ad-4bf7-acac-d8855661c4a2",
            "modified": "2021-06-24T00:00:00.000Z",
            "name": "Black Box Reverse Engineering",
            "object_marking_refs": [
                "marking-definition--17d82bb2-eeeb-4898-bda5-3ddbcd2b799d"
            ],
            "type": "attack-pattern",
            "x_capec_abstraction": "Standard",
            "x_capec_child_of_refs": [
                "attack-pattern--25946b99-9827-40a6-99a4-ca15eea08e5d"
            ],
            "x_capec_parent_of_refs": [
                "attack-pattern--1e333aaf-0029-41ab-b164-590851ff2e9a",
                "attack-pattern--8a2c6c50-26ad-4f1a-a938-25293372f75a",
                "attack-pattern--3d5bbdf7-b642-43b4-b4be-d9f35923380d"
            ],
            "x_capec_resources_required": [
                "Black box methods require (at minimum) the ability to interact with the functional boundaries where the software communicates with a larger processing environment, such as inter-process communication on a host operating system, or via networking protocols."
            ],
            "x_capec_status": "Draft",
            "x_capec_typical_severity": "Low",
            "x_capec_version": "3.6"
        }
    ],
    "spec_version": "2.0",
    "type": "bundle"
}