{
    "id": "bundle--ad75cc02-92df-4c79-b852-944718e1c08f",
    "objects": [
        {
            "created": "2014-06-23T00:00:00.000Z",
            "created_by_ref": "identity--e50ab59c-5c4f-4d40-bf6a-d58418d89bcd",
            "description": "An adversary looking to execute a command of their choosing, injects new items into an existing command thus modifying interpretation away from what was intended. Commands in this context are often standalone strings that are interpreted by a downstream component and cause specific responses. This type of attack is possible when untrusted values are used to build these command strings. Weaknesses in input validation or command construction can enable the attack and lead to successful exploitation.",
            "external_references": [
                {
                    "external_id": "CAPEC-248",
                    "source_name": "capec",
                    "url": "https://capec.mitre.org/data/definitions/248.html"
                },
                {
                    "external_id": "CWE-77",
                    "source_name": "cwe",
                    "url": "http://cwe.mitre.org/data/definitions/77.html"
                },
                {
                    "description": "Command Injection",
                    "source_name": "OWASP Attacks",
                    "url": "https://owasp.org/www-community/attacks/Command_Injection"
                },
                {
                    "description": "OWASP Web Security Testing Guide, The Open Web Application Security Project (OWASP)",
                    "external_id": "REF-615",
                    "source_name": "reference_from_CAPEC",
                    "url": "https://owasp.org/www-project-web-security-testing-guide/latest/4-Web_Application_Security_Testing/07-Input_Validation_Testing/12-Testing_for_Command_Injection.html"
                }
            ],
            "id": "attack-pattern--2fb2b2b8-b7de-45a2-aadb-5849d12fda8f",
            "modified": "2020-12-17T00:00:00.000Z",
            "name": "Command Injection",
            "object_marking_refs": [
                "marking-definition--17d82bb2-eeeb-4898-bda5-3ddbcd2b799d"
            ],
            "type": "attack-pattern",
            "x_capec_abstraction": "Meta",
            "x_capec_consequences": {
                "Availability": [
                    "Execute Unauthorized Commands (A successful command injection attack enables an adversary to alter the command being executed and achieve a variety of negative consequences depending on the makeup of the new command. This includes potential information disclosure or the corruption of application data.)"
                ],
                "Confidentiality": [
                    "Execute Unauthorized Commands (A successful command injection attack enables an adversary to alter the command being executed and achieve a variety of negative consequences depending on the makeup of the new command. This includes potential information disclosure or the corruption of application data.)"
                ],
                "Integrity": [
                    "Execute Unauthorized Commands (A successful command injection attack enables an adversary to alter the command being executed and achieve a variety of negative consequences depending on the makeup of the new command. This includes potential information disclosure or the corruption of application data.)"
                ]
            },
            "x_capec_likelihood_of_attack": "Medium",
            "x_capec_parent_of_refs": [
                "attack-pattern--4b435e98-08cb-4464-bf08-32f95e011d05",
                "attack-pattern--f2fe393c-54a7-424e-b5d8-e461942ca0f8",
                "attack-pattern--aa6a831a-8eae-4690-b4a2-ff3e4d43a716",
                "attack-pattern--326dfb79-2d81-406a-9977-79e67d8de6e2",
                "attack-pattern--42acc604-a86c-46f7-bd03-6e532c02d85e",
                "attack-pattern--23c4bdd1-768c-436c-b66e-9bfbdaab629c",
                "attack-pattern--bfdeb5d3-c9da-44eb-bfd3-d3db719acfb3"
            ],
            "x_capec_prerequisites": [
                "The target application must accept input from the user and then use this input in the construction of commands to be executed. In virtually all cases, this is some form of string input that is concatenated to a constant string defined by the application to form the full command to be executed."
            ],
            "x_capec_status": "Stable",
            "x_capec_typical_severity": "High",
            "x_capec_version": "3.6"
        }
    ],
    "spec_version": "2.0",
    "type": "bundle"
}