{
    "id": "bundle--a4501c42-c37e-4362-8235-0d6ff8b73034",
    "objects": [
        {
            "created": "2014-06-23T00:00:00.000Z",
            "created_by_ref": "identity--e50ab59c-5c4f-4d40-bf6a-d58418d89bcd",
            "description": "An attacker exploits characteristics of the infrastructure of a network entity in order to perpetrate attacks or information gathering on network objects or effect a change in the ordinary information flow between network objects. Most often, this involves manipulation of the routing of network messages so, instead of arriving at their proper destination, they are directed towards an entity of the attackers' choosing, usually a server controlled by the attacker. The victim is often unaware that their messages are not being processed correctly. For example, a targeted client may believe they are connecting to their own bank but, in fact, be connecting to a Pharming site controlled by the attacker which then collects the user's login information in order to hijack the actual bank account.",
            "external_references": [
                {
                    "external_id": "CAPEC-161",
                    "source_name": "capec",
                    "url": "https://capec.mitre.org/data/definitions/161.html"
                }
            ],
            "id": "attack-pattern--2a6131f7-30af-4529-be4e-bc3b7bf22009",
            "modified": "2021-06-24T00:00:00.000Z",
            "name": "Infrastructure Manipulation",
            "object_marking_refs": [
                "marking-definition--17d82bb2-eeeb-4898-bda5-3ddbcd2b799d"
            ],
            "type": "attack-pattern",
            "x_capec_abstraction": "Meta",
            "x_capec_can_precede_refs": [
                "attack-pattern--f231b993-ed39-40cf-adfb-9828ddcfc642"
            ],
            "x_capec_parent_of_refs": [
                "attack-pattern--e244a53a-8c69-462c-8ff2-900a839d48cb",
                "attack-pattern--151ca16b-5acc-45db-bde8-19d204542a54",
                "attack-pattern--b3eaa7aa-9601-406c-ae82-0a0e2ea16116",
                "attack-pattern--4733a63a-db36-49fa-8eba-3d5eddfe7f87",
                "attack-pattern--8f91fa23-b5c4-48f1-be6c-99582524f8cc"
            ],
            "x_capec_prerequisites": [
                "The targeted client must access the site via infrastructure that the attacker has co-opted and must fail to adequately verify that the communication channel is operating correctly (e.g. by verifying that they are, in fact, connected to the site they intended.)"
            ],
            "x_capec_resources_required": [
                "The attacker must be able to corrupt the infrastructure used by the client. For some variants of this attack, the attacker must be able to stand up their own services that mimic the services the targeted client intends to use."
            ],
            "x_capec_status": "Draft",
            "x_capec_typical_severity": "High",
            "x_capec_version": "3.6"
        }
    ],
    "spec_version": "2.0",
    "type": "bundle"
}