{
    "id": "bundle--b134eb67-e77c-4b45-86a3-91d99fad9b4b",
    "objects": [
        {
            "created": "2014-06-23T00:00:00.000Z",
            "created_by_ref": "identity--e50ab59c-5c4f-4d40-bf6a-d58418d89bcd",
            "description": "\n            <xhtml:p>An adversary engages in activities to discover any sensitive constants present within the compiled code of an executable.</xhtml:p>\n            <xhtml:p>These constants may include literal ASCII strings within the file itself, or possibly strings hard-coded into particular routines that can be revealed by code refactoring methods including static and dynamic analysis. One specific example of a sensitive string is a hard-coded password. Typical examples of software with hard-coded passwords include server-side executables which may check for a hard-coded password or key during a user's authentication with the server. Hard-coded passwords can also be present in client-side executables which utilize the password or key when connecting to either a remote component, such as a database server, licensing server, or otherwise, or a processes on the same host that expects a key or password. When analyzing an executable the adversary may search for the presence of such strings by analyzing the byte-code of the file itself. Example utilities for revealing strings within a file include 'strings,' 'grep,' or other variants of these programs depending upon the type of operating system used. These programs can be used to dump any ASCII or UNICODE strings contained within a program. Strings can also be searched for using a hex editors by loading the binary or object code file and utilizing native search functions such as regular expressions.</xhtml:p>\n            <xhtml:p>Additionally, sensitive numeric values can occur within an executable. This can be used to discover the location of cryptographic constants.</xhtml:p>\n         ",
            "external_references": [
                {
                    "external_id": "CAPEC-191",
                    "source_name": "capec",
                    "url": "https://capec.mitre.org/data/definitions/191.html"
                },
                {
                    "external_id": "CWE-798",
                    "source_name": "cwe",
                    "url": "http://cwe.mitre.org/data/definitions/798.html"
                },
                {
                    "description": "Unsecured Credentials:Credentials in files",
                    "external_id": "T1552.001",
                    "source_name": "ATTACK",
                    "url": "https://attack.mitre.org/wiki/Technique/T1552/001"
                },
                {
                    "description": "Wikipedia, The Wikimedia Foundation, Inc",
                    "external_id": "REF-51",
                    "source_name": "reference_from_CAPEC",
                    "url": "http://en.wikipedia.org/wiki/Decompiler"
                },
                {
                    "description": "Wikipedia, The Wikimedia Foundation, Inc",
                    "external_id": "REF-52",
                    "source_name": "reference_from_CAPEC",
                    "url": "http://en.wikipedia.org/wiki/Debugger"
                },
                {
                    "description": "Wikipedia, The Wikimedia Foundation, Inc",
                    "external_id": "REF-53",
                    "source_name": "reference_from_CAPEC",
                    "url": "http://en.wikipedia.org/wiki/Disassembler"
                }
            ],
            "id": "attack-pattern--2231936f-0dda-4736-a089-9e734231907c",
            "modified": "2020-07-30T00:00:00.000Z",
            "name": "Read Sensitive Constants Within an Executable",
            "object_marking_refs": [
                "marking-definition--17d82bb2-eeeb-4898-bda5-3ddbcd2b799d"
            ],
            "type": "attack-pattern",
            "x_capec_abstraction": "Detailed",
            "x_capec_child_of_refs": [
                "attack-pattern--d17eb5a5-1361-4e13-a969-e4d587d13b3d"
            ],
            "x_capec_prerequisites": [
                "Access to a binary or executable such that it can be analyzed by various utilities."
            ],
            "x_capec_resources_required": [
                "Binary analysis programs such as 'strings' or 'grep', or hex editors."
            ],
            "x_capec_status": "Draft",
            "x_capec_typical_severity": "Low",
            "x_capec_version": "3.6"
        }
    ],
    "spec_version": "2.0",
    "type": "bundle"
}