{
    "id": "bundle--35abecdc-73d3-4434-8338-82f14441e05f",
    "objects": [
        {
            "created": "2014-06-23T00:00:00.000Z",
            "created_by_ref": "identity--e50ab59c-5c4f-4d40-bf6a-d58418d89bcd",
            "description": "Identity Spoofing refers to the action of assuming (i.e., taking on) the identity of some other entity (human or non-human) and then using that identity to accomplish a goal. An adversary may craft messages that appear to come from a different principle or use stolen / spoofed authentication credentials. Alternatively, an adversary may intercept a message from a legitimate sender and attempt to make it look like the message comes from them without changing its content. The latter form of this attack can be used to hijack credentials from legitimate users. Identity Spoofing attacks need not be limited to transmitted messages - any resource that is associated with an identity (for example, a file with a signature) can be the target of an attack where the adversary attempts to change the apparent identity. This attack differs from Content Spoofing attacks where the adversary does not wish to change the apparent identity of the message but instead wishes to change what the message says. In an Identity Spoofing attack, the adversary is attempting to change the identity of the content.",
            "external_references": [
                {
                    "external_id": "CAPEC-151",
                    "source_name": "capec",
                    "url": "https://capec.mitre.org/data/definitions/151.html"
                },
                {
                    "external_id": "CWE-287",
                    "source_name": "cwe",
                    "url": "http://cwe.mitre.org/data/definitions/287.html"
                }
            ],
            "id": "attack-pattern--22802ed6-ddc6-4da7-b6be-60b10d26198b",
            "modified": "2017-08-04T00:00:00.000Z",
            "name": "Identity Spoofing",
            "object_marking_refs": [
                "marking-definition--17d82bb2-eeeb-4898-bda5-3ddbcd2b799d"
            ],
            "type": "attack-pattern",
            "x_capec_abstraction": "Meta",
            "x_capec_can_follow_refs": [
                "attack-pattern--a9dc4914-409a-4f71-80df-c5cc3923d112",
                "attack-pattern--8d88a81c-bde9-4fb3-acbe-901c783d6427",
                "attack-pattern--addd93c9-9278-4185-b402-e505d632c815",
                "attack-pattern--9197c7a2-6a03-40da-b2a6-df5f1d69e8fb",
                "attack-pattern--a390cb72-b4de-4750-ae05-be556c89f4be",
                "attack-pattern--06e8782a-87af-4863-b6b1-99e09edda3be",
                "attack-pattern--886a7175-e28a-4e6d-bd22-3b1497e31dc7",
                "attack-pattern--f2654def-b86d-4ddb-888f-de6b50a103a2",
                "attack-pattern--f724f0f3-20e6-450c-be4a-f373ea08834d",
                "attack-pattern--fab7fb48-4503-4e03-980f-9bc827be929f",
                "attack-pattern--03a731ef-751b-43de-9159-9667d4be4d1a",
                "attack-pattern--056a463d-6303-438e-a43f-992cee52fb95",
                "attack-pattern--05740120-81ef-4224-9805-2f0b54d1111f",
                "attack-pattern--755bb5ac-2eee-4e54-9864-92812666120c",
                "attack-pattern--2618d0a4-06d0-4bde-8271-2df61ed8297a",
                "attack-pattern--8c7bab16-5ecd-4778-9b04-c185bceed170",
                "attack-pattern--38964770-4f39-4191-89cf-73a625162b2b"
            ],
            "x_capec_consequences": {
                "Access_Control": [
                    "Gain Privileges"
                ],
                "Authentication": [
                    "Gain Privileges"
                ],
                "Confidentiality": [
                    "Gain Privileges"
                ],
                "Integrity": [
                    "Gain Privileges"
                ]
            },
            "x_capec_likelihood_of_attack": "Medium",
            "x_capec_parent_of_refs": [
                "attack-pattern--862d18f1-a87c-4f1b-acc2-882697d5d6e5",
                "attack-pattern--8711eca6-b3ad-40b7-b7ac-08be37885119",
                "attack-pattern--d94762c1-3c78-47eb-8212-e0c770ba43a9",
                "attack-pattern--5dec633b-7b10-4bfe-9270-e68b98112285",
                "attack-pattern--a00c2cc2-bd4f-4594-9ec1-b021b62ac896"
            ],
            "x_capec_prerequisites": [
                "The identity associated with the message or resource must be removable or modifiable in an undetectable way."
            ],
            "x_capec_resources_required": [
                "None: No specialized resources are required to execute this type of attack."
            ],
            "x_capec_status": "Stable",
            "x_capec_typical_severity": "Medium",
            "x_capec_version": "3.6"
        }
    ],
    "spec_version": "2.0",
    "type": "bundle"
}