{
    "id": "bundle--83cb1d4d-043a-4fd5-8ff6-97d1cce7b027",
    "objects": [
        {
            "created": "2014-06-23T00:00:00.000Z",
            "created_by_ref": "identity--e50ab59c-5c4f-4d40-bf6a-d58418d89bcd",
            "description": "Data Interchange Protocols are used to transmit structured data between entities. These protocols are often specific to a particular domain (B2B: purchase orders, invoices, transport logistics and waybills, medical records). They are often, but not always, XML-based. Subverting the protocol can allow an adversary to impersonate others, discover sensitive information, control the outcome of a session, or perform other attacks. This type of attack targets invalid assumptions that may be inherent in implementers of the protocol, incorrect implementations of the protocol, or vulnerabilities in the protocol itself.",
            "external_references": [
                {
                    "external_id": "CAPEC-277",
                    "source_name": "capec",
                    "url": "https://capec.mitre.org/data/definitions/277.html"
                },
                {
                    "external_id": "CWE-707",
                    "source_name": "cwe",
                    "url": "http://cwe.mitre.org/data/definitions/707.html"
                }
            ],
            "id": "attack-pattern--1809fa36-f249-4e55-80ab-26570fd24cab",
            "modified": "2019-04-04T00:00:00.000Z",
            "name": "Data Interchange Protocol Manipulation",
            "object_marking_refs": [
                "marking-definition--17d82bb2-eeeb-4898-bda5-3ddbcd2b799d"
            ],
            "type": "attack-pattern",
            "x_capec_abstraction": "Standard",
            "x_capec_child_of_refs": [
                "attack-pattern--2166d3c5-baec-4f42-8284-c1b5b649ad34"
            ],
            "x_capec_status": "Draft",
            "x_capec_version": "3.6"
        }
    ],
    "spec_version": "2.0",
    "type": "bundle"
}