{
    "id": "bundle--ef944d0e-13f0-4fd5-87c6-bc1701d4d251",
    "objects": [
        {
            "created": "2015-11-09T00:00:00.000Z",
            "created_by_ref": "identity--e50ab59c-5c4f-4d40-bf6a-d58418d89bcd",
            "description": "SIM cards are the de facto trust anchor of mobile devices worldwide. The cards protect the mobile identity of subscribers, associate devices with phone numbers, and increasingly store payment credentials, for example in NFC-enabled phones with mobile wallets. This attack leverages over-the-air (OTA) updates deployed via cryptographically-secured SMS messages to deliver executable code to the SIM. By cracking the DES key, an attacker can send properly signed binary SMS messages to a device, which are treated as Java applets and are executed on the SIM. These applets are allowed to send SMS, change voicemail numbers, and query the phone location, among many other predefined functions. These capabilities alone provide plenty of potential for abuse.",
            "external_references": [
                {
                    "external_id": "CAPEC-614",
                    "source_name": "capec",
                    "url": "https://capec.mitre.org/data/definitions/614.html"
                },
                {
                    "external_id": "CWE-327",
                    "source_name": "cwe",
                    "url": "http://cwe.mitre.org/data/definitions/327.html"
                },
                {
                    "description": "Karsten Nohl, Rooting SIM Cards, Security Research Labs",
                    "external_id": "REF-486",
                    "source_name": "reference_from_CAPEC",
                    "url": "https://srlabs.de/rooting-sim-cards/"
                }
            ],
            "id": "attack-pattern--b974175d-c76a-4168-af55-ea0cb0695286",
            "modified": "2019-09-30T00:00:00.000Z",
            "name": "Rooting SIM Cards",
            "object_marking_refs": [
                "marking-definition--17d82bb2-eeeb-4898-bda5-3ddbcd2b799d"
            ],
            "type": "attack-pattern",
            "x_capec_abstraction": "Detailed",
            "x_capec_child_of_refs": [
                "attack-pattern--3c9e7b88-a1eb-4cfd-aa34-10df08b23317"
            ],
            "x_capec_consequences": {
                "Confidentiality": [
                    "Execute Unauthorized Commands"
                ],
                "Integrity": [
                    "Execute Unauthorized Commands"
                ]
            },
            "x_capec_prerequisites": [
                "A SIM card that relies on the DES cipher."
            ],
            "x_capec_skills_required": {
                "Medium": "This is a sophisticated attack, but detailed techniques are published in open literature."
            },
            "x_capec_status": "Draft",
            "x_capec_typical_severity": "High",
            "x_capec_version": "3.6"
        }
    ],
    "spec_version": "2.0",
    "type": "bundle"
}