{
    "id": "bundle--8af26725-43e2-45ab-9a99-ad54825f68cd",
    "objects": [
        {
            "created": "2014-06-23T00:00:00.000Z",
            "created_by_ref": "identity--e50ab59c-5c4f-4d40-bf6a-d58418d89bcd",
            "description": "An adversary embeds malicious script code in the parameters of an HTTP query string and convinces a victim to submit the HTTP request that contains the query string to a vulnerable web application. The web application then procedes to use the values parameters without properly validation them first and generates the HTML code that will be executed by the victim's browser.",
            "external_references": [
                {
                    "external_id": "CAPEC-32",
                    "source_name": "capec",
                    "url": "https://capec.mitre.org/data/definitions/32.html"
                },
                {
                    "external_id": "CWE-80",
                    "source_name": "cwe",
                    "url": "http://cwe.mitre.org/data/definitions/80.html"
                },
                {
                    "description": "G. Hoglund, G. McGraw, Exploiting Software: How to Break Code, 2004--02, Addison-Wesley",
                    "external_id": "REF-1",
                    "source_name": "reference_from_CAPEC"
                }
            ],
            "id": "attack-pattern--28aff255-abc8-4392-872c-61f78d4fe55b",
            "modified": "2020-12-17T00:00:00.000Z",
            "name": "XSS Through HTTP Query Strings",
            "object_marking_refs": [
                "marking-definition--17d82bb2-eeeb-4898-bda5-3ddbcd2b799d"
            ],
            "type": "attack-pattern",
            "x_capec_abstraction": "Detailed",
            "x_capec_child_of_refs": [
                "attack-pattern--61b17787-fe92-427c-9e6a-6311997d7b2a",
                "attack-pattern--b1eef783-daae-494c-a418-cd9ada7cbe8b",
                "attack-pattern--800f8095-99b6-4bb9-8bc6-8b9727201a2f"
            ],
            "x_capec_consequences": {
                "Availability": [
                    "Execute Unauthorized Commands (Run Arbitrary Code)"
                ],
                "Confidentiality": [
                    "Read Data",
                    "Execute Unauthorized Commands (Run Arbitrary Code)"
                ],
                "Integrity": [
                    "Execute Unauthorized Commands (Run Arbitrary Code)"
                ]
            },
            "x_capec_example_instances": [
                "http://user:host@example.com:8080/oradb<script>alert('Hi')</script>",
                "\n               <xhtml:p>Web applications that accept name value pairs in a HTTP Query string are inherently at risk to any value (or name for that matter) that an attacker would like to enter in the query string. This can be done manually via web browser or trivially scripted to post the query string to multiple sites. In the latter case, in the instance of many sites using similar infrastructure with predictable http queries being accepted and operated on (such as blogging software, Google applications, and so on), a single malicious payload can be scripted to target a wide variety of sites.</xhtml:p>\n               <xhtml:p>Web 2.0 type sites like Technorati and del.icio.us rely on user generated content like tags to build http links that are displayed to other users. del.icio.us allows users to identify sites, tag them with metadata and provide URL, descriptions and more data. This data is then echoed back to any other web browser that is interested in the link. If the data is not validated by the del.icio.us site properly then an arbitrary code can be added into the standard http string sent to del.icio.us by the attacker, for example formatted as normal content with a URL and description and tagged as Java, and available to be clicked on (and executed by) any user browsing for Java content that clicks on this trojaned content.</xhtml:p>\n            "
            ],
            "x_capec_execution_flow": "<h2> Execution Flow </h2><div><h3>Explore</h3><ol><li> <p> <b>Spider: </b>Using a browser or an automated tool, an attacker follows all public links on a web site. They record all the links they find.</p></li><table><tbody><tr><th>Techniques</th></tr><tr><td>Use a spidering tool to follow and record all links. Make special note of any links that include parameters in the URL.</td></tr><tr><td>Use a proxy tool to record all links visited during a manual traversal of the web application. Make special note of any links that include parameters in the URL. Manual traversal of this type is frequently necessary to identify forms that are GET method forms rather than POST forms.</td></tr><tr><td>Use a browser to manually explore the website and analyze how it is constructed. Many browser's plugins are available to facilitate the analysis or automate the URL discovery.</td></tr></tbody></table></ol></div><div><h3>Experiment</h3><ol><li> <p> <b>Attempt variations on input parameters: </b>Possibly using an automated tool, an attacker requests variations on the URLs they spidered before. They send parameters that include variations of payloads. They record all the responses from the server that include unmodified versions of their script.</p></li><table><tbody><tr><th>Techniques</th></tr><tr><td>Use a list of XSS probe strings to inject in parameters of known URLs. If possible, the probe strings contain a unique identifier.</td></tr><tr><td>Use a proxy tool to record results of manual input of XSS probes in known URLs.</td></tr></tbody></table></ol></div><div><h3>Exploit</h3><ol><li> <p> <b>Steal session IDs, credentials, page content, etc.: </b>As the attacker succeeds in exploiting the vulnerability, they can choose to steal user's credentials in order to reuse or to analyze them later on.</p></li><table><tbody><tr><th>Techniques</th></tr><tr><td>Develop malicious JavaScript that is injected through vectors identified during the Experiment Phase and loaded by the victim's browser and sends document information to the attacker.</td></tr><tr><td>Develop malicious JavaScript that injected through vectors identified during the Experiment Phase and takes commands from an attacker's server and then causes the browser to execute appropriately.</td></tr></tbody></table><li> <p> <b>Forceful browsing: </b>When the attacker targets the current application or another one (through CSRF vulnerabilities), the user will then be the one who perform the attacks without being aware of it. These attacks are mostly targeting application logic flaws, but it can also be used to create a widespread attack against a particular website on the user's current network (Internet or not).</p></li><table><tbody><tr><th>Techniques</th></tr><tr><td>Develop malicious JavaScript that is injected through vectors identified during the Experiment Phase and loaded by the victim's browser and performs actions on the same web site</td></tr><tr><td>Develop malicious JavaScript that injected through vectors identified during the Experiment Phase and takes commands from an attacker's server and then causes the browser to execute request to other web sites (especially the web applications that have CSRF vulnerabilities).</td></tr></tbody></table><li> <p> <b>Content spoofing: </b>By manipulating the content, the attacker targets the information that the user would like to get from the website.</p></li><table><tbody><tr><th>Techniques</th></tr><tr><td>Develop malicious JavaScript that is injected through vectors identified during the Experiment Phase and loaded by the victim's browser and exposes attacker-modified invalid information to the user on the current web page.</td></tr></tbody></table></ol></div>",
            "x_capec_likelihood_of_attack": "High",
            "x_capec_prerequisites": [
                "Target client software must allow scripting such as JavaScript. Server software must allow display of remote generated HTML without sufficient input or output validation."
            ],
            "x_capec_resources_required": [
                "Ability to send HTTP post to scripting host and collect output"
            ],
            "x_capec_skills_required": {
                "High": "Exploiting any information gathered by HTTP Query on script host",
                "Low": "To place malicious payload on server via HTTP"
            },
            "x_capec_status": "Draft",
            "x_capec_typical_severity": "High",
            "x_capec_version": "3.6"
        }
    ],
    "spec_version": "2.0",
    "type": "bundle"
}