{
    "id": "bundle--efcae075-9d45-47b8-a43c-492d5e5fbff1",
    "objects": [
        {
            "created": "2020-07-30T00:00:00.000Z",
            "created_by_ref": "identity--e50ab59c-5c4f-4d40-bf6a-d58418d89bcd",
            "description": "An adversary guesses or obtains (i.e. steals or purchases) legitimate Windows domain credentials (e.g. userID/password) to achieve authentication and to perform authorized actions on the domain, under the guise of an authenticated user or service. Attacks leveraging trusted Windows credentials typically result in the adversary laterally moving within the local Windows network, since users are often allowed to login to systems/applications within the domain using their Windows domain password. This domain authentication can occur directly (user typing in their password or PIN) or via Single Sign-On (SSO) or cloud-based authentication, which often don't verify the authenticity of the user's input. Known credentials are usually obtained by an adversary via a system/application breach and/or by purchasing dumps of credentials on the dark web. These credentials may be further gleaned via exposed configuration and properties files that contain system passwords, database connection strings, and other sensitive data. Utilizing known Windows credentials, an adversary can obtain sensitive data from administrator shares, download/install malware on the system, pose as a legitimate user for social engineering purposes, and more. Ultimately, successful spoofing and impersonation of trusted credentials can lead to an adversary breaking authentication, authorization, and audit controls with the target system or application.",
            "external_references": [
                {
                    "external_id": "CAPEC-653",
                    "source_name": "capec",
                    "url": "https://capec.mitre.org/data/definitions/653.html"
                },
                {
                    "external_id": "CWE-522",
                    "source_name": "cwe",
                    "url": "http://cwe.mitre.org/data/definitions/522.html"
                },
                {
                    "external_id": "CWE-307",
                    "source_name": "cwe",
                    "url": "http://cwe.mitre.org/data/definitions/307.html"
                },
                {
                    "external_id": "CWE-308",
                    "source_name": "cwe",
                    "url": "http://cwe.mitre.org/data/definitions/308.html"
                },
                {
                    "external_id": "CWE-309",
                    "source_name": "cwe",
                    "url": "http://cwe.mitre.org/data/definitions/309.html"
                },
                {
                    "external_id": "CWE-262",
                    "source_name": "cwe",
                    "url": "http://cwe.mitre.org/data/definitions/262.html"
                },
                {
                    "external_id": "CWE-263",
                    "source_name": "cwe",
                    "url": "http://cwe.mitre.org/data/definitions/263.html"
                },
                {
                    "external_id": "CWE-654",
                    "source_name": "cwe",
                    "url": "http://cwe.mitre.org/data/definitions/654.html"
                },
                {
                    "description": "Dan Goodin, Attackers can use Zoom to steal users’ Windows credentials with no warning, 2020--04---01, Ars Technica",
                    "external_id": "REF-575",
                    "source_name": "reference_from_CAPEC",
                    "url": "https://arstechnica.com/information-technology/2020/04/unpatched-zoom-bug-lets-attackers-steal-windows-credentials-with-no-warning/"
                },
                {
                    "description": "Jeff Warren, How Attackers are Stealing Your Credentials with Mimikatz, 2017--07---11, STEALTHbits Technologies, Inc.",
                    "external_id": "REF-576",
                    "source_name": "reference_from_CAPEC",
                    "url": "https://blog.stealthbits.com/how-attackers-are-stealing-your-credentials-with-mimikatz/"
                }
            ],
            "id": "attack-pattern--2618d0a4-06d0-4bde-8271-2df61ed8297a",
            "modified": "2020-07-30T00:00:00.000Z",
            "name": "Use of Known Windows Credentials",
            "object_marking_refs": [
                "marking-definition--17d82bb2-eeeb-4898-bda5-3ddbcd2b799d"
            ],
            "type": "attack-pattern",
            "x_capec_abstraction": "Standard",
            "x_capec_can_follow_refs": [
                "attack-pattern--a9dc4914-409a-4f71-80df-c5cc3923d112",
                "attack-pattern--8d88a81c-bde9-4fb3-acbe-901c783d6427",
                "attack-pattern--addd93c9-9278-4185-b402-e505d632c815",
                "attack-pattern--a390cb72-b4de-4750-ae05-be556c89f4be",
                "attack-pattern--f724f0f3-20e6-450c-be4a-f373ea08834d",
                "attack-pattern--fab7fb48-4503-4e03-980f-9bc827be929f",
                "attack-pattern--03a731ef-751b-43de-9159-9667d4be4d1a",
                "attack-pattern--8c7bab16-5ecd-4778-9b04-c185bceed170"
            ],
            "x_capec_can_precede_refs": [
                "attack-pattern--22802ed6-ddc6-4da7-b6be-60b10d26198b"
            ],
            "x_capec_child_of_refs": [
                "attack-pattern--886a7175-e28a-4e6d-bd22-3b1497e31dc7"
            ],
            "x_capec_consequences": {
                "Access_Control": [
                    "Gain Privileges"
                ],
                "Authentication": [
                    "Gain Privileges"
                ],
                "Authorization": [
                    "Read Data"
                ],
                "Confidentiality": [
                    "Gain Privileges",
                    "Read Data"
                ],
                "Integrity": [
                    "Modify Data"
                ]
            },
            "x_capec_example_instances": [
                "Adversaries exploited the Zoom video conferencing application during the 2020 COVID-19 pandemic to exfiltrate Windows domain credentials from a target system. The attack entailed sending Universal Naming Convention (UNC) paths within the Zoom chat window of an unprotected Zoom call. If the victim clicked on the link, their Windows usernames and the corresponding Net-NTLM-v2 hashes were sent to the address contained in the link. The adversary was then able to infiltrate and laterally move within the Windows domain by passing the acquired credentials to shared network resources. This further provided adversaries with access to Outlook servers and network storage devices. [REF-575]",
                "Mimikatz, a post-exploitation Windows credential harvester, can be used to gather and exploit Windows credentials. This malware has been used in several known cyberattacks, such as the Petya Ransomeware attacks. [REF-576]"
            ],
            "x_capec_execution_flow": "<h2> Execution Flow </h2><div><h3>Explore</h3><ol><li> <p> <b>Acquire known Windows credentials: </b>The adversary must obtain known Windows credentials in order to access the target system, application, or service within the domain.</p></li><table><tbody><tr><th>Techniques</th></tr><tr><td>An adversary purchases breached Windows username/password combinations or leaked hashed passwords from the dark web.</td></tr><tr><td>An adversary leverages a key logger or phishing attack to steal user credentials as they are provided.</td></tr><tr><td>An adversary conducts a sniffing attack to steal Windows credentials as they are transmitted.</td></tr><tr><td>An adversary gains access to a Windows domain system/files and exfiltrates Windows password hashes.</td></tr><tr><td>An adversary examines outward-facing configuration and properties files to discover hardcoded Windows credentials.</td></tr></tbody></table></ol></div><div><h3>Experiment</h3><ol><li> <p> <b>Attempt domain authentication: </b>Try each Windows credential against various systems, applications, and services within the domain until the target grants access.</p></li><table><tbody><tr><th>Techniques</th></tr><tr><td>Manually or automatically enter each credential through the target's interface.</td></tr></tbody></table></ol></div><div><h3>Exploit</h3><ol><li> <p> <b>Impersonate: </b>An adversary can use successful experiments or authentications to impersonate an authorized user or system, or to laterally move within the domain</p></li><li> <p> <b>Spoofing: </b>Malicious data can be injected into the target system or into other systems on the domain. The adversary can also pose as a legitimate domain user to perform social engineering attacks.</p></li><li> <p> <b>Data Exfiltration: </b>The adversary can obtain sensitive data contained within domain systems or applications.</p></li></ol></div>",
            "x_capec_likelihood_of_attack": "High",
            "x_capec_parent_of_refs": [
                "attack-pattern--f2654def-b86d-4ddb-888f-de6b50a103a2",
                "attack-pattern--056a463d-6303-438e-a43f-992cee52fb95"
            ],
            "x_capec_prerequisites": [
                "The system/application is connected to the Windows domain.",
                "The system/application uses one factor password-based authentication, SSO, and/or cloud-based authentication.",
                "The system/application does not have a sound password policy that is being enforced.",
                "The system/application does not implement an effective password throttling mechanism.",
                "The adversary possesses a list of known Windows user accounts and corresponding passwords that may exist on the target."
            ],
            "x_capec_resources_required": [
                "A list of known Windows credentials for the targeted domain.",
                "A custom script that leverages a Windows credential list to launch an attack."
            ],
            "x_capec_skills_required": {
                "Low": "Once an adversary obtains a known Windows credential, leveraging it is trivial."
            },
            "x_capec_status": "Draft",
            "x_capec_typical_severity": "High",
            "x_capec_version": "3.6"
        }
    ],
    "spec_version": "2.0",
    "type": "bundle"
}