{
    "id": "bundle--a49d1554-fd40-4dea-b984-7e25ee7ca5f1",
    "objects": [
        {
            "created": "2015-11-09T00:00:00.000Z",
            "created_by_ref": "identity--e50ab59c-5c4f-4d40-bf6a-d58418d89bcd",
            "description": "Winlogon is a part of Windows that performs logon actions. In Windows systems prior to Windows Vista, a registry key can be modified that causes Winlogon to load a DLL on startup. Adversaries may take advantage of this feature to load adversarial code at startup.",
            "external_references": [
                {
                    "external_id": "CAPEC-579",
                    "source_name": "capec",
                    "url": "https://capec.mitre.org/data/definitions/579.html"
                },
                {
                    "description": "Boot or Logon Autostart Execution:Winlogon helper DLL",
                    "external_id": "T1547.004",
                    "source_name": "ATTACK",
                    "url": "https://attack.mitre.org/wiki/Technique/T1547/004"
                }
            ],
            "id": "attack-pattern--9927fda8-927b-4327-b3f8-bcbd0467c702",
            "modified": "2020-07-30T00:00:00.000Z",
            "name": "Replace Winlogon Helper DLL",
            "object_marking_refs": [
                "marking-definition--17d82bb2-eeeb-4898-bda5-3ddbcd2b799d"
            ],
            "type": "attack-pattern",
            "x_capec_abstraction": "Detailed",
            "x_capec_child_of_refs": [
                "attack-pattern--482cb9fc-0122-49f0-b6df-6d2d42098b0a"
            ],
            "x_capec_status": "Draft",
            "x_capec_version": "3.6"
        }
    ],
    "spec_version": "2.0",
    "type": "bundle"
}