{
    "id": "bundle--ec186655-3db8-4619-bda3-b5584a6bc103",
    "objects": [
        {
            "created": "2014-06-23T00:00:00.000Z",
            "created_by_ref": "identity--e50ab59c-5c4f-4d40-bf6a-d58418d89bcd",
            "description": "An attacker examines a target system to find sensitive data that has been embedded within it. This information can reveal confidential contents, such as account numbers or individual keys/credentials that can be used as an intermediate step in a larger attack.",
            "external_references": [
                {
                    "external_id": "CAPEC-37",
                    "source_name": "capec",
                    "url": "https://capec.mitre.org/data/definitions/37.html"
                },
                {
                    "external_id": "CWE-226",
                    "source_name": "cwe",
                    "url": "http://cwe.mitre.org/data/definitions/226.html"
                },
                {
                    "external_id": "CWE-311",
                    "source_name": "cwe",
                    "url": "http://cwe.mitre.org/data/definitions/311.html"
                },
                {
                    "external_id": "CWE-525",
                    "source_name": "cwe",
                    "url": "http://cwe.mitre.org/data/definitions/525.html"
                },
                {
                    "external_id": "CWE-312",
                    "source_name": "cwe",
                    "url": "http://cwe.mitre.org/data/definitions/312.html"
                },
                {
                    "external_id": "CWE-314",
                    "source_name": "cwe",
                    "url": "http://cwe.mitre.org/data/definitions/314.html"
                },
                {
                    "external_id": "CWE-315",
                    "source_name": "cwe",
                    "url": "http://cwe.mitre.org/data/definitions/315.html"
                },
                {
                    "external_id": "CWE-318",
                    "source_name": "cwe",
                    "url": "http://cwe.mitre.org/data/definitions/318.html"
                },
                {
                    "external_id": "CWE-1239",
                    "source_name": "cwe",
                    "url": "http://cwe.mitre.org/data/definitions/1239.html"
                },
                {
                    "external_id": "CWE-1258",
                    "source_name": "cwe",
                    "url": "http://cwe.mitre.org/data/definitions/1258.html"
                },
                {
                    "external_id": "CWE-1266",
                    "source_name": "cwe",
                    "url": "http://cwe.mitre.org/data/definitions/1266.html"
                },
                {
                    "external_id": "CWE-1272",
                    "source_name": "cwe",
                    "url": "http://cwe.mitre.org/data/definitions/1272.html"
                },
                {
                    "external_id": "CWE-1278",
                    "source_name": "cwe",
                    "url": "http://cwe.mitre.org/data/definitions/1278.html"
                },
                {
                    "external_id": "CWE-1301",
                    "source_name": "cwe",
                    "url": "http://cwe.mitre.org/data/definitions/1301.html"
                },
                {
                    "external_id": "CWE-1330",
                    "source_name": "cwe",
                    "url": "http://cwe.mitre.org/data/definitions/1330.html"
                },
                {
                    "description": "Unsecured Credentials:Private Keys",
                    "external_id": "T1552.004",
                    "source_name": "ATTACK",
                    "url": "https://attack.mitre.org/wiki/Technique/T1552/004"
                }
            ],
            "id": "attack-pattern--55ce63d0-6143-4b95-b70c-87c5b60aafa8",
            "modified": "2021-06-24T00:00:00.000Z",
            "name": "Retrieve Embedded Sensitive Data",
            "object_marking_refs": [
                "marking-definition--17d82bb2-eeeb-4898-bda5-3ddbcd2b799d"
            ],
            "type": "attack-pattern",
            "x_capec_abstraction": "Detailed",
            "x_capec_can_follow_refs": [
                "attack-pattern--3147f1c9-3043-40ca-ad42-c1be938820a4",
                "attack-pattern--a8b4faf6-2e52-434f-95a4-df5f9bdc985a"
            ],
            "x_capec_child_of_refs": [
                "attack-pattern--d17eb5a5-1361-4e13-a969-e4d587d13b3d"
            ],
            "x_capec_consequences": {
                "Access_Control": [
                    "Gain Privileges"
                ],
                "Authorization": [
                    "Gain Privileges"
                ],
                "Confidentiality": [
                    "Read Data",
                    "Gain Privileges"
                ],
                "Integrity": [
                    "Modify Data"
                ]
            },
            "x_capec_example_instances": [
                "Using a tool such as 'strings' or similar to pull out text data, perhaps part of a database table, that extends beyond what a particular user's purview should be.",
                "An attacker can also use a decompiler to decompile a downloaded Java applet in order to look for information such as hardcoded IP addresses, file paths, passwords or other such contents.",
                "Attacker uses a tool such as a browser plug-in to pull cookie or other token information that, from a previous user at the same machine (perhaps a kiosk), allows the attacker to log in as the previous user."
            ],
            "x_capec_execution_flow": "<h2> Execution Flow </h2><div><h3>Explore</h3><ol><li> <p> <b>Identify Target: </b>Attacker identifies client components to extract information from. These may be binary executables, class files, shared libraries (e.g., DLLs), configuration files, or other system files.</p></li><table><tbody><tr><th>Techniques</th></tr><tr><td>Binary file extraction. The attacker extracts binary files from zips, jars, wars, PDFs or other composite formats.</td></tr><tr><td>Package listing. The attacker uses a package manifest provided with the software installer, or the filesystem itself, to identify component files suitable for attack.</td></tr></tbody></table></ol></div><div><h3>Experiment</h3><ol><li> <p> <b>Apply mining techniques: </b>The attacker then uses a variety of techniques, such as sniffing, reverse-engineering, and cryptanalysis to extract the information of interest.</p></li><table><tbody><tr><th>Techniques</th></tr><tr><td>API Profiling. The attacker monitors the software's use of registry keys or other operating system-provided storage locations that can contain sensitive information.</td></tr><tr><td>Execution in simulator. The attacker physically removes mass storage from the system and explores it using a simulator, external system, or other debugging harness.</td></tr><tr><td>Common decoding methods. The attacker applies methods to decode such encodings and compressions as Base64, unzip, unrar, RLE decoding, gzip decompression and so on.</td></tr><tr><td>Common data typing. The attacker looks for common file signatures for well-known file types (JPEG, TIFF, ASN.1, LDIF, etc.). If the signatures match, they attempt decoding in that format.</td></tr></tbody></table></ol></div>",
            "x_capec_likelihood_of_attack": "High",
            "x_capec_prerequisites": [
                "In order to feasibly execute this type of attack, some valuable data must be present in client software.",
                "Additionally, this information must be unprotected, or protected in a flawed fashion, or through a mechanism that fails to resist reverse engineering, statistical, or other attack."
            ],
            "x_capec_resources_required": [
                "The attacker must possess access to the system or code being exploited. Such access, for this set of attacks, will likely be physical. The attacker will make use of reverse engineering technologies, perhaps for data or to extract functionality from the binary. Such tool use may be as simple as \"Strings\" or a hex editor. Removing functionality may require the use of only a hex editor, or may require aspects of the toolchain used to construct the application: for instance the Adobe Flash development environment. Attacks of this nature do not require network access or undue CPU, memory, or other hardware-based resources."
            ],
            "x_capec_skills_required": {
                "Medium": "The attacker must possess knowledge of client code structure as well as ability to reverse-engineer or decompile it or probe it in other ways. This knowledge is specific to the technology and language used for the client distribution"
            },
            "x_capec_status": "Draft",
            "x_capec_typical_severity": "Very High",
            "x_capec_version": "3.6"
        }
    ],
    "spec_version": "2.0",
    "type": "bundle"
}