{
    "id": "bundle--a0963c87-74f8-49d1-a508-4a63386a3166",
    "objects": [
        {
            "created": "2014-06-23T00:00:00.000Z",
            "created_by_ref": "identity--e50ab59c-5c4f-4d40-bf6a-d58418d89bcd",
            "description": "An adversary passively sniffs network communications and captures application code bound for an authorized client. Once obtained, they can use it as-is, or through reverse-engineering glean sensitive information or exploit the trust relationship between the client and server. Such code may belong to a dynamic update to the client, a patch being applied to a client component or any such interaction where the client is authorized to communicate with the server.",
            "external_references": [
                {
                    "external_id": "CAPEC-65",
                    "source_name": "capec",
                    "url": "https://capec.mitre.org/data/definitions/65.html"
                },
                {
                    "external_id": "CWE-319",
                    "source_name": "cwe",
                    "url": "http://cwe.mitre.org/data/definitions/319.html"
                },
                {
                    "external_id": "CWE-311",
                    "source_name": "cwe",
                    "url": "http://cwe.mitre.org/data/definitions/311.html"
                },
                {
                    "external_id": "CWE-318",
                    "source_name": "cwe",
                    "url": "http://cwe.mitre.org/data/definitions/318.html"
                },
                {
                    "external_id": "CWE-693",
                    "source_name": "cwe",
                    "url": "http://cwe.mitre.org/data/definitions/693.html"
                }
            ],
            "id": "attack-pattern--3147f1c9-3043-40ca-ad42-c1be938820a4",
            "modified": "2021-10-21T00:00:00.000Z",
            "name": "Sniff Application Code",
            "object_marking_refs": [
                "marking-definition--17d82bb2-eeeb-4898-bda5-3ddbcd2b799d"
            ],
            "type": "attack-pattern",
            "x_capec_abstraction": "Detailed",
            "x_capec_can_precede_refs": [
                "attack-pattern--55ce63d0-6143-4b95-b70c-87c5b60aafa8"
            ],
            "x_capec_child_of_refs": [
                "attack-pattern--bdcdc784-d891-4ca8-847b-38ddca37a6ec"
            ],
            "x_capec_consequences": {
                "Access_Control": [
                    "Gain Privileges"
                ],
                "Authorization": [
                    "Gain Privileges"
                ],
                "Confidentiality": [
                    "Read Data",
                    "Gain Privileges"
                ]
            },
            "x_capec_example_instances": [
                "Attacker receives notification that the computer/OS/application has an available update, loads a network sniffing tool, and extracts update data from subsequent communication. The attacker then proceeds to reverse engineer the captured stream to gain sensitive information, such as encryption keys, validation algorithms, applications patches, etc..",
                "Plain code, such as applets or JavaScript, is also part of the executing application. If such code is transmitted unprotected, the attacker can capture the code and possibly reverse engineer it to gain sensitive information, such as encryption keys, validation algorithms and such."
            ],
            "x_capec_execution_flow": "<h2> Execution Flow </h2><div><h3>Explore</h3><ol><li> <p> <b>Set up a sniffer: </b>The adversary sets up a sniffer in the path between the server and the client and watches the traffic.</p></li><table><tbody><tr><th>Techniques</th></tr><tr><td>The adversary sets up a sniffer in the path between the server and the client.</td></tr></tbody></table></ol></div><div><h3>Exploit</h3><ol><li> <p>[Capturing Application Code Bound During Patching]adversary knows that the computer/OS/application can request new applications to install, or it periodically checks for an available update. The adversary loads the sniffer set up during Explore phase, and extracts the application code from subsequent communication. The adversary then proceeds to reverse engineer the captured code.</p></li><table><tbody><tr><th>Techniques</th></tr><tr><td>adversary loads the sniffer to capture the application code bound during a dynamic update.</td></tr><tr><td>The adversary proceeds to reverse engineer the captured code.</td></tr></tbody></table></ol></div>",
            "x_capec_likelihood_of_attack": "Low",
            "x_capec_prerequisites": [
                "The attacker must have the ability to place themself in the communication path between the client and server.",
                "The targeted application must receive some application code from the server; for example, dynamic updates, patches, applets or scripts.",
                "The attacker must be able to employ a sniffer on the network without being detected."
            ],
            "x_capec_resources_required": [
                "\n               <xhtml:p>The Attacker needs the ability to capture communications between the client being updated and the server providing the update.</xhtml:p>\n               <xhtml:p>In the case that encryption obscures client/server communication the attacker will either need to lift key material from the client.</xhtml:p>\n            "
            ],
            "x_capec_skills_required": {
                "Medium": "The attacker needs to setup a sniffer for a sufficient period of time so as to capture meaningful quantities of code. The presence of the sniffer should not be detected on the network. Also if the attacker plans to employ an adversary-in-the-middle attack (CAPEC-94), the client or server must not realize this. Finally, the attacker needs to regenerate source code from binary code if the need be."
            },
            "x_capec_status": "Draft",
            "x_capec_typical_severity": "High",
            "x_capec_version": "3.6"
        }
    ],
    "spec_version": "2.0",
    "type": "bundle"
}