{
    "id": "bundle--61d6cd3c-920b-41c3-91fa-771e7cc69e37",
    "objects": [
        {
            "created": "2014-06-23T00:00:00.000Z",
            "created_by_ref": "identity--e50ab59c-5c4f-4d40-bf6a-d58418d89bcd",
            "description": "This attack pattern has been deprecated. Please refer to CAPEC:30 - Hijacking a Privileged Thread of Execution.",
            "external_references": [
                {
                    "external_id": "CAPEC-235",
                    "source_name": "capec",
                    "url": "https://capec.mitre.org/data/definitions/235.html"
                }
            ],
            "id": "attack-pattern--19f01fde-7707-4938-afb5-daa22bf8c93f",
            "modified": "2018-07-31T00:00:00.000Z",
            "name": "DEPRECATED: Implementing a callback to system routine (old AWT Queue)",
            "object_marking_refs": [
                "marking-definition--17d82bb2-eeeb-4898-bda5-3ddbcd2b799d"
            ],
            "type": "attack-pattern",
            "x_capec_abstraction": "Detailed",
            "x_capec_status": "Deprecated",
            "x_capec_version": "3.6"
        }
    ],
    "spec_version": "2.0",
    "type": "bundle"
}