{
    "id": "bundle--5908ce67-a6bc-437f-bc44-4426f3eb4dd1",
    "objects": [
        {
            "created": "2014-06-23T00:00:00.000Z",
            "created_by_ref": "identity--e50ab59c-5c4f-4d40-bf6a-d58418d89bcd",
            "description": "This attack utilizes the frequent client-server roundtrips in Ajax conversation to scan a system. While Ajax does not open up new vulnerabilities per se, it does optimize them from an attacker point of view. A common first step for an attacker is to footprint the target environment to understand what attacks will work. Since footprinting relies on enumeration, the conversational pattern of rapid, multiple requests and responses that are typical in Ajax applications enable an attacker to look for many vulnerabilities, well-known ports, network locations and so on. The knowledge gained through Ajax fingerprinting can be used to support other attacks, such as XSS.",
            "external_references": [
                {
                    "external_id": "CAPEC-85",
                    "source_name": "capec",
                    "url": "https://capec.mitre.org/data/definitions/85.html"
                },
                {
                    "external_id": "CWE-79",
                    "source_name": "cwe",
                    "url": "http://cwe.mitre.org/data/definitions/79.html"
                },
                {
                    "external_id": "CWE-113",
                    "source_name": "cwe",
                    "url": "http://cwe.mitre.org/data/definitions/113.html"
                },
                {
                    "external_id": "CWE-348",
                    "source_name": "cwe",
                    "url": "http://cwe.mitre.org/data/definitions/348.html"
                },
                {
                    "external_id": "CWE-96",
                    "source_name": "cwe",
                    "url": "http://cwe.mitre.org/data/definitions/96.html"
                },
                {
                    "external_id": "CWE-20",
                    "source_name": "cwe",
                    "url": "http://cwe.mitre.org/data/definitions/20.html"
                },
                {
                    "external_id": "CWE-116",
                    "source_name": "cwe",
                    "url": "http://cwe.mitre.org/data/definitions/116.html"
                },
                {
                    "external_id": "CWE-184",
                    "source_name": "cwe",
                    "url": "http://cwe.mitre.org/data/definitions/184.html"
                },
                {
                    "external_id": "CWE-86",
                    "source_name": "cwe",
                    "url": "http://cwe.mitre.org/data/definitions/86.html"
                },
                {
                    "external_id": "CWE-692",
                    "source_name": "cwe",
                    "url": "http://cwe.mitre.org/data/definitions/692.html"
                },
                {
                    "description": "Shreeraj Shah, Ajax fingerprinting for Web 2.0 Applications, Help Net Security",
                    "external_id": "REF-539",
                    "source_name": "reference_from_CAPEC",
                    "url": "https://www.helpnetsecurity.com/dl/articles/Ajax_fingerprinting.pdf"
                }
            ],
            "id": "attack-pattern--94208f8a-f779-4be5-a97b-d9ab781a3f5e",
            "modified": "2021-06-24T00:00:00.000Z",
            "name": "AJAX Footprinting",
            "object_marking_refs": [
                "marking-definition--17d82bb2-eeeb-4898-bda5-3ddbcd2b799d"
            ],
            "type": "attack-pattern",
            "x_capec_abstraction": "Detailed",
            "x_capec_can_precede_refs": [
                "attack-pattern--70b83583-ffe3-4e6d-b4a6-61a9b9efc346"
            ],
            "x_capec_child_of_refs": [
                "attack-pattern--22a65c6a-9498-4e7f-a03a-030ab1c907dc"
            ],
            "x_capec_consequences": {
                "Confidentiality": [
                    "Read Data"
                ]
            },
            "x_capec_example_instances": [
                "Footprinting can be executed over almost any protocol including HTTP, TCP, UDP, and ICMP, with the general goal of gaining further information about a host environment to launch further attacks. The attacker can probe the system for banners, vulnerabilities, filenames, available services, and in short anything the host process has access to. The results of the probe are either used to execute javascript (for example, if the attackers' footprint script identifies a vulnerability in a firewall permission, then the client side script executes a javascript to change client firewall settings, or an attacker may simply echo the results of the scan back out to a remote host for targeting future attacks) or to inform other data gathering activities in order to craft atta."
            ],
            "x_capec_execution_flow": "<h2> Execution Flow </h2><div><h3>Explore</h3><ol><li> <p> <b>Send requests to the server and analyze responses: </b>Using a browser or an automated tool, an attacker sends requests to a website and then captures the responses. Responses are analyzed for information on frameworks, architecture, and dependencies.</p></li><table><tbody><tr><th>Techniques</th></tr><tr><td>Use a browser to manually request pages and view the responses. Manually parse responses to find information on dependencies and underlying architecture</td></tr><tr><td>Use automated scripting to send one or multiple requests to a server and capture any responses. Parse responses from the server to identify any tags that may provide information about dependencies and underlying architecture.</td></tr></tbody></table></ol></div>",
            "x_capec_likelihood_of_attack": "High",
            "x_capec_prerequisites": [
                "The user must allow JavaScript to execute in their browser"
            ],
            "x_capec_resources_required": [
                "None: No specialized resources are required to execute this type of attack."
            ],
            "x_capec_skills_required": {
                "Medium": "To land and launch a script on victim's machine with appropriate footprinting logic for enumerating services and vulnerabilities in JavaScript"
            },
            "x_capec_status": "Draft",
            "x_capec_typical_severity": "Low",
            "x_capec_version": "3.6"
        }
    ],
    "spec_version": "2.0",
    "type": "bundle"
}