{
    "id": "bundle--c953e624-ccd2-454f-aeb0-0cd7c8de133a",
    "objects": [
        {
            "created": "2014-06-23T00:00:00.000Z",
            "created_by_ref": "identity--e50ab59c-5c4f-4d40-bf6a-d58418d89bcd",
            "description": "If a string is passed through a filter of some kind, then a terminal NULL may not be valid. Using alternate representation of NULL allows an attacker to embed the NULL mid-string while postfixing the proper data so that the filter is avoided. One example is a filter that looks for a trailing slash character. If a string insertion is possible, but the slash must exist, an alternate encoding of NULL in mid-string may be used.",
            "external_references": [
                {
                    "external_id": "CAPEC-53",
                    "source_name": "capec",
                    "url": "https://capec.mitre.org/data/definitions/53.html"
                },
                {
                    "external_id": "CWE-158",
                    "source_name": "cwe",
                    "url": "http://cwe.mitre.org/data/definitions/158.html"
                },
                {
                    "external_id": "CWE-172",
                    "source_name": "cwe",
                    "url": "http://cwe.mitre.org/data/definitions/172.html"
                },
                {
                    "external_id": "CWE-173",
                    "source_name": "cwe",
                    "url": "http://cwe.mitre.org/data/definitions/173.html"
                },
                {
                    "external_id": "CWE-74",
                    "source_name": "cwe",
                    "url": "http://cwe.mitre.org/data/definitions/74.html"
                },
                {
                    "external_id": "CWE-20",
                    "source_name": "cwe",
                    "url": "http://cwe.mitre.org/data/definitions/20.html"
                },
                {
                    "external_id": "CWE-697",
                    "source_name": "cwe",
                    "url": "http://cwe.mitre.org/data/definitions/697.html"
                },
                {
                    "external_id": "CWE-707",
                    "source_name": "cwe",
                    "url": "http://cwe.mitre.org/data/definitions/707.html"
                },
                {
                    "description": "G. Hoglund, G. McGraw, Exploiting Software: How to Break Code, 2004--02, Addison-Wesley",
                    "external_id": "REF-1",
                    "source_name": "reference_from_CAPEC"
                }
            ],
            "id": "attack-pattern--abcb5f5a-ead2-47e3-b3cf-1e493ca049e9",
            "modified": "2021-06-24T00:00:00.000Z",
            "name": "Postfix, Null Terminate, and Backslash",
            "object_marking_refs": [
                "marking-definition--17d82bb2-eeeb-4898-bda5-3ddbcd2b799d"
            ],
            "type": "attack-pattern",
            "x_capec_abstraction": "Detailed",
            "x_capec_child_of_refs": [
                "attack-pattern--a1af7c24-25cb-46e5-a27b-ed316e1f91ce"
            ],
            "x_capec_consequences": {
                "Access_Control": [
                    "Gain Privileges"
                ],
                "Authorization": [
                    "Gain Privileges"
                ],
                "Confidentiality": [
                    "Read Data",
                    "Gain Privileges"
                ],
                "Integrity": [
                    "Modify Data"
                ]
            },
            "x_capec_example_instances": [
                "\n               <xhtml:p>A rather simple injection is possible in a URL:</xhtml:p>\n               <xhtml:div style=\"margin-left:10px;\" class=\"informative\">http://getAccessHostname/sekbin/helpwin.gas.bat?mode=&draw=x&file=x&module=&locale=[insert relative path here][%00][%5C]&chapter=</xhtml:div>\n               <xhtml:p>This attack has appeared with regularity in the wild. There are many variations of this kind of attack. Spending a short amount of time injecting against Web applications will usually result in a new exploit being discovered.</xhtml:p>\n            "
            ],
            "x_capec_execution_flow": "<h2> Execution Flow </h2><div><h3>Experiment</h3><ol><li> <p>An attacker first probes to figure out what restrictions on input are placed by filter, such as a specific characters on the end of the URL.</p></li></ol></div><div><h3>Exploit</h3><ol><li> <p>The attacker then injects a string of their choosing with a null terminator (using an alternate encoding such as %00), followed by a backslash (%5C), followed by some additional characters that are required to keep the filter happy</p></li><li> <p>\n                  <xhtml:p>The malicious string then passes through the filter and passed to the underlying API. Everything after the null terminator is ignored. This may give an attacker the opportunity to access file system resources to which they should not have access and do other things.</xhtml:p>\n                  <xhtml:p>Some popular forms in which this takes place:</xhtml:p>\n                  <xhtml:div style=\"margin-left:10px;\" class=\"informative\">PATH%00%5CPATH[0x00][0x5C]PATH[alternate encoding of the NULL][additional characters required to pass filter]</xhtml:div>\n               </p></li></ol></div>",
            "x_capec_likelihood_of_attack": "High",
            "x_capec_prerequisites": [
                "Null terminators are not properly handled by the filter."
            ],
            "x_capec_skills_required": {
                "Medium": "An attacker needs to understand alternate encodings, what the filter looks for and the data format acceptable to the target API"
            },
            "x_capec_status": "Draft",
            "x_capec_typical_severity": "High",
            "x_capec_version": "3.6"
        }
    ],
    "spec_version": "2.0",
    "type": "bundle"
}