{
    "id": "bundle--e6ea934c-da2d-439c-9901-c7c3670354e0",
    "objects": [
        {
            "created": "2014-06-23T00:00:00.000Z",
            "created_by_ref": "identity--e50ab59c-5c4f-4d40-bf6a-d58418d89bcd",
            "description": "An adversary manipulates a web service related protocol to cause a web application or service to react differently than intended. This can either be performed through the manipulation of call parameters to include unexpected values, or by changing the called function to one that should normally be restricted or limited. By leveraging this pattern of attack, the adversary is able to gain access to data or resources normally restricted, or to cause the application or service to crash.",
            "external_references": [
                {
                    "external_id": "CAPEC-278",
                    "source_name": "capec",
                    "url": "https://capec.mitre.org/data/definitions/278.html"
                },
                {
                    "external_id": "CWE-707",
                    "source_name": "cwe",
                    "url": "http://cwe.mitre.org/data/definitions/707.html"
                }
            ],
            "id": "attack-pattern--b6f5248a-346f-484f-8091-8ab84288aa81",
            "modified": "2019-04-04T00:00:00.000Z",
            "name": "Web Services Protocol Manipulation",
            "object_marking_refs": [
                "marking-definition--17d82bb2-eeeb-4898-bda5-3ddbcd2b799d"
            ],
            "type": "attack-pattern",
            "x_capec_abstraction": "Standard",
            "x_capec_child_of_refs": [
                "attack-pattern--2166d3c5-baec-4f42-8284-c1b5b649ad34"
            ],
            "x_capec_parent_of_refs": [
                "attack-pattern--d9717514-c621-49cd-b8e1-fd7cc1daa8d1",
                "attack-pattern--ee525a27-de33-45e9-ba7f-f63562001a5b",
                "attack-pattern--8e3a14fd-870a-4286-866d-805107c7d922"
            ],
            "x_capec_prerequisites": [
                "The targeted application or service must rely on web service protocols in such a way that malicious manipulation of them can alter functionality."
            ],
            "x_capec_resources_required": [
                "The attacker must be able to manipulate the communications to the targeted application or service."
            ],
            "x_capec_status": "Draft",
            "x_capec_version": "3.6"
        }
    ],
    "spec_version": "2.0",
    "type": "bundle"
}