{
    "id": "bundle--5f845f5d-c68e-4940-9c9a-94ec85153e3f",
    "objects": [
        {
            "created": "2014-06-23T00:00:00.000Z",
            "created_by_ref": "identity--e50ab59c-5c4f-4d40-bf6a-d58418d89bcd",
            "description": "This attack pattern involves causing a buffer overflow through manipulation of environment variables. Once the attacker finds that they can modify an environment variable, they may try to overflow associated buffers. This attack leverages implicit trust often placed in environment variables.",
            "external_references": [
                {
                    "external_id": "CAPEC-10",
                    "source_name": "capec",
                    "url": "https://capec.mitre.org/data/definitions/10.html"
                },
                {
                    "external_id": "CWE-120",
                    "source_name": "cwe",
                    "url": "http://cwe.mitre.org/data/definitions/120.html"
                },
                {
                    "external_id": "CWE-302",
                    "source_name": "cwe",
                    "url": "http://cwe.mitre.org/data/definitions/302.html"
                },
                {
                    "external_id": "CWE-118",
                    "source_name": "cwe",
                    "url": "http://cwe.mitre.org/data/definitions/118.html"
                },
                {
                    "external_id": "CWE-119",
                    "source_name": "cwe",
                    "url": "http://cwe.mitre.org/data/definitions/119.html"
                },
                {
                    "external_id": "CWE-74",
                    "source_name": "cwe",
                    "url": "http://cwe.mitre.org/data/definitions/74.html"
                },
                {
                    "external_id": "CWE-99",
                    "source_name": "cwe",
                    "url": "http://cwe.mitre.org/data/definitions/99.html"
                },
                {
                    "external_id": "CWE-20",
                    "source_name": "cwe",
                    "url": "http://cwe.mitre.org/data/definitions/20.html"
                },
                {
                    "external_id": "CWE-680",
                    "source_name": "cwe",
                    "url": "http://cwe.mitre.org/data/definitions/680.html"
                },
                {
                    "external_id": "CWE-733",
                    "source_name": "cwe",
                    "url": "http://cwe.mitre.org/data/definitions/733.html"
                },
                {
                    "external_id": "CWE-697",
                    "source_name": "cwe",
                    "url": "http://cwe.mitre.org/data/definitions/697.html"
                },
                {
                    "description": "Buffer Overflow via Environment Variables",
                    "source_name": "OWASP Attacks",
                    "url": "https://owasp.org/www-community/attacks/Buffer_Overflow_via_Environment_Variables"
                },
                {
                    "description": "G. Hoglund, G. McGraw, Exploiting Software: How to Break Code, 2004--02, Addison-Wesley",
                    "external_id": "REF-1",
                    "source_name": "reference_from_CAPEC"
                },
                {
                    "description": "Sharefuzz",
                    "external_id": "REF-2",
                    "source_name": "reference_from_CAPEC",
                    "url": "http://sharefuzz.sourceforge.net"
                }
            ],
            "id": "attack-pattern--4a29d66d-8617-4382-b456-578ecdb1609e",
            "modified": "2021-10-21T00:00:00.000Z",
            "name": "Buffer Overflow via Environment Variables",
            "object_marking_refs": [
                "marking-definition--17d82bb2-eeeb-4898-bda5-3ddbcd2b799d"
            ],
            "type": "attack-pattern",
            "x_capec_abstraction": "Detailed",
            "x_capec_can_follow_refs": [
                "attack-pattern--ca989a50-b24e-4917-a234-ce4788fa21c7"
            ],
            "x_capec_child_of_refs": [
                "attack-pattern--77e51461-7843-411c-a90e-852498957f76"
            ],
            "x_capec_consequences": {
                "Access_Control": [
                    "Gain Privileges"
                ],
                "Authorization": [
                    "Gain Privileges"
                ],
                "Availability": [
                    "Unreliable Execution",
                    "Execute Unauthorized Commands (Run Arbitrary Code)"
                ],
                "Confidentiality": [
                    "Execute Unauthorized Commands (Run Arbitrary Code)",
                    "Read Data",
                    "Gain Privileges"
                ],
                "Integrity": [
                    "Execute Unauthorized Commands (Run Arbitrary Code)",
                    "Modify Data"
                ]
            },
            "x_capec_example_instances": [
                "\n               <xhtml:div style=\"color:#32498D; font-weight:bold;\">Attack Example: Buffer Overflow in $HOME</xhtml:div>\n               <xhtml:p>A buffer overflow in sccw allows local users to gain root access via the $HOME environmental variable.</xhtml:p>See also: CVE-1999-0906",
                "\n               <xhtml:div style=\"color:#32498D; font-weight:bold;\">Attack Example: Buffer Overflow in TERM</xhtml:div>\n               <xhtml:p>A buffer overflow in the rlogin program involves its consumption of the TERM environmental variable.</xhtml:p>See also: CVE-1999-0046"
            ],
            "x_capec_execution_flow": "<h2> Execution Flow </h2><div><h3>Explore</h3><ol><li> <p> <b>Identify target application: </b>The adversary identifies a target application or program to perform the buffer overflow on. In this attack the adversary looks for an application that loads the content of an environment variable into a buffer.</p></li></ol></div><div><h3>Experiment</h3><ol><li> <p> <b>Find injection vector: </b>The adversary identifies an injection vector to deliver the excessive content to the targeted application's buffer.</p></li><table><tbody><tr><th>Techniques</th></tr><tr><td>Change the values of environment variables thought to be used by the application to contain excessive data. If the program is loading the value of the environment variable into a buffer, this could cause a crash and an attack vector will be found.</td></tr></tbody></table><li> <p> <b>Craft overflow content: </b>The adversary crafts the content to be injected. If the intent is to simply cause the software to crash, the content need only consist of an excessive quantity of random data. If the intent is to leverage the overflow for execution of arbitrary code, the adversary crafts the payload in such a way that the overwritten return address is replaced with one of the adversary's choosing.</p></li><table><tbody><tr><th>Techniques</th></tr><tr><td>Create malicious shellcode that will execute when the program execution is returned to it.</td></tr><tr><td>Use a NOP-sled in the overflow content to more easily \"slide\" into the malicious code. This is done so that the exact return address need not be correct, only in the range of all of the NOPs</td></tr></tbody></table></ol></div><div><h3>Exploit</h3><ol><li> <p> <b>Overflow the buffer: </b>Using the injection vector, the adversary injects the crafted overflow content into the buffer.</p></li></ol></div>",
            "x_capec_extended_description": "Although the focus of this attack is putting excessive content into an environment variable that is loaded into a buffer, environment variables can be used to assist a classic buffer overflow attack as well. In the case where the buffer used in a traditional buffer overflow attack is not large enough to store the adversary's shell code, they will store the shell code in an environment variable and attempt to return to its address, rather than back into the data they wrote to the buffer.",
            "x_capec_likelihood_of_attack": "High",
            "x_capec_prerequisites": [
                "The application uses environment variables.",
                "An environment variable exposed to the user is vulnerable to a buffer overflow.",
                "The vulnerable environment variable uses untrusted data.",
                "Tainted data used in the environment variables is not properly validated. For instance boundary checking is not done before copying the input data to a buffer."
            ],
            "x_capec_skills_required": {
                "High": "Exploiting a buffer overflow to inject malicious code into the stack of a software system or even the heap can require a higher skill level.",
                "Low": "An attacker can simply overflow a buffer by inserting a long string into an attacker-modifiable injection vector. The result can be a DoS."
            },
            "x_capec_status": "Draft",
            "x_capec_typical_severity": "High",
            "x_capec_version": "3.6"
        }
    ],
    "spec_version": "2.0",
    "type": "bundle"
}