{
    "id": "bundle--4ec25651-c557-48a1-8fdf-f4fdfc5dd7a4",
    "objects": [
        {
            "created": "2014-06-23T00:00:00.000Z",
            "created_by_ref": "identity--e50ab59c-5c4f-4d40-bf6a-d58418d89bcd",
            "description": "The attacker bypasses input validation by using doubled characters in order to perform a cross-site scripting attack. Some filters fail to recognize dangerous sequences if they are preceded by repeated characters. For example, by doubling the < before a script command, (<<script or %3C%3script using URI encoding) the filters of some web applications may fail to recognize the presence of a script tag. If the targeted server is vulnerable to this type of bypass, the attacker can create a crafted URL or other trap to cause a victim to view a page on the targeted server where the malicious content is executed, as per a normal XSS attack.",
            "external_references": [
                {
                    "external_id": "CAPEC-245",
                    "source_name": "capec",
                    "url": "https://capec.mitre.org/data/definitions/245.html"
                },
                {
                    "external_id": "CWE-85",
                    "source_name": "cwe",
                    "url": "http://cwe.mitre.org/data/definitions/85.html"
                },
                {
                    "description": "Matteo Carli, XSS and CSRF vulnerability on Cpanel, Symantec Connect, 2008--05---09, SecurityFocus",
                    "external_id": "REF-99",
                    "source_name": "reference_from_CAPEC",
                    "url": "http://www.securityfocus.com/archive/1/archive/1/491864/100/0/threaded"
                }
            ],
            "id": "attack-pattern--66b042e0-f88f-4aa5-9d87-1e71a4b3dcd8",
            "modified": "2017-05-01T00:00:00.000Z",
            "name": "XSS Using Doubled Characters",
            "object_marking_refs": [
                "marking-definition--17d82bb2-eeeb-4898-bda5-3ddbcd2b799d"
            ],
            "type": "attack-pattern",
            "x_capec_abstraction": "Detailed",
            "x_capec_child_of_refs": [
                "attack-pattern--61b17787-fe92-427c-9e6a-6311997d7b2a",
                "attack-pattern--800f8095-99b6-4bb9-8bc6-8b9727201a2f",
                "attack-pattern--b1eef783-daae-494c-a418-cd9ada7cbe8b"
            ],
            "x_capec_prerequisites": [
                "The targeted web application does not fully normalize input before checking for prohibited syntax. In particular, it must fail to recognize prohibited methods preceded by certain sequences of repeated characters."
            ],
            "x_capec_resources_required": [
                "The attacker must trick the victim into following a crafted link to a vulnerable server or view a web post where the dangerous commands are executed."
            ],
            "x_capec_status": "Draft",
            "x_capec_typical_severity": "Medium",
            "x_capec_version": "3.6"
        }
    ],
    "spec_version": "2.0",
    "type": "bundle"
}