{
    "id": "bundle--476a39e2-bc4f-4aa4-9e31-0f72b2098f3c",
    "objects": [
        {
            "created": "2014-06-23T00:00:00.000Z",
            "created_by_ref": "identity--e50ab59c-5c4f-4d40-bf6a-d58418d89bcd",
            "description": "An attacker crafts malicious web links and distributes them (via web pages, email, etc.), typically in a targeted manner, hoping to induce users to click on the link and execute the malicious action against some third-party application. If successful, the action embedded in the malicious link will be processed and accepted by the targeted application with the users' privilege level. This type of attack leverages the persistence and implicit trust placed in user session cookies by many web applications today. In such an architecture, once the user authenticates to an application and a session cookie is created on the user's system, all following transactions for that session are authenticated using that cookie including potential actions initiated by an attacker and simply \"riding\" the existing session cookie.",
            "external_references": [
                {
                    "external_id": "CAPEC-62",
                    "source_name": "capec",
                    "url": "https://capec.mitre.org/data/definitions/62.html"
                },
                {
                    "external_id": "CWE-352",
                    "source_name": "cwe",
                    "url": "http://cwe.mitre.org/data/definitions/352.html"
                },
                {
                    "external_id": "CWE-306",
                    "source_name": "cwe",
                    "url": "http://cwe.mitre.org/data/definitions/306.html"
                },
                {
                    "external_id": "CWE-664",
                    "source_name": "cwe",
                    "url": "http://cwe.mitre.org/data/definitions/664.html"
                },
                {
                    "external_id": "CWE-732",
                    "source_name": "cwe",
                    "url": "http://cwe.mitre.org/data/definitions/732.html"
                },
                {
                    "external_id": "CWE-1275",
                    "source_name": "cwe",
                    "url": "http://cwe.mitre.org/data/definitions/1275.html"
                },
                {
                    "description": "Cross-Site Request Forgery",
                    "external_id": "09",
                    "source_name": "WASC",
                    "url": "http://projects.webappsec.org/Cross-Site-Request-Forgery"
                },
                {
                    "description": "Cross Site Request Forgery (CSRF)",
                    "source_name": "OWASP Attacks",
                    "url": "https://owasp.org/www-community/attacks/csrf"
                },
                {
                    "description": "Thomas Schreiber, Session Riding: A Widespread Vulnerability in Today's Web Applications, SecureNet GmbH",
                    "external_id": "REF-62",
                    "source_name": "reference_from_CAPEC",
                    "url": "https://crypto.stanford.edu/cs155old/cs155-spring08/papers/Session_Riding.pdf"
                },
                {
                    "description": "OWASP Web Security Testing Guide, The Open Web Application Security Project (OWASP)",
                    "external_id": "REF-602",
                    "source_name": "reference_from_CAPEC",
                    "url": "https://owasp.org/www-project-web-security-testing-guide/latest/4-Web_Application_Security_Testing/06-Session_Management_Testing/05-Testing_for_Cross_Site_Request_Forgery.html"
                }
            ],
            "id": "attack-pattern--0939f361-ea31-454b-ae3d-4af2411b756d",
            "modified": "2021-06-24T00:00:00.000Z",
            "name": "Cross Site Request Forgery",
            "object_marking_refs": [
                "marking-definition--17d82bb2-eeeb-4898-bda5-3ddbcd2b799d"
            ],
            "type": "attack-pattern",
            "x_capec_abstraction": "Standard",
            "x_capec_alternate_terms": [
                "Session Riding"
            ],
            "x_capec_child_of_refs": [
                "attack-pattern--2351ee64-dd85-4bc3-bb43-aaa2ca5c1228"
            ],
            "x_capec_consequences": {
                "Access_Control": [
                    "Gain Privileges"
                ],
                "Authorization": [
                    "Gain Privileges"
                ],
                "Confidentiality": [
                    "Gain Privileges",
                    "Read Data"
                ],
                "Integrity": [
                    "Modify Data"
                ]
            },
            "x_capec_example_instances": [
                "\n               <xhtml:p>While a user is logged into their bank account, an attacker can send an email with some potentially interesting content and require the user to click on a link in the email.</xhtml:p>\n               <xhtml:p>The link points to or contains an attacker setup script, probably even within an iFrame, that mimics an actual user form submission to perform a malicious activity, such as transferring funds from the victim's account.</xhtml:p>\n               <xhtml:p>The attacker can have the script embedded in, or targeted by, the link perform any arbitrary action as the authenticated user. When this script is executed, the targeted application authenticates and accepts the actions based on the victims existing session cookie.</xhtml:p>See also: Cross-site request forgery (CSRF) vulnerability in util.pl in @Mail WebMail 4.51 allows remote attackers to modify arbitrary settings and perform unauthorized actions as an arbitrary user, as demonstrated using a settings action in the SRC attribute of an IMG element in an HTML e-mail."
            ],
            "x_capec_execution_flow": "<h2> Execution Flow </h2><div><h3>Explore</h3><ol><li> <p> <b>Explore target website: </b>The attacker first explores the target website to determine pieces of functionality that are of interest to them (e.g. money transfers). The attacker will need a legitimate user account on the target website. It would help to have two accounts.</p></li><table><tbody><tr><th>Techniques</th></tr><tr><td>Use web application debugging tool such as WebScarab, Tamper Data or TamperIE to analyze the information exchanged between the client and the server</td></tr><tr><td>Use network sniffing tool such as Wireshark to analyze the information exchanged between the client and the server</td></tr><tr><td>View HTML source of web pages that contain links or buttons that perform actions of interest.</td></tr></tbody></table></ol></div><div><h3>Experiment</h3><ol><li> <p> <b>Create a link that when clicked on, will execute the interesting functionality.: </b>The attacker needs to create a link that will execute some interesting functionality such as transfer money, change a password, etc.</p></li><table><tbody><tr><th>Techniques</th></tr><tr><td>Create a GET request containing all required parameters (e.g. https://www.somebank.com/members/transfer.asp?to=012345678901&amt=10000)</td></tr><tr><td>Create a form that will submit a POST request (e.g. <form method=\"POST\" action=\"https://www.somebank.com/members/transfer.asp\"><input type=\"hidden\" Name=\"to\" value=\"012345678901\"/><input type=\"hidden\" Name=\"amt\" value=\"10000\"/><input type=\"submit\" src=\"clickhere.jpg\"/></form></td></tr></tbody></table></ol></div><div><h3>Exploit</h3><ol><li> <p> <b>Convince user to click on link: </b>Finally, the attacker needs to convince a user that is logged into the target website to click on a link to execute the CSRF attack.</p></li><table><tbody><tr><th>Techniques</th></tr><tr><td>Execute a phishing attack and send the user an e-mail convincing them to click on a link.</td></tr><tr><td>Execute a stored XSS attack on a website to permanently embed the malicious link into the website.</td></tr><tr><td>Execute a stored XSS attack on a website where an XMLHTTPRequest object will automatically execute the attack as soon as a user visits the page. This removes the step of convincing a user to click on a link.</td></tr><tr><td>Include the malicious link on the attackers' own website where the user may have to click on the link, or where an XMLHTTPRequest object may automatically execute the attack when a user visits the site.</td></tr></tbody></table></ol></div>",
            "x_capec_likelihood_of_attack": "High",
            "x_capec_parent_of_refs": [
                "attack-pattern--c50d5a35-0010-422d-b6f7-d4b963c9bad4"
            ],
            "x_capec_resources_required": [
                "All the attacker needs is the exact representation of requests to be made to the application and to be able to get the malicious link across to a victim."
            ],
            "x_capec_skills_required": {
                "Medium": "The attacker needs to figure out the exact invocation of the targeted malicious action and then craft a link that performs the said action. Having the user click on such a link is often accomplished by sending an email or posting such a link to a bulletin board or the likes."
            },
            "x_capec_status": "Draft",
            "x_capec_typical_severity": "Very High",
            "x_capec_version": "3.6"
        }
    ],
    "spec_version": "2.0",
    "type": "bundle"
}