{
    "id": "bundle--92093e47-6326-498c-aeb5-8d259a9d9362",
    "objects": [
        {
            "created": "2014-06-23T00:00:00.000Z",
            "created_by_ref": "identity--e50ab59c-5c4f-4d40-bf6a-d58418d89bcd",
            "description": "This attack pattern has been deprecated as it a generalization of CAPEC-230: XML Nested Payloads, CAPEC-231: XML Oversized Payloads, and CAPEC-147: XML Ping of Death. Please refer to these CAPECs going forward.",
            "external_references": [
                {
                    "external_id": "CAPEC-82",
                    "source_name": "capec",
                    "url": "https://capec.mitre.org/data/definitions/82.html"
                }
            ],
            "id": "attack-pattern--498a90d8-abbe-4fa9-8b19-549daa1c24ee",
            "modified": "2019-09-30T00:00:00.000Z",
            "name": "DEPRECATED: Violating Implicit Assumptions Regarding XML Content (aka XML Denial of Service (XDoS))",
            "object_marking_refs": [
                "marking-definition--17d82bb2-eeeb-4898-bda5-3ddbcd2b799d"
            ],
            "type": "attack-pattern",
            "x_capec_abstraction": "Standard",
            "x_capec_status": "Deprecated",
            "x_capec_version": "3.6"
        }
    ],
    "spec_version": "2.0",
    "type": "bundle"
}