{
    "id": "bundle--d0a952f1-a875-46bb-8dff-e262c8bd1ced",
    "objects": [
        {
            "created": "2014-06-23T00:00:00.000Z",
            "created_by_ref": "identity--e50ab59c-5c4f-4d40-bf6a-d58418d89bcd",
            "description": "An adversary scans for RPC services listing on a Unix/Linux host. This type of scan can be obtained via native operating system utilities or via port scanners like nmap. When performed by a scanner, an RPC datagram is sent to a list of UDP ports and the response is recorded. Particular types of responses can be indicative of well-known RPC services running on a UDP port. Direct RPC scans that bypass portmapper/sunrpc are typically slow compare to other scan types, are easily detected by IPS/IDS systems, and can only detect open ports when an RPC service responds. ICMP diagnostic message responses can help identify closed ports, however filtered and unfiltered ports cannot be identified through TCP RPC scans. There are two general approaches to RPC scanning: One is to use a native operating system utility, or script, to query the portmapper/rpcbind application running on port 111. Portmapper will return a list of registered RPC services. Alternately, one can use a port scanner or script to scan for RPC services directly. Discovering RPC services gives the attacker potential targets to attack, as some RPC services are insecure by default.",
            "external_references": [
                {
                    "external_id": "CAPEC-307",
                    "source_name": "capec",
                    "url": "https://capec.mitre.org/data/definitions/307.html"
                },
                {
                    "external_id": "CWE-200",
                    "source_name": "cwe",
                    "url": "http://cwe.mitre.org/data/definitions/200.html"
                },
                {
                    "description": "Stuart McClure, Joel Scambray, George Kurtz, Hacking Exposed: Network Security Secrets & Solutions (6th Edition), 2009, McGraw Hill",
                    "external_id": "REF-33",
                    "source_name": "reference_from_CAPEC"
                },
                {
                    "description": "J. Postel, RFC768 - User Datagram Protocol, 1980--08---28",
                    "external_id": "REF-158",
                    "source_name": "reference_from_CAPEC",
                    "url": "http://www.faqs.org/rfcs/rfc768.html"
                },
                {
                    "description": "Gordon \"Fyodor\" Lyon, Nmap Network Scanning: The Official Nmap Project Guide to Network Discovery and Security Scanning (3rd \"Zero Day\" Edition,), 2008, Insecure.com LLC, ISBN: 978-0-9799587-1-7",
                    "external_id": "REF-34",
                    "source_name": "reference_from_CAPEC"
                },
                {
                    "description": "Gordon \"Fyodor\" Lyon, The Art of Port Scanning (Volume: 7, Issue. 51), Phrack Magazine, 1997",
                    "external_id": "REF-130",
                    "source_name": "reference_from_CAPEC",
                    "url": "http://phrack.org/issues/51/11.html"
                }
            ],
            "id": "attack-pattern--6d2a085c-4a06-4bd2-8998-ba78a4302ab0",
            "modified": "2020-12-17T00:00:00.000Z",
            "name": "TCP RPC Scan",
            "object_marking_refs": [
                "marking-definition--17d82bb2-eeeb-4898-bda5-3ddbcd2b799d"
            ],
            "type": "attack-pattern",
            "x_capec_abstraction": "Detailed",
            "x_capec_child_of_refs": [
                "attack-pattern--9ca34308-a8e4-40b6-becd-3ff95bac628a"
            ],
            "x_capec_consequences": {
                "Access_Control": [
                    "Bypass Protection Mechanism",
                    "Hide Activities"
                ],
                "Authorization": [
                    "Bypass Protection Mechanism",
                    "Hide Activities"
                ],
                "Confidentiality": [
                    "Other",
                    "Bypass Protection Mechanism",
                    "Hide Activities"
                ]
            },
            "x_capec_execution_flow": "<h2> Execution Flow </h2><div><h3>Experiment</h3><ol><li> <p>An adversary sends RCP packets to target ports.</p></li><li> <p>An adversary uses the response from the target to determine which, if any, RPC service is running on that port. Responses will vary based on which RPC service is running.</p></li></ol></div>",
            "x_capec_prerequisites": [
                "RPC scanning requires no special privileges when it is performed via a native system utility."
            ],
            "x_capec_resources_required": [
                "The ability to craft custom RPC datagrams for use during network reconnaissance via native OS utilities or a port scanning tool. By tailoring the bytes injected one can scan for specific RPC-registered services. Depending upon the method used it may be necessary to sniff the network in order to see the response."
            ],
            "x_capec_status": "Stable",
            "x_capec_typical_severity": "Low",
            "x_capec_version": "3.6"
        }
    ],
    "spec_version": "2.0",
    "type": "bundle"
}