{
    "id": "bundle--507be4ad-1ea1-4212-952b-5fe737e4f232",
    "objects": [
        {
            "created": "2015-11-09T00:00:00.000Z",
            "created_by_ref": "identity--e50ab59c-5c4f-4d40-bf6a-d58418d89bcd",
            "description": "An adversary that has previously obtained unauthorized access to certain device resources, uses that access to obtain information such as location and network information.",
            "external_references": [
                {
                    "external_id": "CAPEC-629",
                    "source_name": "capec",
                    "url": "https://capec.mitre.org/data/definitions/629.html"
                },
                {
                    "external_id": "CWE-1290",
                    "source_name": "cwe",
                    "url": "http://cwe.mitre.org/data/definitions/1290.html"
                },
                {
                    "external_id": "CWE-1292",
                    "source_name": "cwe",
                    "url": "http://cwe.mitre.org/data/definitions/1292.html"
                }
            ],
            "id": "attack-pattern--61baa525-b9a3-4474-98d9-7645906e4cc3",
            "modified": "2021-06-24T00:00:00.000Z",
            "name": "Unauthorized Use of Device Resources",
            "object_marking_refs": [
                "marking-definition--17d82bb2-eeeb-4898-bda5-3ddbcd2b799d"
            ],
            "type": "attack-pattern",
            "x_capec_abstraction": "Standard",
            "x_capec_child_of_refs": [
                "attack-pattern--2e2ed1f8-f736-4fc9-83bc-308595fc6e03"
            ],
            "x_capec_skills_required": {
                "High": "Knowledge of the affected system, including what devices are connected to it, as well as knowledge of how to extract information from these devices."
            },
            "x_capec_status": "Draft",
            "x_capec_version": "3.6"
        }
    ],
    "spec_version": "2.0",
    "type": "bundle"
}