{
    "id": "bundle--12d1978d-c52e-43e4-b24d-a9d2e7b2d87b",
    "objects": [
        {
            "created": "2014-06-23T00:00:00.000Z",
            "created_by_ref": "identity--e50ab59c-5c4f-4d40-bf6a-d58418d89bcd",
            "description": "An adversary exploits a weakness in input validation on the target to inject new code into that which is currently executing. This differs from code inclusion in that code inclusion involves the addition or replacement of a reference to a code file, which is subsequently loaded by the target and used as part of the code of some application.",
            "external_references": [
                {
                    "external_id": "CAPEC-242",
                    "source_name": "capec",
                    "url": "https://capec.mitre.org/data/definitions/242.html"
                },
                {
                    "external_id": "CWE-94",
                    "source_name": "cwe",
                    "url": "http://cwe.mitre.org/data/definitions/94.html"
                },
                {
                    "description": "Code Injection",
                    "source_name": "OWASP Attacks",
                    "url": "https://owasp.org/www-community/attacks/Code_Injection"
                },
                {
                    "description": "OWASP Web Security Testing Guide, The Open Web Application Security Project (OWASP)",
                    "external_id": "REF-612",
                    "source_name": "reference_from_CAPEC",
                    "url": "https://owasp.org/www-project-web-security-testing-guide/latest/4-Web_Application_Security_Testing/07-Input_Validation_Testing/11-Testing_for_Code_Injection.html"
                }
            ],
            "id": "attack-pattern--7f0f7de2-bf09-4f60-86bb-6933192b7128",
            "modified": "2020-12-17T00:00:00.000Z",
            "name": "Code Injection",
            "object_marking_refs": [
                "marking-definition--17d82bb2-eeeb-4898-bda5-3ddbcd2b799d"
            ],
            "type": "attack-pattern",
            "x_capec_abstraction": "Meta",
            "x_capec_consequences": {
                "Availability": [
                    "Other (Code Injection attack patterns can result in a wide variety of consequences and negatively affect all three elements of the security triad.)"
                ],
                "Confidentiality": [
                    "Other (Code Injection attack patterns can result in a wide variety of consequences and negatively affect all three elements of the security triad.)"
                ],
                "Integrity": [
                    "Other (Code Injection attack patterns can result in a wide variety of consequences and negatively affect all three elements of the security triad.)"
                ]
            },
            "x_capec_likelihood_of_attack": "High",
            "x_capec_parent_of_refs": [
                "attack-pattern--634aeef0-13a8-449b-afea-332cbc6095bf",
                "attack-pattern--521348c2-b1df-492f-ac83-1f3ffe102046",
                "attack-pattern--30047c4f-cbf1-48ff-906c-3c6d58feb1a1",
                "attack-pattern--581433c0-1d73-4975-80f1-6dcee4761bbc",
                "attack-pattern--70b83583-ffe3-4e6d-b4a6-61a9b9efc346"
            ],
            "x_capec_prerequisites": [
                "The target software does not validate user-controlled input such that the execution of a process may be altered by sending code in through legitimate data channels, using no other mechanism."
            ],
            "x_capec_status": "Stable",
            "x_capec_typical_severity": "High",
            "x_capec_version": "3.6"
        }
    ],
    "spec_version": "2.0",
    "type": "bundle"
}