{
    "id": "bundle--e847d39d-5088-46f8-9807-eb3ebcbe87f3",
    "objects": [
        {
            "created": "2014-06-23T00:00:00.000Z",
            "created_by_ref": "identity--e50ab59c-5c4f-4d40-bf6a-d58418d89bcd",
            "description": "An adversary uses a TCP XMAS scan to determine if ports are closed on the target machine. This scan type is accomplished by sending TCP segments with all possible flags set in the packet header, generating packets that are illegal based on RFC 793. The RFC 793 expected behavior is that any TCP segment with an out-of-state Flag sent to an open port is discarded, whereas segments with out-of-state flags sent to closed ports should be handled with a RST in response. This behavior should allow an attacker to scan for closed ports by sending certain types of rule-breaking packets (out of sync or disallowed by the TCB) and detect closed ports via RST packets. In addition to its relative speed when compared with other types of scans, its major advantage is its ability to scan through stateless firewall or ACL filters. Such filters are configured to block access to ports usually by preventing SYN packets, thus stopping any attempt to 'build' a connection. XMAS packets, like out-of-state FIN or ACK packets, tend to pass through such devices undetected. Because open ports are inferred via no responses being generated, one cannot distinguish an open port from a filtered port without further analysis. For instance, XMAS scanning a system protected by a stateful firewall may indicate all ports being open. Because of their obvious rule-breaking nature, XMAS scans are flagged by almost all intrusion prevention or intrusion detection systems.",
            "external_references": [
                {
                    "external_id": "CAPEC-303",
                    "source_name": "capec",
                    "url": "https://capec.mitre.org/data/definitions/303.html"
                },
                {
                    "external_id": "CWE-200",
                    "source_name": "cwe",
                    "url": "http://cwe.mitre.org/data/definitions/200.html"
                },
                {
                    "description": "Stuart McClure, Joel Scambray, George Kurtz, Hacking Exposed: Network Security Secrets & Solutions (6th Edition), 2009, McGraw Hill",
                    "external_id": "REF-33",
                    "source_name": "reference_from_CAPEC"
                },
                {
                    "description": "Defense Advanced Research Projects Agency Information Processing Techniques Office, Information Sciences Institute University of Southern California, RFC793 - Transmission Control Protocol, 1981--09, Defense Advanced Research Projects Agency (DARPA)",
                    "external_id": "REF-128",
                    "source_name": "reference_from_CAPEC",
                    "url": "http://www.faqs.org/rfcs/rfc793.html"
                },
                {
                    "description": "Gordon \"Fyodor\" Lyon, Nmap Network Scanning: The Official Nmap Project Guide to Network Discovery and Security Scanning (3rd \"Zero Day\" Edition,), 2008, Insecure.com LLC, ISBN: 978-0-9799587-1-7",
                    "external_id": "REF-34",
                    "source_name": "reference_from_CAPEC"
                },
                {
                    "description": "Gordon \"Fyodor\" Lyon, The Art of Port Scanning (Volume: 7, Issue. 51), Phrack Magazine, 1997",
                    "external_id": "REF-130",
                    "source_name": "reference_from_CAPEC",
                    "url": "http://phrack.org/issues/51/11.html"
                }
            ],
            "id": "attack-pattern--16a18e0c-676c-4fac-89c7-6a7ab96666f4",
            "modified": "2020-12-17T00:00:00.000Z",
            "name": "TCP Xmas Scan",
            "object_marking_refs": [
                "marking-definition--17d82bb2-eeeb-4898-bda5-3ddbcd2b799d"
            ],
            "type": "attack-pattern",
            "x_capec_abstraction": "Detailed",
            "x_capec_child_of_refs": [
                "attack-pattern--9ca34308-a8e4-40b6-becd-3ff95bac628a"
            ],
            "x_capec_consequences": {
                "Access_Control": [
                    "Bypass Protection Mechanism",
                    "Hide Activities"
                ],
                "Authorization": [
                    "Bypass Protection Mechanism",
                    "Hide Activities"
                ],
                "Availability": [
                    "Unreliable Execution"
                ],
                "Confidentiality": [
                    "Other",
                    "Bypass Protection Mechanism",
                    "Hide Activities"
                ]
            },
            "x_capec_execution_flow": "<h2> Execution Flow </h2><div><h3>Experiment</h3><ol><li> <p>An adversary sends TCP packets with all flags set but not associated with an existing connection to target ports.</p></li><li> <p>An adversary uses the response from the target to determine the port's state. If no response is received the port is open. If a RST packet is received then the port is closed.</p></li></ol></div>",
            "x_capec_prerequisites": [
                "The adversary needs logical access to the target network. XMAS scanning requires the use of raw sockets, and thus cannot be performed from some Windows systems (Windows XP SP 2, for example). On Unix and Linux, raw socket manipulations require root privileges."
            ],
            "x_capec_resources_required": [
                "This attack can be carried out with a network mapper or scanner, or via raw socket programming in a scripting language. Packet injection tools are also useful for this purpose. Depending upon the method used it may be necessary to sniff the network in order to see the response."
            ],
            "x_capec_status": "Stable",
            "x_capec_typical_severity": "Low",
            "x_capec_version": "3.6"
        }
    ],
    "spec_version": "2.0",
    "type": "bundle"
}