{
    "id": "bundle--fbac1731-f0ce-42eb-88b9-aad0a5cda4da",
    "objects": [
        {
            "created": "2014-06-23T00:00:00.000Z",
            "created_by_ref": "identity--e50ab59c-5c4f-4d40-bf6a-d58418d89bcd",
            "description": "An attacker exploits the functionality of Microsoft NTFS Alternate Data Streams (ADS) to undermine system security. ADS allows multiple \"files\" to be stored in one directory entry referenced as filename:streamname. One or more alternate data streams may be stored in any file or directory. Normal Microsoft utilities do not show the presence of an ADS stream attached to a file. The additional space for the ADS is not recorded in the displayed file size. The additional space for ADS is accounted for in the used space on the volume. An ADS can be any type of file. ADS are copied by standard Microsoft utilities between NTFS volumes. ADS can be used by an attacker or intruder to hide tools, scripts, and data from detection by normal system utilities. Many anti-virus programs do not check for or scan ADS. Windows Vista does have a switch (-R) on the command line DIR command that will display alternate streams.",
            "external_references": [
                {
                    "external_id": "CAPEC-168",
                    "source_name": "capec",
                    "url": "https://capec.mitre.org/data/definitions/168.html"
                },
                {
                    "external_id": "CWE-212",
                    "source_name": "cwe",
                    "url": "http://cwe.mitre.org/data/definitions/212.html"
                },
                {
                    "external_id": "CWE-69",
                    "source_name": "cwe",
                    "url": "http://cwe.mitre.org/data/definitions/69.html"
                },
                {
                    "description": "Windows alternate data stream",
                    "source_name": "OWASP Attacks",
                    "url": "https://owasp.org/www-community/attacks/Windows_alternate_data_stream"
                }
            ],
            "id": "attack-pattern--0d2d1e18-6e28-4c58-b442-c5450e6c1112",
            "modified": "2020-12-17T00:00:00.000Z",
            "name": "Windows ::DATA Alternate Data Stream",
            "object_marking_refs": [
                "marking-definition--17d82bb2-eeeb-4898-bda5-3ddbcd2b799d"
            ],
            "type": "attack-pattern",
            "x_capec_abstraction": "Detailed",
            "x_capec_child_of_refs": [
                "attack-pattern--7f2c0e10-0afe-4edf-bb23-43d6f29ec932"
            ],
            "x_capec_prerequisites": [
                "The target must be running the Microsoft NTFS file system."
            ],
            "x_capec_resources_required": [
                "The attacker must have command line or programmatic access to the target's files system with write/read permissions."
            ],
            "x_capec_status": "Draft",
            "x_capec_typical_severity": "Medium",
            "x_capec_version": "3.6"
        }
    ],
    "spec_version": "2.0",
    "type": "bundle"
}