{
    "id": "bundle--83ef2006-8ca1-4957-9ca4-6952ecc1f5de",
    "objects": [
        {
            "created": "2014-06-23T00:00:00.000Z",
            "created_by_ref": "identity--e50ab59c-5c4f-4d40-bf6a-d58418d89bcd",
            "description": "An attacker analyzes the data on two or more magnetic strip cards and is able to generate new cards containing valid sequences that allow unauthorized access and/or impersonation of individuals. Often, magnetic strip encoding methods follow a common format for a given system laid out in up to three tracks. A single card may allow access to a corporate office complex shared by multiple companies. By analyzing how the data is stored on a card, it is also possible to create valid cards via brute-force attacks. For example, a single card can grant access to a building, a floor, and a suite number. Reading and analyzing data on multiple cards, then performing a difference analysis between data encoded on three different cards, can reveal clues as to how to generate valid cards that grant access to restricted areas of a building or suites/rooms within that building. Data stored on magstripe cards is often unencrypted, therefore comparing which data changes when two or more cards are analyzed can yield results that aid in determining the structure of the card data. A trivial example would be a common system data format on a data track which binary encodes the suite number of a building that a card will open. By creating multiple cards with differing binary encoded segments it becomes possible to enter unauthorized areas or pass through checkpoints giving the electronic ID of other persons.",
            "external_references": [
                {
                    "external_id": "CAPEC-398",
                    "source_name": "capec",
                    "url": "https://capec.mitre.org/data/definitions/398.html"
                },
                {
                    "description": "Stuart McClure, Joel Scambray, George Kurtz, Hacking Exposed: Network Security Secrets & Solutions (6th Edition), 2009, McGraw Hill",
                    "external_id": "REF-33",
                    "source_name": "reference_from_CAPEC"
                }
            ],
            "id": "attack-pattern--65737f80-588a-449a-af08-0508486d9481",
            "modified": "2019-09-30T00:00:00.000Z",
            "name": "Magnetic Strip Card Brute Force Attacks",
            "object_marking_refs": [
                "marking-definition--17d82bb2-eeeb-4898-bda5-3ddbcd2b799d"
            ],
            "type": "attack-pattern",
            "x_capec_abstraction": "Detailed",
            "x_capec_child_of_refs": [
                "attack-pattern--5e808864-44b1-478c-8cb0-75c55cd51e2b"
            ],
            "x_capec_prerequisites": [
                "The ability to calculate a card checksum and write out a valid checksum value. Some cards are protected by a checksum calculation, therefore it is necessary to determine what algorithm is being used to calculate the checksum and to employ that algorithm to calculate and write a new valid checksum for the card being created."
            ],
            "x_capec_status": "Draft",
            "x_capec_version": "3.6"
        }
    ],
    "spec_version": "2.0",
    "type": "bundle"
}